1.100000000000000000e+01,1.500000000000000000e+01,-3.177845315110240598e+00,-2.230860684974400598e+00,-3.346291027461600720e+01,-2.051937796874078845e+00,-1.609786780604959722e+00,-2.414680170907439560e+01,-3.489463995526946860e-01,-2.927731509929262232e-01,-4.391597264893893460e+00,-1.252833344810111349e+01,-1.501200088115978737e+01,-2.251800132173968052e+02,-5.923478752883157483e+01,-5.294009509620988041e+01,-7.941014264431481706e+02,-8.748580076239644399e+00,-1.080642826040867810e+01,-1.620964239061301839e+02,2.222222222222222099e-01,3.629629629629630427e-01,5.444444444444445530e+00,3.474364115700437905e-01,3.947251708730040720e-01,5.920877563095061191e+00,2.186806212198837696e-01,2.654286286406721262e-01,3.981429429610081616e+00,-3.625684062182819023e-01,-4.950641798984758424e-01,-7.425962698477137636e+00,-2.078199386596679688e-02,-2.378067970275878767e-02,-3.567101955413818359e-01,-1.447030136247412224e-01,-1.914785124190451215e-01,-2.872177686285676934e+00,-2.741039641575727936e-02,-2.570652206801809017e-02,-3.855978310202713422e-01,-1.245710289869278037e-01,-2.059599322908752805e-01,-3.089398984363129319e+00,-1.025861644196167788e+01,-1.069072514712031996e+01,-1.603608772068047870e+02,-2.580631229937757354e+01,-2.559854062804838293e+01,-3.839781094207257297e+02,-7.587727493930573885e+00,-8.853667099043091682e+00,-1.328050064856463734e+02,6.666666666666666297e-01,6.222222222222221211e-01,9.333333333333332149e+00,5.798483433340991811e-01,4.027236553798578256e-01,6.040854830697867328e+00,3.352392795041871376e-01,3.096493598087833310e-01,4.644740397131750242e+00,-3.174643598790916621e-01,-4.492092016528916876e-01,-6.738138024793375536e+00,-1.415920257568359375e-02,-1.935105323791503837e-02,-2.902657985687255859e-01,-2.516736609730984231e+00,-1.452734997425161545e+00,-2.179102496137742406e+01,-3.052830878441368245e+00,-1.399002979109279732e+00,-2.098504468663919553e+01,-3.221017612571454025e-01,-2.540568359180327418e-01,-3.810852538770491016e+00,-3.845455755713139467e+01,-2.912789069425195621e+01,-4.369183604137793395e+02,-6.163726753032744909e+01,-5.260400996917245919e+01,-7.890601495375868808e+02,-1.749847281821403655e+01,-1.329331193022664515e+01,-1.993996789533996719e+02,5.555555555555555802e-01,4.592592592592593115e-01,6.888888888888889284e+00,3.411802639142017535e-01,3.748742840594981862e-01,5.623114260892473126e+00,2.926700092183306401e-01,2.997441528093519048e-01,4.496162292140278183e+00,-4.436053091686473770e-01,-4.722076287318043852e-01,-7.083114430977065723e+00,-8.774709701538085938e-02,-5.327731768290201730e-02,-7.991597652435302734e-01
1.400000000000000000e+01,1.500000000000000000e+01,-2.941289182184695150e+00,-2.360491763053312209e+00,-3.540737644579968446e+01,-2.223322559678001742e+00,-1.460562837170059414e+00,-2.190844255755089165e+01,-1.577596482812385625e-01,-2.772225094139217361e-01,-4.158337641208825985e+00,-2.416207741684594268e+01,-2.366862997119585543e+01,-3.550294495679378315e+02,-6.887268959405756164e+01,-4.660759472210631316e+01,-6.991139208315946689e+02,-8.186602553768587143e+00,-1.016186505385824468e+01,-1.524279758078736791e+02,3.333333333333333148e-01,4.518518518518518379e-01,6.777777777777777679e+00,4.137119195392560123e-01,3.435002520388341085e-01,5.152503780582511794e+00,2.735506472215599727e-01,2.669405317616229123e-01,4.004107976424343462e+00,-4.373244489128081947e-01,-4.722684194377488875e-01,-7.084026291566233091e+00,-4.600405693054199219e-02,-3.661944071451823240e-02,-5.492916107177734375e-01,-1.447030136247412224e-01,-1.914785124190451215e-01,-2.872177686285676934e+00,-2.741039641575727936e-02,-2.570652206801809017e-02,-3.855978310202713422e-01,-1.245710289869278037e-01,-2.025810237530116520e-01,-3.038715356295174974e+00,-1.025861644196167788e+01,-1.069072514712031996e+01,-1.603608772068047870e+02,-2.580631229937757354e+01,-2.559854062804838293e+01,-3.839781094207257297e+02,-7.587727493930573885e+00,-8.661035463320956751e+00,-1.299155319498143513e+02,6.666666666666666297e-01,6.222222222222221211e-01,9.333333333333332149e+00,5.798483433340991811e-01,4.027236553798578256e-01,6.040854830697867328e+00,3.497433341619718417e-01,3.264522956603900239e-01,4.896784434905850247e+00,-3.174643598790916621e-01,-4.492092016528916876e-01,-6.738138024793375536e+00,-1.415920257568359375e-02,-1.935105323791503837e-02,-2.902657985687255859e-01,-3.177845315110240598e+00,-2.230860684974400598e+00,-3.346291027461600720e+01,-3.052830878441368245e+00,-1.609786780604959722e+00,-2.414680170907439560e+01,-3.489463995526946860e-01,-2.927731509929262232e-01,-4.391597264893893460e+00,-3.845455755713139467e+01,-2.912789069425195621e+01,-4.369183604137793395e+02,-6.163726753032744909e+01,-5.294009509620988041e+01,-7.941014264431481706e+02,-1.749847281821403655e+01,-1.329331193022664515e+01,-1.993996789533996719e+02,2.222222222222222099e-01,3.629629629629630427e-01,5.444444444444445530e+00,3.411802639142017535e-01,3.748742840594981862e-01,5.623114260892473126e+00,2.186806212198837696e-01,2.654286286406721262e-01,3.981429429610081616e+00,-4.436053091686473770e-01,-4.950641798984758424e-01,-7.425962698477137636e+00,-8.774709701538085938e-02,-5.327731768290201730e-02,-7.991597652435302734e-01
1.800000000000000000e+01,1.500000000000000000e+01,-1.131156348062750006e+00,-4.459730034374541630e-01,-6.689595051561812333e+00,-8.012935733893614687e-01,-2.266834076189754021e-01,-3.400251114284631004e+00,-2.461625830538702875e-01,-2.573347175415742205e-01,-3.860020763123613641e+00,-3.302794598769719414e+01,-1.602696232794346187e+01,-2.404044349191519245e+02,-5.562047065196338735e+01,-3.191720533943170324e+01,-4.787580800914755628e+02,-7.860011881870509143e+00,-9.159425178773554777e+00,-1.373913776816033305e+02,5.555555555555555802e-01,5.481481481481480511e-01,8.222222222222221433e+00,3.886657390364505749e-01,3.715135960907730572e-01,5.572703941361595525e+00,3.156545128485578333e-01,2.990141572675374393e-01,4.485212359013061700e+00,-5.059684707936926706e-01,-4.927159425324836861e-01,-7.390739137987255347e+00,-3.594779968261718750e-02,-2.116411526997884207e-02,-3.174617290496826172e-01,-1.447030136247412224e-01,-1.914785124190451215e-01,-2.872177686285676934e+00,-2.741039641575727936e-02,-2.570652206801809017e-02,-3.855978310202713422e-01,-1.245710289869278037e-01,-1.689534948190987429e-01,-2.534302422286481171e+00,-8.237082182833450616e+00,-1.069072514712031996e+01,-1.603608772068047870e+02,-2.580631229937757354e+01,-2.559854062804838293e+01,-3.839781094207257297e+02,-6.799496684097546151e+00,-8.661035463320956751e+00,-1.299155319498143513e+02,6.666666666666666297e-01,6.222222222222221211e-01,9.333333333333332149e+00,5.798483433340991811e-01,4.027236553798578256e-01,6.040854830697867328e+00,3.497433341619718417e-01,3.264522956603900239e-01,4.896784434905850247e+00,-3.174643598790916621e-01,-4.492092016528916876e-01,-6.738138024793375536e+00,-1.415920257568359375e-02,-1.935105323791503837e-02,-2.902657985687255859e-01,-3.177845315110240598e+00,-2.360491763053312209e+00,-3.540737644579968446e+01,-3.052830878441368245e+00,-1.609786780604959722e+00,-2.414680170907439560e+01,-3.489463995526946860e-01,-2.927731509929262232e-01,-4.391597264893893460e+00,-3.845455755713139467e+01,-2.912789069425195621e+01,-4.369183604137793395e+02,-6.887268959405756164e+01,-5.294009509620988041e+01,-7.941014264431481706e+02,-1.749847281821403655e+01,-1.329331193022664515e+01,-1.993996789533996719e+02,2.222222222222222099e-01,3.629629629629630427e-01,5.444444444444445530e+00,3.411802639142017535e-01,3.435002520388341085e-01,5.152503780582511794e+00,2.186806212198837696e-01,2.654286286406721262e-01,3.981429429610081616e+00,-4.436053091686473770e-01,-4.950641798984758424e-01,-7.425962698477137636e+00,-8.774709701538085938e-02,-5.327731768290201730e-02,-7.991597652435302734e-01
1.900000000000000000e+01,1.500000000000000000e+01,-1.838355491235874828e+00,-7.112102756036494666e-01,-1.066815413405474189e+01,-1.461004264927688867e+00,-4.564919099572281036e-01,-6.847378649358421221e+00,-2.160432630157728684e-01,-2.775640169714760908e-01,-4.163460254572141750e+00,-2.064613430606691580e+01,-1.625319953584265065e+01,-2.437979930376397704e+02,-5.761131317057103018e+01,-4.778130885810082162e+01,-7.167196328715123173e+02,-8.301309772344589888e+00,-1.171703901780096224e+01,-1.757555852670144247e+02,4.444444444444444198e-01,5.333333333333332149e-01,7.999999999999998224e+00,3.667360708774641820e-01,3.511908112485880862e-01,5.267862168728821182e+00,2.831791511842605136e-01,2.911017881197243695e-01,4.366526821795865487e+00,-5.496879767335867140e-01,-4.627964293464855716e-01,-6.941946440197283685e+00,-3.169322013854980469e-02,-2.740305264790852957e-02,-4.110457897186279297e-01,-1.447030136247412224e-01,-1.914785124190451215e-01,-2.872177686285676934e+00,-2.741039641575727936e-02,-2.570652206801809017e-02,-3.855978310202713422e-01,-1.245710289869278037e-01,-1.689534948190987429e-01,-2.534302422286481171e+00,-8.237082182833450616e+00,-1.069072514712031996e+01,-1.603608772068047870e+02,-2.580631229937757354e+01,-2.559854062804838293e+01,-3.839781094207257297e+02,-6.799496684097546151e+00,-8.661035463320956751e+00,-1.299155319498143513e+02,6.666666666666666297e-01,6.222222222222221211e-01,9.333333333333332149e+00,5.798483433340991811e-01,4.027236553798578256e-01,6.040854830697867328e+00,3.497433341619718417e-01,3.264522956603900239e-01,4.896784434905850247e+00,-3.174643598790916621e-01,-4.492092016528916876e-01,-6.738138024793375536e+00,-1.415920257568359375e-02,-1.935105323791503837e-02,-2.902657985687255859e-01,-3.177845315110240598e+00,-2.360491763053312209e+00,-3.540737644579968446e+01,-3.052830878441368245e+00,-1.609786780604959722e+00,-2.414680170907439560e+01,-3.489463995526946860e-01,-2.927731509929262232e-01,-4.391597264893893460e+00,-3.845455755713139467e+01,-2.912789069425195621e+01,-4.369183604137793395e+02,-6.887268959405756164e+01,-5.294009509620988041e+01,-7.941014264431481706e+02,-1.749847281821403655e+01,-1.329331193022664515e+01,-1.993996789533996719e+02,2.222222222222222099e-01,3.629629629629630427e-01,5.444444444444445530e+00,3.411802639142017535e-01,3.435002520388341085e-01,5.152503780582511794e+00,2.186806212198837696e-01,2.654286286406721262e-01,3.981429429610081616e+00,-5.059684707936926706e-01,-4.950641798984758424e-01,-7.425962698477137636e+00,-8.774709701538085938e-02,-5.327731768290201730e-02,-7.991597652435302734e-01
2.100000000000000000e+01,1.500000000000000000e+01,-1.702076240557073294e+00,-8.736383501571808319e-01,-1.310457525235771215e+01,-8.535741265209331186e-01,-3.565325553968252681e-01,-5.347988330952379243e+00,-1.992409507276213243e-01,-2.445627177978682287e-01,-3.668440766968023237e+00,-2.333639624976375160e+01,-1.518320939587690610e+01,-2.277481409381535968e+02,-5.533903450457260220e+01,-4.436302101392917052e+01,-6.654453152089375862e+02,-7.468646704852652363e+00,-9.321198831087933456e+00,-1.398179824663189947e+02,4.444444444444444198e-01,4.222222222222222210e-01,6.333333333333333037e+00,3.845444494705698713e-01,3.916724918251425214e-01,5.875087377377138154e+00,2.856619781127489599e-01,2.859655759686156595e-01,4.289483639529234615e+00,-4.277366909786620708e-01,-4.952652259648401833e-01,-7.428978389472602473e+00,-2.735495567321777344e-02,-2.241532007853190220e-02,-3.362298011779785156e-01,-1.447030136247412224e-01,-1.914785124190451215e-01,-2.872177686285676934e+00,-2.741039641575727936e-02,-2.570652206801809017e-02,-3.855978310202713422e-01,-1.245710289869278037e-01,-1.689534948190987429e-01,-2.534302422286481171e+00,-8.237082182833450616e+00,-9.882311637759412903e+00,-1.482346745663911918e+02,-2.580631229937757354e+01,-2.559854062804838293e+01,-3.839781094207257297e+02,-6.526341553664066986e+00,-8.370867946720903063e+00,-1.255630192008135424e+02,6.666666666666666297e-01,6.222222222222221211e-01,9.333333333333332149e+00,5.798483433340991811e-01,4.027236553798578256e-01,6.040854830697867328e+00,3.497433341619718417e-01,3.264522956603900239e-01,4.896784434905850247e+00,-3.174643598790916621e-01,-4.492092016528916876e-01,-6.738138024793375536e+00,-1.415920257568359375e-02,-1.935105323791503837e-02,-2.902657985687255859e-01,-3.177845315110240598e+00,-2.360491763053312209e+00,-3.540737644579968446e+01,-3.052830878441368245e+00,-1.609786780604959722e+00,-2.414680170907439560e+01,-3.489463995526946860e-01,-2.927731509929262232e-01,-4.391597264893893460e+00,-3.845455755713139467e+01,-2.912789069425195621e+01,-4.369183604137793395e+02,-6.887268959405756164e+01,-5.294009509620988041e+01,-7.941014264431481706e+02,-1.749847281821403655e+01,-1.329331193022664515e+01,-1.993996789533996719e+02,2.222222222222222099e-01,3.629629629629630427e-01,5.444444444444445530e+00,3.411802639142017535e-01,3.435002520388341085e-01,5.152503780582511794e+00,2.186806212198837696e-01,2.654286286406721262e-01,3.981429429610081616e+00,-5.496879767335867140e-01,-4.950641798984758424e-01,-7.425962698477137636e+00,-8.774709701538085938e-02,-5.327731768290201730e-02,-7.991597652435302734e-01
2.300000000000000000e+01,1.500000000000000000e+01,-3.152153122807470176e+00,-1.759187707982428517e+00,-2.638781561973642908e+01,-2.641030799884352298e+00,-9.853939115075938115e-01,-1.478090867261390784e+01,-2.939550429597249659e-01,-3.024711311263116875e-01,-4.537066966894675701e+00,-1.385534964974302241e+01,-1.278223591013209948e+01,-1.917335386519814904e+02,-6.054066629755784845e+01,-5.318099825525542457e+01,-7.977149738288313756e+02,-8.371951152539725882e+00,-9.975182134318098193e+00,-1.496277320147714818e+02,3.333333333333333148e-01,3.037037037037036979e-01,4.555555555555555358e+00,3.345923683674578708e-01,3.626327264107611081e-01,5.439490896161416345e+00,2.449010255598311758e-01,2.549994028931518719e-01,3.824991043397278023e+00,-4.800670363168545451e-01,-4.731270977614179807e-01,-7.096906466421269322e+00,-1.757478713989257812e-02,-2.142111460367838657e-02,-3.213167190551757812e-01,-1.447030136247412224e-01,-1.914785124190451215e-01,-2.872177686285676934e+00,-2.741039641575727936e-02,-2.570652206801809017e-02,-3.855978310202713422e-01,-1.245710289869278037e-01,-1.689534948190987429e-01,-2.534302422286481171e+00,-8.237082182833450616e+00,-9.882311637759412903e+00,-1.482346745663911918e+02,-2.580631229937757354e+01,-2.559854062804838293e+01,-3.839781094207257297e+02,-6.526341553664066986e+00,-8.370867946720903063e+00,-1.255630192008135424e+02,6.666666666666666297e-01,6.222222222222221211e-01,9.333333333333332149e+00,5.798483433340991811e-01,4.027236553798578256e-01,6.040854830697867328e+00,3.497433341619718417e-01,3.264522956603900239e-01,4.896784434905850247e+00,-3.174643598790916621e-01,-4.479525279344963584e-01,-6.719287919017445709e+00,-1.415920257568359375e-02,-1.935105323791503837e-02,-2.902657985687255859e-01,-3.177845315110240598e+00,-2.360491763053312209e+00,-3.540737644579968446e+01,-3.052830878441368245e+00,-1.609786780604959722e+00,-2.414680170907439560e+01,-3.489463995526946860e-01,-2.927731509929262232e-01,-4.391597264893893460e+00,-3.845455755713139467e+01,-2.912789069425195621e+01,-4.369183604137793395e+02,-6.887268959405756164e+01,-5.294009509620988041e+01,-7.941014264431481706e+02,-1.749847281821403655e+01,-1.329331193022664515e+01,-1.993996789533996719e+02,2.222222222222222099e-01,3.629629629629630427e-01,5.444444444444445530e+00,3.411802639142017535e-01,3.435002520388341085e-01,5.152503780582511794e+00,2.186806212198837696e-01,2.654286286406721262e-01,3.981429429610081616e+00,-5.496879767335867140e-01,-4.952652259648401833e-01,-7.428978389472602473e+00,-8.774709701538085938e-02,-5.327731768290201730e-02,-7.991597652435302734e-01
2.500000000000000000e+01,1.500000000000000000e+01,-7.286317395211138193e-01,-6.172663578767785264e-01,-9.258995368151678562e+00,-3.107817164222062001e-01,-1.904399020045476065e-01,-2.856598530068214181e+00,-2.022146197837112469e-01,-2.294572925393265073e-01,-3.441859388089897553e+00,-1.671761141899389003e+01,-1.477592692327284496e+01,-2.216389038490926850e+02,-6.001774910623925052e+01,-5.063897016971829146e+01,-7.595845525457743861e+02,-7.571378922178408466e+00,-9.062920821546573080e+00,-1.359438123231985855e+02,3.333333333333333148e-01,4.814814814814814548e-01,7.222222222222221433e+00,4.630410415107389377e-01,3.918648877381624152e-01,5.877973316072436560e+00,2.882042341397512142e-01,2.925685907154028098e-01,4.388528860731041981e+00,-5.588976076418170624e-01,-5.071514031559332114e-01,-7.607271047338997505e+00,-2.435421943664550781e-02,-2.333181699117024832e-02,-3.499772548675537109e-01,-1.447030136247412224e-01,-1.914785124190451215e-01,-2.872177686285676934e+00,-2.741039641575727936e-02,-2.570652206801809017e-02,-3.855978310202713422e-01,-1.245710289869278037e-01,-1.689534948190987429e-01,-2.534302422286481171e+00,-8.237082182833450616e+00,-9.882311637759412903e+00,-1.482346745663911918e+02,-2.580631229937757354e+01,-2.559854062804838293e+01,-3.839781094207257297e+02,-6.480228348852550724e+00,-8.370867946720903063e+00,-1.255630192008135424e+02,6.666666666666666297e-01,6.222222222222221211e-01,9.333333333333332149e+00,5.798483433340991811e-01,4.027236553798578256e-01,6.040854830697867328e+00,3.497433341619718417e-01,3.264522956603900239e-01,4.896784434905850247e+00,-3.174643598790916621e-01,-4.479525279344963584e-01,-6.719287919017445709e+00,-1.415920257568359375e-02,-1.935105323791503837e-02,-2.902657985687255859e-01,-3.177845315110240598e+00,-2.360491763053312209e+00,-3.540737644579968446e+01,-3.052830878441368245e+00,-1.609786780604959722e+00,-2.414680170907439560e+01,-3.489463995526946860e-01,-3.024711311263116875e-01,-4.537066966894675701e+00,-3.845455755713139467e+01,-2.912789069425195621e+01,-4.369183604137793395e+02,-6.887268959405756164e+01,-5.318099825525542457e+01,-7.977149738288313756e+02,-1.749847281821403655e+01,-1.329331193022664515e+01,-1.993996789533996719e+02,2.222222222222222099e-01,3.037037037037036979e-01,4.555555555555555358e+00,3.345923683674578708e-01,3.435002520388341085e-01,5.152503780582511794e+00,2.186806212198837696e-01,2.549994028931518719e-01,3.824991043397278023e+00,-5.496879767335867140e-01,-4.952652259648401833e-01,-7.428978389472602473e+00,-8.774709701538085938e-02,-5.327731768290201730e-02,-7.991597652435302734e-01
2.900000000000000000e+01,1.500000000000000000e+01,-1.223447720701448915e+00,-6.949746813043249372e-01,-1.042462021956487384e+01,-7.992741390560380577e-01,-2.158692905694987174e-01,-3.238039358542480706e+00,-2.313578418790736557e-01,-2.538661617004280280e-01,-3.807992425506420808e+00,-1.792220327894617427e+01,-1.923376057336455958e+01,-2.885064086004683759e+02,-7.002954807126138803e+01,-5.344210642750385176e+01,-8.016315964125577693e+02,-6.730198062530110548e+00,-8.922663285469001337e+00,-1.338399492820350076e+02,5.555555555555555802e-01,4.962962962962962910e-01,7.444444444444444642e+00,4.030459745991550879e-01,3.776983193844196118e-01,5.665474790766293900e+00,2.900152188891260696e-01,2.867123174100764116e-01,4.300684761151146063e+00,-5.376469309268948615e-01,-5.137669461286157313e-01,-7.706504191929236747e+00,-2.486991882324218750e-02,-2.593089739481608050e-02,-3.889634609222412109e-01,-1.447030136247412224e-01,-1.914785124190451215e-01,-2.872177686285676934e+00,-2.741039641575727936e-02,-2.570652206801809017e-02,-3.855978310202713422e-01,-1.245710289869278037e-01,-1.689534948190987429e-01,-2.534302422286481171e+00,-8.237082182833450616e+00,-9.882311637759412903e+00,-1.482346745663911918e+02,-2.580631229937757354e+01,-2.559854062804838293e+01,-3.839781094207257297e+02,-6.480228348852550724e+00,-8.370867946720903063e+00,-1.255630192008135424e+02,6.666666666666666297e-01,6.222222222222221211e-01,9.333333333333332149e+00,5.798483433340991811e-01,4.027236553798578256e-01,6.040854830697867328e+00,3.497433341619718417e-01,3.264522956603900239e-01,4.896784434905850247e+00,-3.174643598790916621e-01,-4.479525279344963584e-01,-6.719287919017445709e+00,-1.415920257568359375e-02,-1.935105323791503837e-02,-2.902657985687255859e-01,-3.177845315110240598e+00,-2.360491763053312209e+00,-3.540737644579968446e+01,-3.052830878441368245e+00,-1.609786780604959722e+00,-2.414680170907439560e+01,-3.489463995526946860e-01,-3.024711311263116875e-01,-4.537066966894675701e+00,-3.845455755713139467e+01,-2.912789069425195621e+01,-4.369183604137793395e+02,-6.887268959405756164e+01,-5.318099825525542457e+01,-7.977149738288313756e+02,-1.749847281821403655e+01,-1.329331193022664515e+01,-1.993996789533996719e+02,2.222222222222222099e-01,3.037037037037036979e-01,4.555555555555555358e+00,3.345923683674578708e-01,3.435002520388341085e-01,5.152503780582511794e+00,2.186806212198837696e-01,2.549994028931518719e-01,3.824991043397278023e+00,-5.588976076418170624e-01,-5.071514031559332114e-01,-7.607271047338997505e+00,-8.774709701538085938e-02,-5.327731768290201730e-02,-7.991597652435302734e-01
3.600000000000000000e+01,1.500000000000000000e+01,-8.408516874666314145e-01,-1.108513437352615982e+00,-1.662770156028923907e+01,-6.788137340548281440e-01,-5.613991298326901358e-01,-8.420986947490352037e+00,-2.405384578117878702e-01,-4.043020621608937049e-01,-6.064530932413405573e+00,-2.068326929111229617e+01,-1.937392567634418228e+01,-2.906088851451627306e+02,-5.426161903860521818e+01,-5.119710182908588791e+01,-7.679565274362882974e+02,-7.759187120577118790e+00,-1.183246597359915064e+01,-1.774869896039872685e+02,5.555555555555555802e-01,3.703703703703703498e-01,5.555555555555555358e+00,3.674386065045808780e-01,3.694363816098907849e-01,5.541545724148361884e+00,2.688863925850467629e-01,2.643106462973217607e-01,3.964659694459826245e+00,-5.613321438431739807e-03,-2.984905575091640340e-01,-4.477358362637460232e+00,-2.687501907348632812e-02,-2.546030680338541574e-02,-3.819046020507812500e-01,-1.447030136247412224e-01,-1.857104576777119653e-01,-2.785656865165679452e+00,-2.741039641575727936e-02,-2.570652206801809017e-02,-3.855978310202713422e-01,-1.245710289869278037e-01,-1.689534948190987429e-01,-2.534302422286481171e+00,-8.237082182833450616e+00,-9.882311637759412903e+00,-1.482346745663911918e+02,-5.239298885489608537e+00,-2.062657788868456965e+00,-3.093986683302685492e+01,-6.069833966323704644e+00,-8.370867946720903063e+00,-1.255630192008135424e+02,6.666666666666666297e-01,6.962962962962963021e-01,1.044444444444444464e+01,5.798483433340991811e-01,4.127730791441007741e-01,6.191596187161511722e+00,3.497433341619718417e-01,3.264522956603900239e-01,4.896784434905850247e+00,-0.000000000000000000e+00,-4.530265471694292639e-02,-6.795398207541438751e-01,-1.415920257568359375e-02,-1.927413940429687639e-02,-2.891120910644531250e-01,-3.177845315110240598e+00,-2.360491763053312209e+00,-3.540737644579968446e+01,-3.052830878441368245e+00,-1.609786780604959722e+00,-2.414680170907439560e+01,-3.489463995526946860e-01,-3.024711311263116875e-01,-4.537066966894675701e+00,-3.845455755713139467e+01,-2.912789069425195621e+01,-4.369183604137793395e+02,-7.002954807126138803e+01,-5.344210642750385176e+01,-8.016315964125577693e+02,-1.749847281821403655e+01,-1.329331193022664515e+01,-1.993996789533996719e+02,2.222222222222222099e-01,3.037037037037036979e-01,4.555555555555555358e+00,3.345923683674578708e-01,3.435002520388341085e-01,5.152503780582511794e+00,2.186806212198837696e-01,2.549994028931518719e-01,3.824991043397278023e+00,-5.588976076418170624e-01,-5.137669461286157313e-01,-7.706504191929236747e+00,-8.774709701538085938e-02,-5.327731768290201730e-02,-7.991597652435302734e-01
3.900000000000000000e+01,1.500000000000000000e+01,-2.230475681685020639e+00,-1.956602599771751327e+00,-2.934903899657626880e+01,-1.933338151585644926e+00,-1.739454726407947849e+00,-2.609182089611921640e+01,-1.984246037186163658e-01,-2.804617418735567136e-01,-4.206926128103350315e+00,-3.899086170956740460e+01,-2.892974689130156563e+01,-4.339462033695234595e+02,-6.215188363905325986e+01,-5.567439027564212495e+01,-8.351158541346318316e+02,-8.522707560852264663e+00,-1.077527760247108901e+01,-1.616291640370663458e+02,5.555555555555555802e-01,5.037037037037036535e-01,7.555555555555554470e+00,4.759018217475325940e-01,4.065082755415166949e-01,6.097624133122750756e+00,3.476424846840733274e-01,3.079413946262651303e-01,4.619120919393976621e+00,-5.099577829241752625e-03,-3.067627692905565140e-01,-4.601441539358347654e+00,-6.779909133911132812e-02,-5.916075706481933871e-02,-8.874113559722900391e-01,-1.447030136247412224e-01,-1.857104576777119653e-01,-2.785656865165679452e+00,-2.741039641575727936e-02,-2.570652206801809017e-02,-3.855978310202713422e-01,-1.245710289869278037e-01,-1.689534948190987429e-01,-2.534302422286481171e+00,-8.237082182833450616e+00,-9.882311637759412903e+00,-1.482346745663911918e+02,-5.239298885489608537e+00,-2.062657788868456965e+00,-3.093986683302685492e+01,-6.069833966323704644e+00,-8.370867946720903063e+00,-1.255630192008135424e+02,6.666666666666666297e-01,6.962962962962963021e-01,1.044444444444444464e+01,5.798483433340991811e-01,4.127730791441007741e-01,6.191596187161511722e+00,3.497433341619718417e-01,3.264522956603900239e-01,4.896784434905850247e+00,-0.000000000000000000e+00,-4.530265471694292639e-02,-6.795398207541438751e-01,-1.415920257568359375e-02,-1.927413940429687639e-02,-2.891120910644531250e-01,-3.177845315110240598e+00,-2.360491763053312209e+00,-3.540737644579968446e+01,-3.052830878441368245e+00,-1.609786780604959722e+00,-2.414680170907439560e+01,-3.489463995526946860e-01,-4.043020621608937049e-01,-6.064530932413405573e+00,-3.845455755713139467e+01,-2.912789069425195621e+01,-4.369183604137793395e+02,-7.002954807126138803e+01,-5.344210642750385176e+01,-8.016315964125577693e+02,-1.749847281821403655e+01,-1.329331193022664515e+01,-1.993996789533996719e+02,2.222222222222222099e-01,3.037037037037036979e-01,4.555555555555555358e+00,3.345923683674578708e-01,3.435002520388341085e-01,5.152503780582511794e+00,2.186806212198837696e-01,2.549994028931518719e-01,3.824991043397278023e+00,-5.588976076418170624e-01,-5.137669461286157313e-01,-7.706504191929236747e+00,-8.774709701538085938e-02,-5.327731768290201730e-02,-7.991597652435302734e-01
4.200000000000000000e+01,1.500000000000000000e+01,-3.328793725624175526e+00,-3.144580288606007468e+00,-4.716870432909011157e+01,-3.088786496270971682e+00,-2.850715391374609275e+00,-4.276073087061914180e+01,-4.564434887997319557e-01,-3.955856123161930471e-01,-5.933784184742895818e+00,-2.946971038172443613e+01,-2.798874764611558419e+01,-4.198312146917337486e+02,-6.912090051073883501e+01,-6.183085100852630944e+01,-9.274627651278946132e+02,-9.015967339618667253e+00,-1.628603803236078207e+01,-2.442905704854117062e+02,1.111111111111111049e-01,4.074074074074073848e-01,6.111111111111110716e+00,3.320648817686823184e-01,3.642300675665482990e-01,5.463451013498224818e+00,2.329467357087640356e-01,2.805828762101152396e-01,4.208743143151728816e+00,-3.097928361967206001e-02,-3.248356105759739876e-01,-4.872534158639609814e+00,-9.211707115173339844e-02,-9.725445111592610770e-02,-1.458816766738891602e+00,-1.447030136247412224e-01,-1.857104576777119653e-01,-2.785656865165679452e+00,-2.741039641575727936e-02,-2.570652206801809017e-02,-3.855978310202713422e-01,-1.245710289869278037e-01,-1.689534948190987429e-01,-2.534302422286481171e+00,-8.237082182833450616e+00,-9.882311637759412903e+00,-1.482346745663911918e+02,-5.239298885489608537e+00,-2.062657788868456965e+00,-3.093986683302685492e+01,-6.069833966323704644e+00,-8.370867946720903063e+00,-1.255630192008135424e+02,6.666666666666666297e-01,6.962962962962963021e-01,1.044444444444444464e+01,5.798483433340991811e-01,4.127730791441007741e-01,6.191596187161511722e+00,3.497433341619718417e-01,3.264522956603900239e-01,4.896784434905850247e+00,-0.000000000000000000e+00,-4.530265471694292639e-02,-6.795398207541438751e-01,-1.415920257568359375e-02,-1.927413940429687639e-02,-2.891120910644531250e-01,-3.177845315110240598e+00,-2.360491763053312209e+00,-3.540737644579968446e+01,-3.052830878441368245e+00,-1.739454726407947849e+00,-2.609182089611921640e+01,-3.489463995526946860e-01,-4.043020621608937049e-01,-6.064530932413405573e+00,-3.899086170956740460e+01,-2.912789069425195621e+01,-4.369183604137793395e+02,-7.002954807126138803e+01,-5.567439027564212495e+01,-8.351158541346318316e+02,-1.749847281821403655e+01,-1.329331193022664515e+01,-1.993996789533996719e+02,2.222222222222222099e-01,3.037037037037036979e-01,4.555555555555555358e+00,3.345923683674578708e-01,3.435002520388341085e-01,5.152503780582511794e+00,2.186806212198837696e-01,2.549994028931518719e-01,3.824991043397278023e+00,-5.588976076418170624e-01,-5.137669461286157313e-01,-7.706504191929236747e+00,-8.774709701538085938e-02,-5.916075706481933871e-02,-8.874113559722900391e-01
4.300000000000000000e+01,1.500000000000000000e+01,-2.114317183486644769e+00,-2.268903430468720117e+00,-3.403355145703080353e+01,-3.020923258950923174e+00,-2.872802622905784364e+00,-4.309203934358676236e+01,-2.883233931891098223e-01,-3.265991080192301999e-01,-4.898986620288453331e+00,-2.434923656026029803e+01,-2.694216177797954970e+01,-4.041324266696932455e+02,-5.388793459969290467e+01,-5.235971123896409551e+01,-7.853956685844614185e+02,-1.087410121068482205e+01,-1.688572001380866894e+01,-2.532858002071300234e+02,5.555555555555555802e-01,4.222222222222222210e-01,6.333333333333333037e+00,3.142969635759546021e-01,3.771733294131131009e-01,5.657599941196696847e+00,2.659884100313976152e-01,2.842060950431096744e-01,4.263091425646645227e+00,-7.855201140046119690e-03,-2.930017778339485401e-01,-4.395026667509227991e+00,-7.478404045104980469e-02,-1.099606990814208929e-01,-1.649410486221313477e+00,-1.447030136247412224e-01,-1.857104576777119653e-01,-2.785656865165679452e+00,-2.741039641575727936e-02,-2.570652206801809017e-02,-3.855978310202713422e-01,-1.245710289869278037e-01,-1.689534948190987429e-01,-2.534302422286481171e+00,-8.237082182833450616e+00,-9.882311637759412903e+00,-1.482346745663911918e+02,-5.239298885489608537e+00,-2.062657788868456965e+00,-3.093986683302685492e+01,-6.069833966323704644e+00,-8.370867946720903063e+00,-1.255630192008135424e+02,6.666666666666666297e-01,6.962962962962963021e-01,1.044444444444444464e+01,5.798483433340991811e-01,4.127730791441007741e-01,6.191596187161511722e+00,3.497433341619718417e-01,3.264522956603900239e-01,4.896784434905850247e+00,-0.000000000000000000e+00,-4.530265471694292639e-02,-6.795398207541438751e-01,-1.415920257568359375e-02,-1.927413940429687639e-02,-2.891120910644531250e-01,-3.328793725624175526e+00,-3.144580288606007468e+00,-4.716870432909011157e+01,-3.088786496270971682e+00,-2.850715391374609275e+00,-4.276073087061914180e+01,-4.564434887997319557e-01,-4.043020621608937049e-01,-6.064530932413405573e+00,-3.899086170956740460e+01,-2.912789069425195621e+01,-4.369183604137793395e+02,-7.002954807126138803e+01,-6.183085100852630944e+01,-9.274627651278946132e+02,-1.749847281821403655e+01,-1.628603803236078207e+01,-2.442905704854117062e+02,1.111111111111111049e-01,3.037037037037036979e-01,4.555555555555555358e+00,3.320648817686823184e-01,3.435002520388341085e-01,5.152503780582511794e+00,2.186806212198837696e-01,2.549994028931518719e-01,3.824991043397278023e+00,-5.588976076418170624e-01,-5.137669461286157313e-01,-7.706504191929236747e+00,-9.211707115173339844e-02,-9.725445111592610770e-02,-1.458816766738891602e+00
4.800000000000000000e+01,1.500000000000000000e+01,-2.676321755204233988e+00,-2.381905891654826135e+00,-3.572858837482239380e+01,-3.275950225497840762e+00,-2.699086838001860222e+00,-4.048630257002790245e+01,-4.407791083743352600e-01,-3.187890775743802418e-01,-4.781836163615703406e+00,-2.556537425336484048e+01,-2.882483084061668421e+01,-4.323724626092502490e+02,-5.740971303225903455e+01,-5.514485690570995757e+01,-8.271728535856493636e+02,-1.023736043586722033e+01,-1.456055569935712768e+01,-2.184083354903569045e+02,3.333333333333333148e-01,4.444444444444444753e-01,6.666666666666666963e+00,3.212073137425446867e-01,3.725616309110222346e-01,5.588424463665333519e+00,2.405884036126239023e-01,2.754577375195141342e-01,4.131866062792711958e+00,-3.220158070325851440e-02,-3.082394982377688053e-01,-4.623592473566532135e+00,-1.129047870635986328e-01,-1.033414681752522768e-01,-1.550122022628784180e+00,-1.447030136247412224e-01,-1.857104576777119653e-01,-2.785656865165679452e+00,-2.741039641575727936e-02,-2.570652206801809017e-02,-3.855978310202713422e-01,-6.980727561477877152e-02,-1.689534948190987429e-01,-2.534302422286481171e+00,-8.237082182833450616e+00,-9.882311637759412903e+00,-1.482346745663911918e+02,-5.239298885489608537e+00,-2.062657788868456965e+00,-3.093986683302685492e+01,-6.069833966323704644e+00,-8.370867946720903063e+00,-1.255630192008135424e+02,6.666666666666666297e-01,6.962962962962963021e-01,1.044444444444444464e+01,5.798483433340991811e-01,4.127730791441007741e-01,6.191596187161511722e+00,3.497433341619718417e-01,3.264522956603900239e-01,4.896784434905850247e+00,-0.000000000000000000e+00,-4.530265471694292639e-02,-6.795398207541438751e-01,-1.415920257568359375e-02,-1.927413940429687639e-02,-2.891120910644531250e-01,-3.328793725624175526e+00,-3.144580288606007468e+00,-4.716870432909011157e+01,-3.088786496270971682e+00,-2.872802622905784364e+00,-4.309203934358676236e+01,-4.564434887997319557e-01,-4.043020621608937049e-01,-6.064530932413405573e+00,-3.899086170956740460e+01,-2.912789069425195621e+01,-4.369183604137793395e+02,-7.002954807126138803e+01,-6.183085100852630944e+01,-9.274627651278946132e+02,-1.749847281821403655e+01,-1.688572001380866894e+01,-2.532858002071300234e+02,1.111111111111111049e-01,3.037037037037036979e-01,4.555555555555555358e+00,3.142969635759546021e-01,3.435002520388341085e-01,5.152503780582511794e+00,2.186806212198837696e-01,2.549994028931518719e-01,3.824991043397278023e+00,-5.588976076418170624e-01,-5.137669461286157313e-01,-7.706504191929236747e+00,-9.211707115173339844e-02,-1.099606990814208929e-01,-1.649410486221313477e+00
4.900000000000000000e+01,1.500000000000000000e+01,-6.956796765332899923e-01,-7.868936500813813462e-01,-1.180340475122071986e+01,-5.222979485374290576e-01,-4.452584782489676929e-01,-6.678877173734515615e+00,-1.733566209608229103e-01,-2.352392830222282127e-01,-3.528589245333423108e+00,-1.718657356451011253e+01,-1.684431754862270481e+01,-2.526647632293405650e+02,-5.466676441868069958e+01,-5.196540654449700725e+01,-7.794810981674551158e+02,-9.220994452899786253e+00,-9.927455014349350293e+00,-1.489118252152402420e+02,2.222222222222222099e-01,3.333333333333333148e-01,5.000000000000000000e+00,4.764725109119986590e-01,4.015089070901405877e-01,6.022633606352108870e+00,2.293908235136259133e-01,2.448370923135126109e-01,3.672556384702688970e+00,-8.169000037014484406e-03,-2.777002913877367751e-01,-4.165504370816051960e+00,-1.745820045471191406e-02,-2.420867284138997558e-02,-3.631300926208496094e-01,-1.447030136247412224e-01,-1.857104576777119653e-01,-2.785656865165679452e+00,-2.741039641575727936e-02,-2.570652206801809017e-02,-3.855978310202713422e-01,-6.980727561477877152e-02,-1.689534948190987429e-01,-2.534302422286481171e+00,-8.237082182833450616e+00,-9.882311637759412903e+00,-1.482346745663911918e+02,-5.239298885489608537e+00,-2.062657788868456965e+00,-3.093986683302685492e+01,-6.069833966323704644e+00,-8.370867946720903063e+00,-1.255630192008135424e+02,6.666666666666666297e-01,6.962962962962963021e-01,1.044444444444444464e+01,5.798483433340991811e-01,4.127730791441007741e-01,6.191596187161511722e+00,3.497433341619718417e-01,3.264522956603900239e-01,4.896784434905850247e+00,-0.000000000000000000e+00,-4.530265471694292639e-02,-6.795398207541438751e-01,-1.415920257568359375e-02,-1.927413940429687639e-02,-2.891120910644531250e-01,-3.328793725624175526e+00,-3.144580288606007468e+00,-4.716870432909011157e+01,-3.275950225497840762e+00,-2.872802622905784364e+00,-4.309203934358676236e+01,-4.564434887997319557e-01,-4.043020621608937049e-01,-6.064530932413405573e+00,-3.899086170956740460e+01,-2.912789069425195621e+01,-4.369183604137793395e+02,-7.002954807126138803e+01,-6.183085100852630944e+01,-9.274627651278946132e+02,-1.749847281821403655e+01,-1.688572001380866894e+01,-2.532858002071300234e+02,1.111111111111111049e-01,3.037037037037036979e-01,4.555555555555555358e+00,3.142969635759546021e-01,3.435002520388341085e-01,5.152503780582511794e+00,2.186806212198837696e-01,2.549994028931518719e-01,3.824991043397278023e+00,-5.588976076418170624e-01,-5.137669461286157313e-01,-7.706504191929236747e+00,-1.129047870635986328e-01,-1.099606990814208929e-01,-1.649410486221313477e+00
6.700000000000000000e+01,1.500000000000000000e+01,-2.921441752378378887e+00,-2.566981223879120311e+00,-3.850471835818680688e+01,-3.427080706538053079e+00,-3.024781110230502446e+00,-4.537171665345753979e+01,-2.204353780255991213e-01,-3.123401822054300836e-01,-4.685102733081451198e+00,-4.705084014155638528e+01,-4.528660243666352869e+01,-6.792990365499529162e+02,-5.158109642301356956e+01,-4.997899329766400456e+01,-7.496848994649600399e+02,-1.065796180087069800e+01,-1.347135579090942237e+01,-2.020703368636413302e+02,5.555555555555555802e-01,5.925925925925926707e-01,8.888888888888889284e+00,4.083725629718154559e-01,3.633348450063296764e-01,5.450022675094944979e+00,3.336584154506015976e-01,3.126035646977408100e-01,4.689053470466111762e+00,-1.480327825993299484e-02,-2.586401385565598732e-01,-3.879602078348398209e+00,-1.232659816741943359e-01,-1.197805881500244168e-01,-1.796708822250366211e+00,-1.447030136247412224e-01,-1.857104576777119653e-01,-2.785656865165679452e+00,-2.741039641575727936e-02,-2.570652206801809017e-02,-3.855978310202713422e-01,-6.980727561477877152e-02,-1.689534948190987429e-01,-1.179225221361100306e+00,-8.237082182833450616e+00,-9.882311637759412903e+00,-9.959408923948416259e+01,-5.239298885489608537e+00,-2.062657788868456965e+00,-3.093986683302685492e+01,-6.069833966323704644e+00,-8.370867946720903063e+00,-6.824950113658054818e+01,1.000000000000000000e+00,7.777777777777777901e-01,1.166666666666666607e+01,5.798483433340991811e-01,4.390418676264365994e-01,6.585628014396548657e+00,4.006113670160591500e-01,3.850021817146919156e-01,5.775032725720378401e+00,-0.000000000000000000e+00,-4.530265471694292639e-02,-6.795398207541438751e-01,-1.415920257568359375e-02,-1.927413940429687639e-02,-2.009041309356689453e-01,-3.328793725624175526e+00,-3.144580288606007468e+00,-4.716870432909011157e+01,-3.275950225497840762e+00,-2.872802622905784364e+00,-4.309203934358676236e+01,-4.564434887997319557e-01,-4.043020621608937049e-01,-6.064530932413405573e+00,-3.899086170956740460e+01,-2.912789069425195621e+01,-4.369183604137793395e+02,-7.002954807126138803e+01,-6.183085100852630944e+01,-9.274627651278946132e+02,-1.749847281821403655e+01,-1.688572001380866894e+01,-2.532858002071300234e+02,1.111111111111111049e-01,3.037037037037036979e-01,4.555555555555555358e+00,3.142969635759546021e-01,3.435002520388341085e-01,5.152503780582511794e+00,2.186806212198837696e-01,2.448370923135126109e-01,3.672556384702688970e+00,-5.588976076418170624e-01,-5.137669461286157313e-01,-7.706504191929236747e+00,-1.129047870635986328e-01,-1.099606990814208929e-01,-1.649410486221313477e+00
7.900000000000000000e+01,1.500000000000000000e+01,-2.853070141200946708e+00,-2.699661147357171664e+00,-4.049491721035757763e+01,-3.190941127833093915e+00,-3.057973881969003660e+00,-4.586960822953505357e+01,-4.199058141260990085e-01,-3.423110988777154362e-01,-5.134666483165731599e+00,-5.150170393530034829e+01,-4.719012787770319761e+01,-7.078519181655479997e+02,-5.941768379779758646e+01,-5.642271273158390699e+01,-8.463406909737585693e+02,-1.472967157192650589e+01,-1.405698877124237001e+01,-2.108548315686355465e+02,5.555555555555555802e-01,6.888888888888888840e-01,1.033333333333333393e+01,3.077723347373332863e-01,3.369598962212255189e-01,5.054398443318382839e+00,2.870513784606323338e-01,3.062603031543097432e-01,4.593904547314646258e+00,-2.490949817001819611e-03,-2.622670057735982940e-01,-3.934005086603974632e+00,-1.292049884796142578e-01,-1.208712100982665960e-01,-1.813068151473999023e+00,-1.447030136247412224e-01,-1.857104576777119653e-01,-2.785656865165679452e+00,-2.741039641575727936e-02,-2.570652206801809017e-02,-3.855978310202713422e-01,-6.980727561477877152e-02,-1.689534948190987429e-01,-1.179225221361100306e+00,-8.237082182833450616e+00,-9.882311637759412903e+00,-9.959408923948416259e+01,-5.239298885489608537e+00,-2.062657788868456965e+00,-3.093986683302685492e+01,-6.069833966323704644e+00,-8.370867946720903063e+00,-6.824950113658054818e+01,1.000000000000000000e+00,7.777777777777777901e-01,1.166666666666666607e+01,5.798483433340991811e-01,4.390418676264365994e-01,6.585628014396548657e+00,4.006113670160591500e-01,3.850021817146919156e-01,5.775032725720378401e+00,-0.000000000000000000e+00,-4.530265471694292639e-02,-6.795398207541438751e-01,-1.415920257568359375e-02,-1.927413940429687639e-02,-2.009041309356689453e-01,-3.328793725624175526e+00,-3.144580288606007468e+00,-4.716870432909011157e+01,-3.427080706538053079e+00,-3.024781110230502446e+00,-4.537171665345753979e+01,-4.564434887997319557e-01,-4.043020621608937049e-01,-6.064530932413405573e+00,-4.705084014155638528e+01,-4.528660243666352869e+01,-6.792990365499529162e+02,-7.002954807126138803e+01,-6.183085100852630944e+01,-9.274627651278946132e+02,-1.749847281821403655e+01,-1.688572001380866894e+01,-2.532858002071300234e+02,1.111111111111111049e-01,3.037037037037036979e-01,4.555555555555555358e+00,3.142969635759546021e-01,3.435002520388341085e-01,5.152503780582511794e+00,2.186806212198837696e-01,2.448370923135126109e-01,3.672556384702688970e+00,-5.588976076418170624e-01,-5.137669461286157313e-01,-7.706504191929236747e+00,-1.232659816741943359e-01,-1.197805881500244168e-01,-1.796708822250366211e+00
8.000000000000000000e+01,1.500000000000000000e+01,-3.136809145318233405e+00,-2.649759143127814021e+00,-3.974638714691720764e+01,-3.433272531464433008e+00,-3.052706400087267458e+00,-4.579059600130901231e+01,-2.622088638734076382e-01,-3.098600883912102644e-01,-4.647901325868153855e+00,-5.252024106091484157e+01,-4.882677546107913003e+01,-7.324016319161869433e+02,-5.748692384297376634e+01,-5.902757466114399421e+01,-8.854136199171599628e+02,-1.304677467669532120e+01,-1.284008436699203237e+01,-1.926012655048804731e+02,7.777777777777777901e-01,6.666666666666666297e-01,1.000000000000000000e+01,3.882315398890650582e-01,3.761901700669355031e-01,5.642852551004032158e+00,3.534233082866928832e-01,3.337117644859471932e-01,5.005676467289207565e+00,-7.556010503321886063e-03,-2.819086046811813961e-01,-4.228629070217721164e+00,-1.207160949707031250e-01,-1.258771737416585212e-01,-1.888157606124877930e+00,-1.447030136247412224e-01,-1.857104576777119653e-01,-2.785656865165679452e+00,-2.741039641575727936e-02,-2.570652206801809017e-02,-3.855978310202713422e-01,-6.980727561477877152e-02,-1.689534948190987429e-01,-1.179225221361100306e+00,-8.237082182833450616e+00,-9.882311637759412903e+00,-9.959408923948416259e+01,-5.239298885489608537e+00,-2.062657788868456965e+00,-3.093986683302685492e+01,-6.069833966323704644e+00,-8.370867946720903063e+00,-6.824950113658054818e+01,1.000000000000000000e+00,7.777777777777777901e-01,1.166666666666666607e+01,5.798483433340991811e-01,4.390418676264365994e-01,6.585628014396548657e+00,4.006113670160591500e-01,3.850021817146919156e-01,5.775032725720378401e+00,-0.000000000000000000e+00,-4.530265471694292639e-02,-6.795398207541438751e-01,-1.415920257568359375e-02,-1.927413940429687639e-02,-2.009041309356689453e-01,-3.328793725624175526e+00,-3.144580288606007468e+00,-4.716870432909011157e+01,-3.427080706538053079e+00,-3.057973881969003660e+00,-4.586960822953505357e+01,-4.564434887997319557e-01,-4.043020621608937049e-01,-6.064530932413405573e+00,-5.150170393530034829e+01,-4.719012787770319761e+01,-7.078519181655479997e+02,-7.002954807126138803e+01,-6.183085100852630944e+01,-9.274627651278946132e+02,-1.749847281821403655e+01,-1.688572001380866894e+01,-2.532858002071300234e+02,1.111111111111111049e-01,3.037037037037036979e-01,4.555555555555555358e+00,3.077723347373332863e-01,3.369598962212255189e-01,5.054398443318382839e+00,2.186806212198837696e-01,2.448370923135126109e-01,3.672556384702688970e+00,-5.588976076418170624e-01,-5.137669461286157313e-01,-7.706504191929236747e+00,-1.292049884796142578e-01,-1.208712100982665960e-01,-1.813068151473999023e+00
8.100000000000000000e+01,1.500000000000000000e+01,-2.402054106456298133e+00,-2.661808106799174123e+00,-3.992712160198761495e+01,-3.076786519856133939e+00,-3.007046921791785010e+00,-4.510570382687677693e+01,-3.345579959718976149e-01,-3.186138384894372511e-01,-4.779207577341558988e+00,-5.056874256636550058e+01,-4.827357260421180740e+01,-7.241035890631770826e+02,-6.600966813067199723e+01,-6.024171834135520243e+01,-9.036257751203280577e+02,-1.000544411703436509e+01,-1.299156381467020971e+01,-1.948734572200531545e+02,5.555555555555555802e-01,6.666666666666665186e-01,9.999999999999998224e+00,3.414768387722635912e-01,3.528009597505984973e-01,5.292014396258977627e+00,2.949915560229128819e-01,3.134661985092590530e-01,4.701992977638886018e+00,-4.451111517846584320e-02,-2.851444078764567847e-01,-4.277166118146851659e+00,-1.045360565185546875e-01,-1.359597524007161440e-01,-2.039396286010742188e+00,-1.447030136247412224e-01,-1.857104576777119653e-01,-2.785656865165679452e+00,-2.741039641575727936e-02,-2.570652206801809017e-02,-3.855978310202713422e-01,-6.980727561477877152e-02,-1.689534948190987429e-01,-1.179225221361100306e+00,-8.237082182833450616e+00,-9.882311637759412903e+00,-9.959408923948416259e+01,-5.239298885489608537e+00,-2.062657788868456965e+00,-3.093986683302685492e+01,-6.069833966323704644e+00,-8.370867946720903063e+00,-6.824950113658054818e+01,1.000000000000000000e+00,7.777777777777777901e-01,1.166666666666666607e+01,5.798483433340991811e-01,4.390418676264365994e-01,6.585628014396548657e+00,4.006113670160591500e-01,3.850021817146919156e-01,5.775032725720378401e+00,-0.000000000000000000e+00,-4.530265471694292639e-02,-6.795398207541438751e-01,-1.415920257568359375e-02,-1.927413940429687639e-02,-2.009041309356689453e-01,-3.328793725624175526e+00,-3.144580288606007468e+00,-4.716870432909011157e+01,-3.433272531464433008e+00,-3.057973881969003660e+00,-4.586960822953505357e+01,-4.564434887997319557e-01,-4.043020621608937049e-01,-6.064530932413405573e+00,-5.252024106091484157e+01,-4.882677546107913003e+01,-7.324016319161869433e+02,-7.002954807126138803e+01,-6.183085100852630944e+01,-9.274627651278946132e+02,-1.749847281821403655e+01,-1.688572001380866894e+01,-2.532858002071300234e+02,1.111111111111111049e-01,3.037037037037036979e-01,4.555555555555555358e+00,3.077723347373332863e-01,3.369598962212255189e-01,5.054398443318382839e+00,2.186806212198837696e-01,2.448370923135126109e-01,3.672556384702688970e+00,-5.588976076418170624e-01,-5.137669461286157313e-01,-7.706504191929236747e+00,-1.292049884796142578e-01,-1.258771737416585212e-01,-1.888157606124877930e+00
1.280000000000000000e+02,1.500000000000000000e+01,-2.728024249612150953e+00,-1.613515727066739069e+00,-2.420273590600108449e+01,-3.244070040587958559e+00,-1.383380917162962076e+00,-2.075071375744443003e+01,-1.099088849436119647e-01,-2.675179562987605175e-01,-4.012769344481407430e+00,-5.179567367396082744e+01,-4.595096834924939344e+01,-6.892645252387409300e+02,-5.821814393800001852e+01,-5.832210115085876367e+01,-8.748315172628814480e+02,-9.936299712999987932e+00,-1.083186567389573973e+01,-1.624779851084360871e+02,6.666666666666666297e-01,6.518518518518517935e-01,9.777777777777776791e+00,4.130320991113047846e-01,3.617142276707520643e-01,5.425713415061281353e+00,3.583634667413427843e-01,3.194543058396331903e-01,4.791814587594497965e+00,-3.448425978422164917e-02,-3.031668212264776452e-01,-4.547502318397164345e+00,-1.590721607208251953e-01,-9.790504773457844867e-02,-1.468575716018676758e+00,-1.447030136247412224e-01,-1.857104576777119653e-01,-2.785656865165679452e+00,-2.741039641575727936e-02,-2.570652206801809017e-02,-3.855978310202713422e-01,-6.980727561477877152e-02,-1.689534948190987429e-01,-1.179225221361100306e+00,-8.237082182833450616e+00,-9.882311637759412903e+00,-9.959408923948416259e+01,-5.239298885489608537e+00,-2.062657788868456965e+00,-3.093986683302685492e+01,-6.069833966323704644e+00,-8.199283933167098581e+00,-6.824950113658054818e+01,1.000000000000000000e+00,7.777777777777777901e-01,1.166666666666666607e+01,5.798483433340991811e-01,4.390418676264365994e-01,6.585628014396548657e+00,4.099903384320520150e-01,3.850021817146919156e-01,5.775032725720378401e+00,-0.000000000000000000e+00,-4.530265471694292639e-02,-6.795398207541438751e-01,-1.415920257568359375e-02,-1.927413940429687639e-02,-2.009041309356689453e-01,-3.328793725624175526e+00,-3.144580288606007468e+00,-4.716870432909011157e+01,-3.433272531464433008e+00,-3.057973881969003660e+00,-4.586960822953505357e+01,-4.564434887997319557e-01,-4.043020621608937049e-01,-6.064530932413405573e+00,-5.252024106091484157e+01,-4.882677546107913003e+01,-7.324016319161869433e+02,-7.002954807126138803e+01,-6.183085100852630944e+01,-9.274627651278946132e+02,-1.749847281821403655e+01,-1.688572001380866894e+01,-2.532858002071300234e+02,1.111111111111111049e-01,3.037037037037036979e-01,4.555555555555555358e+00,3.077723347373332863e-01,3.369598962212255189e-01,5.054398443318382839e+00,2.186806212198837696e-01,2.448370923135126109e-01,3.672556384702688970e+00,-5.588976076418170624e-01,-5.137669461286157313e-01,-7.706504191929236747e+00,-1.292049884796142578e-01,-1.359597524007161440e-01,-2.039396286010742188e+00
1.290000000000000000e+02,1.500000000000000000e+01,-2.905521248729321382e+00,-1.705255668391237212e+00,-2.557883502586855684e+01,-3.462375480330793565e+00,-1.489152829559536872e+00,-2.233729244339305353e+01,-3.989630749958332778e-01,-2.795331589279952400e-01,-4.192997383919928822e+00,-5.614467497891579484e+01,-4.641290164989425193e+01,-6.961935247484137790e+02,-5.908039886972412091e+01,-5.846513714704546771e+01,-8.769770572056820583e+02,-1.238765645297289630e+01,-1.149093035468313317e+01,-1.723639553202469870e+02,7.777777777777777901e-01,7.259259259259260855e-01,1.088888888888889106e+01,3.185355855511086132e-01,3.582117867783496945e-01,5.373176801675245251e+00,3.018804346916459935e-01,3.249525152837630659e-01,4.874287729256446156e+00,-3.940588235855102539e-02,-3.054745594660441266e-01,-4.582118391990661621e+00,-1.361880302429199219e-01,-9.542471567789713449e-02,-1.431370735168457031e+00,-1.447030136247412224e-01,-1.857104576777119653e-01,-2.785656865165679452e+00,-2.741039641575727936e-02,-2.570652206801809017e-02,-3.855978310202713422e-01,-6.980727561477877152e-02,-1.689534948190987429e-01,-1.179225221361100306e+00,-8.237082182833450616e+00,-9.882311637759412903e+00,-9.959408923948416259e+01,-5.239298885489608537e+00,-2.062657788868456965e+00,-3.093986683302685492e+01,-6.069833966323704644e+00,-8.199283933167098581e+00,-6.824950113658054818e+01,1.000000000000000000e+00,7.777777777777777901e-01,1.166666666666666607e+01,5.798483433340991811e-01,4.390418676264365994e-01,6.585628014396548657e+00,4.099903384320520150e-01,3.850021817146919156e-01,5.775032725720378401e+00,-0.000000000000000000e+00,-4.530265471694292639e-02,-6.795398207541438751e-01,-1.415920257568359375e-02,-1.927413940429687639e-02,-2.009041309356689453e-01,-3.328793725624175526e+00,-3.144580288606007468e+00,-4.716870432909011157e+01,-3.433272531464433008e+00,-3.057973881969003660e+00,-4.586960822953505357e+01,-4.564434887997319557e-01,-4.043020621608937049e-01,-6.064530932413405573e+00,-5.252024106091484157e+01,-4.882677546107913003e+01,-7.324016319161869433e+02,-7.002954807126138803e+01,-6.183085100852630944e+01,-9.274627651278946132e+02,-1.749847281821403655e+01,-1.688572001380866894e+01,-2.532858002071300234e+02,1.111111111111111049e-01,3.037037037037036979e-01,4.555555555555555358e+00,3.077723347373332863e-01,3.369598962212255189e-01,5.054398443318382839e+00,2.186806212198837696e-01,2.448370923135126109e-01,3.672556384702688970e+00,-5.588976076418170624e-01,-5.137669461286157313e-01,-7.706504191929236747e+00,-1.590721607208251953e-01,-1.359597524007161440e-01,-2.039396286010742188e+00
1.320000000000000000e+02,1.500000000000000000e+01,-2.777428471463046833e+00,-1.226053324283014057e+00,-1.839079986424520996e+01,-2.739718561165475297e+00,-7.571358463173739617e-01,-1.135703769476060998e+01,-2.193720296817467386e-01,-2.515263604600488923e-01,-3.772895406900733661e+00,-5.736228989119176447e+01,-4.455836423573486371e+01,-6.683754635360229486e+02,-5.782359734820749964e+01,-5.734027065862643013e+01,-8.601040598793964591e+02,-1.883488946786995299e+01,-9.897623650992022348e+00,-1.484643547648803406e+02,5.555555555555555802e-01,7.111111111111111382e-01,1.066666666666666785e+01,3.971852860131683816e-01,3.709710907038649141e-01,5.564566360557973823e+00,3.291317621668714555e-01,3.338356722739714844e-01,5.007535084109572487e+00,-3.629063628613948822e-02,-3.065530902395645629e-01,-4.598296353593468666e+00,-1.497626304626464844e-01,-7.536431948343912113e-02,-1.130464792251586914e+00,-1.447030136247412224e-01,-1.857104576777119653e-01,-2.785656865165679452e+00,-2.741039641575727936e-02,-2.570652206801809017e-02,-3.855978310202713422e-01,-6.980727561477877152e-02,-1.689534948190987429e-01,-1.179225221361100306e+00,-8.237082182833450616e+00,-9.882311637759412903e+00,-9.959408923948416259e+01,-5.239298885489608537e+00,-2.062657788868456965e+00,-3.093986683302685492e+01,-6.069833966323704644e+00,-8.199283933167098581e+00,-6.824950113658054818e+01,1.000000000000000000e+00,7.777777777777777901e-01,1.166666666666666607e+01,5.798483433340991811e-01,4.390418676264365994e-01,6.585628014396548657e+00,4.099903384320520150e-01,3.850021817146919156e-01,5.775032725720378401e+00,-0.000000000000000000e+00,-4.530265471694292639e-02,-6.795398207541438751e-01,-1.415920257568359375e-02,-1.927413940429687639e-02,-2.009041309356689453e-01,-3.328793725624175526e+00,-3.144580288606007468e+00,-4.716870432909011157e+01,-3.462375480330793565e+00,-3.057973881969003660e+00,-4.586960822953505357e+01,-4.564434887997319557e-01,-4.043020621608937049e-01,-6.064530932413405573e+00,-5.614467497891579484e+01,-4.882677546107913003e+01,-7.324016319161869433e+02,-7.002954807126138803e+01,-6.183085100852630944e+01,-9.274627651278946132e+02,-1.749847281821403655e+01,-1.688572001380866894e+01,-2.532858002071300234e+02,1.111111111111111049e-01,3.037037037037036979e-01,4.555555555555555358e+00,3.077723347373332863e-01,3.369598962212255189e-01,5.054398443318382839e+00,2.186806212198837696e-01,2.448370923135126109e-01,3.672556384702688970e+00,-5.588976076418170624e-01,-5.137669461286157313e-01,-7.706504191929236747e+00,-1.590721607208251953e-01,-1.359597524007161440e-01,-2.039396286010742188e+00
1.370000000000000000e+02,1.500000000000000000e+01,-2.861409690083353663e+00,-1.403475309861400122e+00,-2.105212964792100294e+01,-3.136073807630610055e+00,-9.807465720832728717e-01,-1.471119858124909285e+01,-3.431221111593110162e-01,-2.462096576897532529e-01,-3.693144865346298822e+00,-5.512490508345116069e+01,-4.573600803915001478e+01,-6.860401205872502715e+02,-5.756272202212106492e+01,-5.819770624055384189e+01,-8.729655936083075858e+02,-1.917671779385633712e+01,-1.132008680445752269e+01,-1.698013020668628315e+02,7.777777777777777901e-01,6.962962962962965241e-01,1.044444444444444819e+01,3.501224246064917334e-01,3.728140823182083952e-01,5.592211234773126094e+00,3.274682767879368850e-01,3.327507597686089613e-01,4.991261396529134586e+00,-2.610827609896659851e-02,-2.928878409167131047e-01,-4.393317613750696182e+00,-1.531529426574707031e-01,-7.792488733927409317e-02,-1.168873310089111328e+00,-1.447030136247412224e-01,-1.857104576777119653e-01,-2.785656865165679452e+00,-2.741039641575727936e-02,-2.570652206801809017e-02,-3.855978310202713422e-01,-6.980727561477877152e-02,-1.689534948190987429e-01,-1.179225221361100306e+00,-8.237082182833450616e+00,-9.882311637759412903e+00,-9.959408923948416259e+01,-5.239298885489608537e+00,-2.062657788868456965e+00,-3.093986683302685492e+01,-6.069833966323704644e+00,-8.199283933167098581e+00,-6.824950113658054818e+01,1.000000000000000000e+00,7.777777777777777901e-01,1.166666666666666607e+01,5.798483433340991811e-01,4.390418676264365994e-01,6.585628014396548657e+00,4.099903384320520150e-01,3.850021817146919156e-01,5.775032725720378401e+00,-0.000000000000000000e+00,-4.530265471694292639e-02,-6.795398207541438751e-01,-1.415920257568359375e-02,-1.927413940429687639e-02,-2.009041309356689453e-01,-3.328793725624175526e+00,-3.144580288606007468e+00,-4.716870432909011157e+01,-3.462375480330793565e+00,-3.057973881969003660e+00,-4.586960822953505357e+01,-4.564434887997319557e-01,-4.043020621608937049e-01,-6.064530932413405573e+00,-5.736228989119176447e+01,-4.882677546107913003e+01,-7.324016319161869433e+02,-7.002954807126138803e+01,-6.183085100852630944e+01,-9.274627651278946132e+02,-1.883488946786995299e+01,-1.688572001380866894e+01,-2.532858002071300234e+02,1.111111111111111049e-01,3.037037037037036979e-01,4.555555555555555358e+00,3.077723347373332863e-01,3.369598962212255189e-01,5.054398443318382839e+00,2.186806212198837696e-01,2.448370923135126109e-01,3.672556384702688970e+00,-5.588976076418170624e-01,-5.137669461286157313e-01,-7.706504191929236747e+00,-1.590721607208251953e-01,-1.359597524007161440e-01,-2.039396286010742188e+00
1.430000000000000000e+02,1.500000000000000000e+01,-3.192101589710087506e+00,-1.854611758179005365e+00,-2.781917637268508159e+01,-3.468000980345773421e+00,-1.641549041066071579e+00,-2.462323561599107435e+01,-1.566378513561171304e-01,-3.365539069665313687e-01,-5.048308604497970364e+00,-5.482993130734060117e+01,-4.591905799802532329e+01,-6.887858699703798493e+02,-5.880002632713539157e+01,-5.821271280621004252e+01,-8.731906920931506875e+02,-1.133110169598050021e+01,-1.154374132044993750e+01,-1.731561198067490750e+02,7.777777777777777901e-01,6.074074074074076179e-01,9.111111111111114269e+00,3.879958172525919680e-01,3.542789616645018458e-01,5.314184424967527853e+00,3.610413729917792414e-01,3.078056179561798333e-01,4.617084269342697667e+00,-3.878707112744450569e-02,-3.011611390373824526e-01,-4.517417085560737178e+00,-1.290197372436523438e-01,-9.559137026468912668e-02,-1.433870553970336914e+00,-1.447030136247412224e-01,-1.857104576777119653e-01,-2.785656865165679452e+00,-2.741039641575727936e-02,-2.570652206801809017e-02,-3.855978310202713422e-01,-6.980727561477877152e-02,-1.689534948190987429e-01,-1.179225221361100306e+00,-8.237082182833450616e+00,-9.882311637759412903e+00,-9.959408923948416259e+01,-5.239298885489608537e+00,-2.062657788868456965e+00,-3.093986683302685492e+01,-6.069833966323704644e+00,-8.199283933167098581e+00,-6.824950113658054818e+01,1.000000000000000000e+00,7.777777777777777901e-01,1.166666666666666607e+01,5.798483433340991811e-01,4.390418676264365994e-01,6.585628014396548657e+00,4.099903384320520150e-01,3.850021817146919156e-01,5.775032725720378401e+00,-0.000000000000000000e+00,-4.530265471694292639e-02,-6.795398207541438751e-01,-1.415920257568359375e-02,-1.927413940429687639e-02,-2.009041309356689453e-01,-3.328793725624175526e+00,-3.144580288606007468e+00,-4.716870432909011157e+01,-3.462375480330793565e+00,-3.057973881969003660e+00,-4.586960822953505357e+01,-4.564434887997319557e-01,-4.043020621608937049e-01,-6.064530932413405573e+00,-5.736228989119176447e+01,-4.882677546107913003e+01,-7.324016319161869433e+02,-7.002954807126138803e+01,-6.183085100852630944e+01,-9.274627651278946132e+02,-1.917671779385633712e+01,-1.688572001380866894e+01,-2.532858002071300234e+02,1.111111111111111049e-01,3.037037037037036979e-01,4.555555555555555358e+00,3.077723347373332863e-01,3.369598962212255189e-01,5.054398443318382839e+00,2.186806212198837696e-01,2.448370923135126109e-01,3.672556384702688970e+00,-5.588976076418170624e-01,-5.137669461286157313e-01,-7.706504191929236747e+00,-1.590721607208251953e-01,-1.359597524007161440e-01,-2.039396286010742188e+00
1.490000000000000000e+02,1.500000000000000000e+01,-2.235143056816330187e+00,-2.574563679157928942e+00,-3.861845518736893723e+01,-3.150753413618124998e+00,-2.904526545438220975e+00,-4.356789818157331240e+01,-5.404233751796619911e-01,-3.178444740066129204e-01,-4.767667110099194083e+00,-5.338823823703513227e+01,-4.804129479504336331e+01,-7.206194219256504994e+02,-5.801427465503513048e+01,-5.805090195074480164e+01,-8.707635292611720388e+02,-1.463387395946338820e+01,-1.350619523552794377e+01,-2.025929285329191600e+02,3.333333333333333148e-01,5.037037037037036535e-01,7.555555555555555358e+00,3.830068352243692353e-01,3.573942476806656887e-01,5.360913715209985497e+00,3.007401679212083345e-01,3.035233236255335809e-01,4.552849854383003603e+00,-2.027536556124687195e-02,-2.770392127645512348e-01,-4.155588191468268633e+00,-1.277041435241699219e-01,-1.165554523468017578e-01,-1.748331785202026367e+00,-1.447030136247412224e-01,-1.857104576777119653e-01,-2.785656865165679452e+00,-2.741039641575727936e-02,-2.570652206801809017e-02,-3.855978310202713422e-01,-6.980727561477877152e-02,-1.689534948190987429e-01,-1.179225221361100306e+00,-8.237082182833450616e+00,-9.882311637759412903e+00,-9.959408923948416259e+01,-5.239298885489608537e+00,-2.062657788868456965e+00,-3.093986683302685492e+01,-6.069833966323704644e+00,-8.199283933167098581e+00,-6.824950113658054818e+01,1.000000000000000000e+00,7.777777777777777901e-01,1.166666666666666607e+01,5.798483433340991811e-01,4.390418676264365994e-01,6.585628014396548657e+00,4.099903384320520150e-01,3.850021817146919156e-01,5.775032725720378401e+00,-0.000000000000000000e+00,-4.530265471694292639e-02,-6.795398207541438751e-01,-1.415920257568359375e-02,-1.927413940429687639e-02,-2.009041309356689453e-01,-3.328793725624175526e+00,-3.144580288606007468e+00,-4.716870432909011157e+01,-3.468000980345773421e+00,-3.057973881969003660e+00,-4.586960822953505357e+01,-4.564434887997319557e-01,-4.043020621608937049e-01,-6.064530932413405573e+00,-5.736228989119176447e+01,-4.882677546107913003e+01,-7.324016319161869433e+02,-7.002954807126138803e+01,-6.183085100852630944e+01,-9.274627651278946132e+02,-1.917671779385633712e+01,-1.688572001380866894e+01,-2.532858002071300234e+02,1.111111111111111049e-01,3.037037037037036979e-01,4.555555555555555358e+00,3.077723347373332863e-01,3.369598962212255189e-01,5.054398443318382839e+00,2.186806212198837696e-01,2.448370923135126109e-01,3.672556384702688970e+00,-5.588976076418170624e-01,-5.137669461286157313e-01,-7.706504191929236747e+00,-1.590721607208251953e-01,-1.359597524007161440e-01,-2.039396286010742188e+00
1.560000000000000000e+02,1.500000000000000000e+01,-3.499873568079682862e+00,-2.671262404107544342e+00,-4.006893606161316512e+01,-3.515599620355229771e+00,-2.969983147790148159e+00,-4.454974721685222505e+01,-9.550252386878395339e-02,-2.887576964259438439e-01,-4.331365446389157547e+00,-3.100100560331248190e+01,-4.150630745711441705e+01,-6.225946118567162557e+02,-5.297253704540548824e+01,-5.574627729174505930e+01,-8.361941593761758895e+02,-8.566887726286623206e+00,-1.438323762382506210e+01,-2.157485643573759262e+02,5.555555555555555802e-01,5.111111111111110716e-01,7.666666666666666075e+00,4.742704280849263654e-01,3.652631749878374467e-01,5.478947624817561923e+00,3.654304361641905197e-01,3.061169017084580668e-01,4.591753525626870669e+00,-2.638388238847255707e-02,-3.206498336978256813e-01,-4.809747505467385054e+00,-9.013700485229492188e-02,-1.102396011352539118e-01,-1.653594017028808594e+00,-1.447030136247412224e-01,-1.857104576777119653e-01,-2.785656865165679452e+00,-2.741039641575727936e-02,-2.570652206801809017e-02,-3.855978310202713422e-01,-6.980727561477877152e-02,-1.689534948190987429e-01,-1.179225221361100306e+00,-8.237082182833450616e+00,-9.882311637759412903e+00,-9.959408923948416259e+01,-5.239298885489608537e+00,-2.062657788868456965e+00,-3.093986683302685492e+01,-6.069833966323704644e+00,-8.199283933167098581e+00,-6.824950113658054818e+01,1.000000000000000000e+00,7.777777777777777901e-01,1.166666666666666607e+01,5.798483433340991811e-01,4.390418676264365994e-01,6.585628014396548657e+00,4.099903384320520150e-01,3.850021817146919156e-01,5.775032725720378401e+00,-0.000000000000000000e+00,-4.530265471694292639e-02,-6.795398207541438751e-01,-1.415920257568359375e-02,-1.927413940429687639e-02,-2.009041309356689453e-01,-3.328793725624175526e+00,-3.144580288606007468e+00,-4.716870432909011157e+01,-3.468000980345773421e+00,-3.057973881969003660e+00,-4.586960822953505357e+01,-5.404233751796619911e-01,-4.043020621608937049e-01,-6.064530932413405573e+00,-5.736228989119176447e+01,-4.882677546107913003e+01,-7.324016319161869433e+02,-7.002954807126138803e+01,-6.183085100852630944e+01,-9.274627651278946132e+02,-1.917671779385633712e+01,-1.688572001380866894e+01,-2.532858002071300234e+02,1.111111111111111049e-01,3.037037037037036979e-01,4.555555555555555358e+00,3.077723347373332863e-01,3.369598962212255189e-01,5.054398443318382839e+00,2.186806212198837696e-01,2.448370923135126109e-01,3.672556384702688970e+00,-5.588976076418170624e-01,-5.137669461286157313e-01,-7.706504191929236747e+00,-1.590721607208251953e-01,-1.359597524007161440e-01,-2.039396286010742188e+00
1.570000000000000000e+02,1.500000000000000000e+01,-3.658917818633916852e+00,-2.863108472581883390e+00,-4.294662708872824908e+01,-3.113186311933057393e+00,-2.847398660553614569e+00,-4.271097990830421764e+01,-4.246928673595983250e-01,-3.569575507818772975e-01,-5.354363261728159351e+00,-3.031478881859330698e+01,-4.037696045778442766e+01,-6.056544068667664078e+02,-5.291450043314003437e+01,-5.534818534469543749e+01,-8.302227801704315198e+02,-8.854968912242380696e+00,-1.471604688229060365e+01,-2.207407032343590458e+02,4.444444444444444198e-01,5.333333333333333259e-01,8.000000000000000000e+00,3.369345985189116099e-01,3.423903121481934875e-01,5.135854682222902312e+00,2.706537693528100474e-01,2.943824917962537535e-01,4.415737376943805970e+00,-6.970847863703966141e-02,-3.384761249025662888e-01,-5.077141873538494110e+00,-8.187222480773925781e-02,-1.027172406514485631e-01,-1.540758609771728516e+00,-1.447030136247412224e-01,-1.857104576777119653e-01,-2.785656865165679452e+00,-2.741039641575727936e-02,-2.570652206801809017e-02,-3.855978310202713422e-01,-6.980727561477877152e-02,-1.689534948190987429e-01,-1.179225221361100306e+00,-8.237082182833450616e+00,-9.882311637759412903e+00,-9.959408923948416259e+01,-5.239298885489608537e+00,-2.062657788868456965e+00,-3.093986683302685492e+01,-6.069833966323704644e+00,-8.199283933167098581e+00,-6.824950113658054818e+01,1.000000000000000000e+00,7.777777777777777901e-01,1.166666666666666607e+01,5.798483433340991811e-01,4.390418676264365994e-01,6.585628014396548657e+00,4.099903384320520150e-01,3.850021817146919156e-01,5.775032725720378401e+00,-0.000000000000000000e+00,-4.530265471694292639e-02,-6.795398207541438751e-01,-1.415920257568359375e-02,-1.927413940429687639e-02,-2.009041309356689453e-01,-3.499873568079682862e+00,-3.144580288606007468e+00,-4.716870432909011157e+01,-3.515599620355229771e+00,-3.057973881969003660e+00,-4.586960822953505357e+01,-5.404233751796619911e-01,-4.043020621608937049e-01,-6.064530932413405573e+00,-5.736228989119176447e+01,-4.882677546107913003e+01,-7.324016319161869433e+02,-7.002954807126138803e+01,-6.183085100852630944e+01,-9.274627651278946132e+02,-1.917671779385633712e+01,-1.688572001380866894e+01,-2.532858002071300234e+02,1.111111111111111049e-01,3.037037037037036979e-01,4.555555555555555358e+00,3.077723347373332863e-01,3.369598962212255189e-01,5.054398443318382839e+00,2.186806212198837696e-01,2.448370923135126109e-01,3.672556384702688970e+00,-5.588976076418170624e-01,-5.137669461286157313e-01,-7.706504191929236747e+00,-1.590721607208251953e-01,-1.359597524007161440e-01,-2.039396286010742188e+00
1.620000000000000000e+02,1.500000000000000000e+01,-3.412772382532014426e+00,-3.172946398480519736e+00,-4.759419597720779649e+01,-3.031561937710888444e+00,-2.768684315468767476e+00,-4.153026473203151170e+01,-3.339019087760026760e-01,-3.329243718648240979e-01,-4.993865577972361081e+00,-4.787374488182005905e+01,-4.503699014471624906e+01,-6.755548521707437430e+02,-5.276330520826199688e+01,-5.056424454515281042e+01,-7.584636681772921065e+02,-8.189120348999999521e+00,-1.341226124107105555e+01,-2.011839186160658244e+02,5.555555555555555802e-01,4.296296296296295836e-01,6.444444444444443754e+00,3.806081815358036136e-01,3.783408389769264413e-01,5.675112584653896342e+00,3.186893308048373563e-01,2.977738735380222601e-01,4.466608103070333513e+00,-7.904962985776364803e-04,-2.385019623907282948e-01,-3.577529435860924423e+00,-9.468889236450195312e-02,-9.967614809672037390e-02,-1.495142221450805664e+00,-1.447030136247412224e-01,-1.857104576777119653e-01,-2.785656865165679452e+00,-2.741039641575727936e-02,-2.570652206801809017e-02,-3.855978310202713422e-01,-6.980727561477877152e-02,-1.689534948190987429e-01,-1.179225221361100306e+00,-8.237082182833450616e+00,-9.882311637759412903e+00,-9.959408923948416259e+01,-5.239298885489608537e+00,-2.062657788868456965e+00,-3.093986683302685492e+01,-6.069833966323704644e+00,-8.199283933167098581e+00,-6.824950113658054818e+01,1.000000000000000000e+00,7.777777777777777901e-01,1.166666666666666607e+01,5.851859827295278205e-01,5.066329081410710922e-01,7.599493622116066049e+00,4.099903384320520150e-01,3.850021817146919156e-01,5.775032725720378401e+00,-0.000000000000000000e+00,-4.530265471694292639e-02,-6.795398207541438751e-01,-1.415920257568359375e-02,-1.927413940429687639e-02,-2.009041309356689453e-01,-3.658917818633916852e+00,-3.144580288606007468e+00,-4.716870432909011157e+01,-3.515599620355229771e+00,-3.057973881969003660e+00,-4.586960822953505357e+01,-5.404233751796619911e-01,-4.043020621608937049e-01,-6.064530932413405573e+00,-5.736228989119176447e+01,-4.882677546107913003e+01,-7.324016319161869433e+02,-7.002954807126138803e+01,-6.183085100852630944e+01,-9.274627651278946132e+02,-1.917671779385633712e+01,-1.688572001380866894e+01,-2.532858002071300234e+02,1.111111111111111049e-01,3.037037037037036979e-01,4.555555555555555358e+00,3.077723347373332863e-01,3.369598962212255189e-01,5.054398443318382839e+00,2.186806212198837696e-01,2.448370923135126109e-01,3.672556384702688970e+00,-5.588976076418170624e-01,-5.137669461286157313e-01,-7.706504191929236747e+00,-1.590721607208251953e-01,-1.359597524007161440e-01,-2.039396286010742188e+00
1.630000000000000000e+02,1.500000000000000000e+01,-3.546966977521885056e+00,-3.379288051143248151e+00,-5.068932076714872181e+01,-3.158856204674918011e+00,-3.031219602840255156e+00,-4.546829404260383001e+01,-3.414901152396451200e-01,-3.336062338358214419e-01,-5.004093507537321628e+00,-4.738168281605771881e+01,-4.568265921006738495e+01,-6.852398881510107458e+02,-5.274055814152917776e+01,-5.068826683594764404e+01,-7.603240025392146890e+02,-9.105054794089493697e+00,-1.349766122027801885e+01,-2.024649183041702827e+02,6.666666666666666297e-01,4.666666666666666741e-01,7.000000000000000000e+00,3.838024552672332224e-01,3.763179324526788605e-01,5.644768986790182907e+00,3.295577955990750540e-01,2.997746050070005386e-01,4.496619075105008356e+00,-3.143829759210348129e-03,-2.439341251505538766e-01,-3.659011877258308232e+00,-9.149789810180664062e-02,-1.126685460408528711e-01,-1.690028190612792969e+00,-1.447030136247412224e-01,-1.857104576777119653e-01,-2.785656865165679452e+00,-2.741039641575727936e-02,-2.570652206801809017e-02,-3.855978310202713422e-01,-6.980727561477877152e-02,-1.689534948190987429e-01,-1.179225221361100306e+00,-8.237082182833450616e+00,-9.882311637759412903e+00,-9.959408923948416259e+01,-5.239298885489608537e+00,-2.062657788868456965e+00,-3.093986683302685492e+01,-6.069833966323704644e+00,-8.199283933167098581e+00,-6.824950113658054818e+01,1.000000000000000000e+00,7.777777777777777901e-01,1.166666666666666607e+01,5.851859827295278205e-01,5.066329081410710922e-01,7.599493622116066049e+00,4.099903384320520150e-01,3.850021817146919156e-01,5.775032725720378401e+00,-0.000000000000000000e+00,-4.530265471694292639e-02,-6.795398207541438751e-01,-1.415920257568359375e-02,-1.927413940429687639e-02,-2.009041309356689453e-01,-3.658917818633916852e+00,-3.172946398480519736e+00,-4.759419597720779649e+01,-3.515599620355229771e+00,-3.057973881969003660e+00,-4.586960822953505357e+01,-5.404233751796619911e-01,-4.043020621608937049e-01,-6.064530932413405573e+00,-5.736228989119176447e+01,-4.882677546107913003e+01,-7.324016319161869433e+02,-7.002954807126138803e+01,-6.183085100852630944e+01,-9.274627651278946132e+02,-1.917671779385633712e+01,-1.688572001380866894e+01,-2.532858002071300234e+02,1.111111111111111049e-01,3.037037037037036979e-01,4.555555555555555358e+00,3.077723347373332863e-01,3.369598962212255189e-01,5.054398443318382839e+00,2.186806212198837696e-01,2.448370923135126109e-01,3.672556384702688970e+00,-5.588976076418170624e-01,-5.137669461286157313e-01,-7.706504191929236747e+00,-1.590721607208251953e-01,-1.359597524007161440e-01,-2.039396286010742188e+00
1.640000000000000000e+02,1.500000000000000000e+01,-3.810767585079967379e+00,-3.217360786898926683e+00,-4.826041180348389759e+01,-3.343295753705957107e+00,-2.806835884458077413e+00,-4.210253826687116430e+01,-4.472726623443614158e-01,-3.492443214849632604e-01,-5.238664822274448518e+00,-4.856834224855170135e+01,-4.525202206486010681e+01,-6.787803309729016519e+02,-5.265266635464198686e+01,-5.030272129505649303e+01,-7.545408194258474168e+02,-1.012263771393867451e+01,-1.417953620855835162e+01,-2.126930431283752796e+02,5.555555555555555802e-01,4.888888888888888173e-01,7.333333333333332149e+00,3.290997297721179882e-01,3.601412548716920181e-01,5.402118823075380050e+00,2.903196206197470319e-01,2.984551570436909107e-01,4.476827355655363938e+00,-1.474897610023617744e-03,-2.422160863333071290e-01,-3.633241294999606907e+00,-9.302711486816406250e-02,-9.689286549886068356e-02,-1.453392982482910156e+00,-1.447030136247412224e-01,-1.857104576777119653e-01,-2.785656865165679452e+00,-2.741039641575727936e-02,-2.570652206801809017e-02,-3.855978310202713422e-01,-6.980727561477877152e-02,-1.689534948190987429e-01,-1.179225221361100306e+00,-8.237082182833450616e+00,-9.882311637759412903e+00,-9.959408923948416259e+01,-5.239298885489608537e+00,-2.062657788868456965e+00,-3.093986683302685492e+01,-6.069833966323704644e+00,-8.199283933167098581e+00,-6.824950113658054818e+01,1.000000000000000000e+00,7.777777777777777901e-01,1.166666666666666607e+01,5.851859827295278205e-01,5.066329081410710922e-01,7.599493622116066049e+00,4.099903384320520150e-01,3.850021817146919156e-01,5.775032725720378401e+00,-0.000000000000000000e+00,-4.530265471694292639e-02,-6.795398207541438751e-01,-1.415920257568359375e-02,-1.927413940429687639e-02,-2.009041309356689453e-01,-3.658917818633916852e+00,-3.379288051143248151e+00,-5.068932076714872181e+01,-3.515599620355229771e+00,-3.057973881969003660e+00,-4.586960822953505357e+01,-5.404233751796619911e-01,-4.043020621608937049e-01,-6.064530932413405573e+00,-5.736228989119176447e+01,-4.882677546107913003e+01,-7.324016319161869433e+02,-7.002954807126138803e+01,-6.183085100852630944e+01,-9.274627651278946132e+02,-1.917671779385633712e+01,-1.688572001380866894e+01,-2.532858002071300234e+02,1.111111111111111049e-01,3.037037037037036979e-01,4.555555555555555358e+00,3.077723347373332863e-01,3.369598962212255189e-01,5.054398443318382839e+00,2.186806212198837696e-01,2.448370923135126109e-01,3.672556384702688970e+00,-5.588976076418170624e-01,-5.137669461286157313e-01,-7.706504191929236747e+00,-1.590721607208251953e-01,-1.359597524007161440e-01,-2.039396286010742188e+00
1.820000000000000000e+02,1.500000000000000000e+01,-3.160776034426723058e+00,-3.012026500281814734e+00,-4.518039750422722278e+01,-2.640920410227273418e+00,-2.537622913330699781e+00,-3.806434369996049583e+01,-3.142077771752761484e-01,-2.680627366316858384e-01,-4.020941049475287521e+00,-5.251327293094139037e+01,-4.737813976992294585e+01,-7.106720965488441379e+02,-5.746841540269309689e+01,-5.806656226653181108e+01,-8.709984339979771448e+02,-1.469063156958587868e+01,-1.224666901845473710e+01,-1.837000352768210689e+02,3.333333333333333148e-01,4.888888888888888173e-01,7.333333333333332149e+00,3.883506385299630992e-01,4.049497031130691038e-01,6.074245546696036335e+00,3.076228871887127791e-01,3.194129981280869335e-01,4.791194971921304280e+00,-3.464960027486085892e-03,-2.965119920981427182e-01,-4.447679881472140551e+00,-1.695222854614257812e-01,-9.902243614196777621e-02,-1.485336542129516602e+00,-1.447030136247412224e-01,-1.857104576777119653e-01,-2.785656865165679452e+00,-2.741039641575727936e-02,-2.570652206801809017e-02,-3.855978310202713422e-01,-5.136556679967094197e-02,-1.337129438804483261e-01,-1.179225221361100306e+00,-8.237082182833450616e+00,-9.882311637759412903e+00,-9.959408923948416259e+01,-5.239298885489608537e+00,-2.062657788868456965e+00,-3.093986683302685492e+01,-6.069833966323704644e+00,-8.199283933167098581e+00,-6.824950113658054818e+01,1.000000000000000000e+00,7.777777777777777901e-01,1.166666666666666607e+01,6.069433731288366163e-01,5.066329081410710922e-01,7.599493622116066049e+00,4.099903384320520150e-01,3.850021817146919156e-01,5.775032725720378401e+00,-0.000000000000000000e+00,-4.530265471694292639e-02,-6.795398207541438751e-01,-1.415920257568359375e-02,-1.927413940429687639e-02,-2.009041309356689453e-01,-3.810767585079967379e+00,-3.379288051143248151e+00,-5.068932076714872181e+01,-3.515599620355229771e+00,-3.057973881969003660e+00,-4.586960822953505357e+01,-5.404233751796619911e-01,-4.043020621608937049e-01,-6.064530932413405573e+00,-5.736228989119176447e+01,-4.882677546107913003e+01,-7.324016319161869433e+02,-7.002954807126138803e+01,-6.183085100852630944e+01,-9.274627651278946132e+02,-1.917671779385633712e+01,-1.688572001380866894e+01,-2.532858002071300234e+02,1.111111111111111049e-01,3.037037037037036979e-01,4.555555555555555358e+00,3.077723347373332863e-01,3.369598962212255189e-01,5.054398443318382839e+00,2.186806212198837696e-01,2.448370923135126109e-01,3.672556384702688970e+00,-5.588976076418170624e-01,-5.137669461286157313e-01,-7.706504191929236747e+00,-1.590721607208251953e-01,-1.359597524007161440e-01,-2.039396286010742188e+00
2.030000000000000000e+02,1.500000000000000000e+01,-3.314649588066425956e+00,-2.963080725051996822e+00,-4.444621087577995411e+01,-3.033908204071395609e+00,-3.002187677467519578e+00,-4.503281516201279544e+01,-2.088499060512003236e-01,-3.039179548852227186e-01,-4.558769323278340835e+00,-4.991169566460948914e+01,-4.893758721427089142e+01,-7.340638082140633287e+02,-6.471940428157010672e+01,-6.388986843450213371e+01,-9.583480265175320483e+02,-1.176187548080558365e+01,-1.225044520081709187e+01,-1.837566780122563728e+02,6.666666666666666297e-01,5.925925925925924487e-01,8.888888888888887507e+00,3.950470971804552200e-01,3.830176825095051862e-01,5.745265237642577461e+00,3.115854111052993591e-01,3.097960355452228365e-01,4.646940533178342214e+00,-3.042200766503810883e-02,-3.332326523959636688e-01,-4.998489785939455032e+00,-1.549530029296875000e-01,-1.374593734741210993e-01,-2.061890602111816406e+00,-1.447030136247412224e-01,-1.857104576777119653e-01,-2.785656865165679452e+00,-2.741039641575727936e-02,-2.570652206801809017e-02,-3.855978310202713422e-01,-5.136556679967094197e-02,-1.337129438804483261e-01,-1.179225221361100306e+00,-8.237082182833450616e+00,-9.882311637759412903e+00,-9.959408923948416259e+01,-5.239298885489608537e+00,-2.062657788868456965e+00,-3.093986683302685492e+01,-6.069833966323704644e+00,-8.199283933167098581e+00,-6.824950113658054818e+01,1.000000000000000000e+00,7.777777777777777901e-01,1.166666666666666607e+01,6.069433731288366163e-01,5.066329081410710922e-01,7.599493622116066049e+00,4.099903384320520150e-01,3.850021817146919156e-01,5.775032725720378401e+00,-0.000000000000000000e+00,-4.530265471694292639e-02,-6.795398207541438751e-01,-1.415920257568359375e-02,-1.927413940429687639e-02,-2.009041309356689453e-01,-3.810767585079967379e+00,-3.379288051143248151e+00,-5.068932076714872181e+01,-3.515599620355229771e+00,-3.057973881969003660e+00,-4.586960822953505357e+01,-5.404233751796619911e-01,-4.043020621608937049e-01,-6.064530932413405573e+00,-5.736228989119176447e+01,-4.882677546107913003e+01,-7.324016319161869433e+02,-7.002954807126138803e+01,-6.183085100852630944e+01,-9.274627651278946132e+02,-1.917671779385633712e+01,-1.688572001380866894e+01,-2.532858002071300234e+02,1.111111111111111049e-01,3.037037037037036979e-01,4.555555555555555358e+00,3.077723347373332863e-01,3.369598962212255189e-01,5.054398443318382839e+00,2.186806212198837696e-01,2.448370923135126109e-01,3.672556384702688970e+00,-5.588976076418170624e-01,-5.137669461286157313e-01,-7.706504191929236747e+00,-1.695222854614257812e-01,-1.359597524007161440e-01,-2.039396286010742188e+00
2.140000000000000000e+02,1.500000000000000000e+01,-2.945002234006224739e+00,-2.671348902638558176e+00,-4.007023353957837486e+01,-3.366192401792689637e+00,-3.064783461143899324e+00,-4.597175191715849252e+01,-1.071170245434207857e-01,-2.808238603586395987e-01,-4.212357905379594314e+00,-4.869203783735471092e+01,-4.787516396525119688e+01,-7.181274594787679462e+02,-6.637317697002848149e+01,-6.036731567584946134e+01,-9.055097351377419272e+02,-7.164918291261002103e+00,-1.334685756859232164e+01,-2.002028635288848193e+02,5.555555555555555802e-01,5.407407407407408551e-01,8.111111111111112493e+00,3.960124371259549081e-01,3.657480932638397797e-01,5.486221398957596307e+00,3.015845798931343080e-01,3.029554187983685698e-01,4.544331281975528825e+00,-4.739652574062347412e-02,-3.605769599477450238e-01,-5.408654399216175079e+00,-1.610980033874511719e-01,-1.398136933644612556e-01,-2.097205400466918945e+00,-1.447030136247412224e-01,-1.857104576777119653e-01,-2.785656865165679452e+00,-2.741039641575727936e-02,-2.570652206801809017e-02,-3.855978310202713422e-01,-5.136556679967094197e-02,-1.337129438804483261e-01,-1.179225221361100306e+00,-8.237082182833450616e+00,-9.882311637759412903e+00,-9.959408923948416259e+01,-5.239298885489608537e+00,-2.062657788868456965e+00,-3.093986683302685492e+01,-6.069833966323704644e+00,-8.199283933167098581e+00,-6.824950113658054818e+01,1.000000000000000000e+00,7.777777777777777901e-01,1.166666666666666607e+01,6.069433731288366163e-01,5.066329081410710922e-01,7.599493622116066049e+00,4.099903384320520150e-01,3.850021817146919156e-01,5.775032725720378401e+00,-0.000000000000000000e+00,-4.530265471694292639e-02,-6.795398207541438751e-01,-1.415920257568359375e-02,-1.927413940429687639e-02,-2.009041309356689453e-01,-3.810767585079967379e+00,-3.379288051143248151e+00,-5.068932076714872181e+01,-3.515599620355229771e+00,-3.057973881969003660e+00,-4.586960822953505357e+01,-5.404233751796619911e-01,-4.043020621608937049e-01,-6.064530932413405573e+00,-5.736228989119176447e+01,-4.893758721427089142e+01,-7.340638082140633287e+02,-7.002954807126138803e+01,-6.388986843450213371e+01,-9.583480265175320483e+02,-1.917671779385633712e+01,-1.688572001380866894e+01,-2.532858002071300234e+02,1.111111111111111049e-01,3.037037037037036979e-01,4.555555555555555358e+00,3.077723347373332863e-01,3.369598962212255189e-01,5.054398443318382839e+00,2.186806212198837696e-01,2.448370923135126109e-01,3.672556384702688970e+00,-5.588976076418170624e-01,-5.137669461286157313e-01,-7.706504191929236747e+00,-1.695222854614257812e-01,-1.374593734741210993e-01,-2.061890602111816406e+00
2.150000000000000000e+02,1.500000000000000000e+01,-3.115469455904433360e+00,-2.613361377189621138e+00,-3.920042065784431884e+01,-3.570817344323427900e+00,-3.040398970968094083e+00,-4.560598456452141392e+01,-2.950617195435023543e-01,-3.654706131103305222e-01,-5.482059196654957667e+00,-5.305878106213317125e+01,-4.812105429857038530e+01,-7.218158144785558079e+02,-6.535417145053538945e+01,-5.931911447963054229e+01,-8.897867171944581060e+02,-1.015227145274276666e+01,-1.379673752595871328e+01,-2.069510628893806938e+02,5.555555555555555802e-01,6.074074074074073959e-01,9.111111111111110716e+00,4.209848135253141943e-01,3.659033859011052159e-01,5.488550788516578294e+00,3.322426231441156785e-01,3.156821663249878562e-01,4.735232494874817455e+00,-2.953150868415832520e-02,-3.316674493253231049e-01,-4.975011739879846573e+00,-1.426570415496826172e-01,-1.311271349589029911e-01,-1.966907024383544922e+00,-1.447030136247412224e-01,-1.857104576777119653e-01,-2.785656865165679452e+00,-2.741039641575727936e-02,-2.570652206801809017e-02,-3.855978310202713422e-01,-5.136556679967094197e-02,-1.337129438804483261e-01,-1.179225221361100306e+00,-8.237082182833450616e+00,-9.882311637759412903e+00,-9.959408923948416259e+01,-5.239298885489608537e+00,-2.062657788868456965e+00,-3.093986683302685492e+01,-6.069833966323704644e+00,-8.199283933167098581e+00,-6.824950113658054818e+01,1.000000000000000000e+00,7.777777777777777901e-01,1.166666666666666607e+01,6.069433731288366163e-01,5.066329081410710922e-01,7.599493622116066049e+00,4.099903384320520150e-01,3.850021817146919156e-01,5.775032725720378401e+00,-0.000000000000000000e+00,-4.530265471694292639e-02,-6.795398207541438751e-01,-1.415920257568359375e-02,-1.927413940429687639e-02,-2.009041309356689453e-01,-3.810767585079967379e+00,-3.379288051143248151e+00,-5.068932076714872181e+01,-3.515599620355229771e+00,-3.064783461143899324e+00,-4.597175191715849252e+01,-5.404233751796619911e-01,-4.043020621608937049e-01,-6.064530932413405573e+00,-5.736228989119176447e+01,-4.893758721427089142e+01,-7.340638082140633287e+02,-7.002954807126138803e+01,-6.388986843450213371e+01,-9.583480265175320483e+02,-1.917671779385633712e+01,-1.688572001380866894e+01,-2.532858002071300234e+02,1.111111111111111049e-01,3.037037037037036979e-01,4.555555555555555358e+00,3.077723347373332863e-01,3.369598962212255189e-01,5.054398443318382839e+00,2.186806212198837696e-01,2.448370923135126109e-01,3.672556384702688970e+00,-5.588976076418170624e-01,-5.137669461286157313e-01,-7.706504191929236747e+00,-1.695222854614257812e-01,-1.398136933644612556e-01,-2.097205400466918945e+00
2.210000000000000000e+02,1.500000000000000000e+01,-2.595400755430989026e+00,-2.631794955474420217e+00,-3.947692433211630458e+01,-3.396293988692791643e+00,-3.093762066482372841e+00,-4.640643099723559573e+01,-5.101437518542217830e-01,-3.135322610128344345e-01,-4.702983915192516129e+00,-5.028514943012258698e+01,-4.633174915901131641e+01,-6.949762373851697248e+02,-5.888308311988829757e+01,-5.731689043986538223e+01,-8.597533565979807690e+02,-9.462429012428041020e+00,-1.383421110639007345e+01,-2.075131665958510894e+02,5.555555555555555802e-01,5.999999999999999778e-01,9.000000000000000000e+00,3.981029706539123691e-01,3.872600564036952075e-01,5.808900846055427891e+00,3.231611565715309942e-01,3.317489350427343386e-01,4.976234025641015357e+00,-1.904441788792610168e-02,-3.267795207599799023e-01,-4.901692811399698257e+00,-1.446480751037597656e-01,-1.301707744598388783e-01,-1.952561616897583008e+00,-1.447030136247412224e-01,-1.857104576777119653e-01,-2.785656865165679452e+00,-2.741039641575727936e-02,-2.570652206801809017e-02,-3.855978310202713422e-01,-5.136556679967094197e-02,-1.337129438804483261e-01,-1.179225221361100306e+00,-8.237082182833450616e+00,-9.882311637759412903e+00,-9.959408923948416259e+01,-5.239298885489608537e+00,-2.062657788868456965e+00,-3.093986683302685492e+01,-6.069833966323704644e+00,-8.199283933167098581e+00,-6.824950113658054818e+01,1.000000000000000000e+00,7.777777777777777901e-01,1.166666666666666607e+01,6.069433731288366163e-01,5.066329081410710922e-01,7.599493622116066049e+00,4.099903384320520150e-01,3.850021817146919156e-01,5.775032725720378401e+00,-0.000000000000000000e+00,-4.530265471694292639e-02,-6.795398207541438751e-01,-1.415920257568359375e-02,-1.927413940429687639e-02,-2.009041309356689453e-01,-3.810767585079967379e+00,-3.379288051143248151e+00,-5.068932076714872181e+01,-3.570817344323427900e+00,-3.064783461143899324e+00,-4.597175191715849252e+01,-5.404233751796619911e-01,-4.043020621608937049e-01,-6.064530932413405573e+00,-5.736228989119176447e+01,-4.893758721427089142e+01,-7.340638082140633287e+02,-7.002954807126138803e+01,-6.388986843450213371e+01,-9.583480265175320483e+02,-1.917671779385633712e+01,-1.688572001380866894e+01,-2.532858002071300234e+02,1.111111111111111049e-01,3.037037037037036979e-01,4.555555555555555358e+00,3.077723347373332863e-01,3.369598962212255189e-01,5.054398443318382839e+00,2.186806212198837696e-01,2.448370923135126109e-01,3.672556384702688970e+00,-5.588976076418170624e-01,-5.137669461286157313e-01,-7.706504191929236747e+00,-1.695222854614257812e-01,-1.398136933644612556e-01,-2.097205400466918945e+00
2.840000000000000000e+02,1.500000000000000000e+01,-2.315602104353116530e+00,-1.281155094511732706e+00,-1.921732641767599148e+01,-3.046345356360661505e+00,-8.721154812750445684e-01,-1.308173221912566930e+01,-4.407782649757457372e-01,-2.888361796926165459e-01,-4.332542695389248522e+00,-3.373375182567041008e+01,-2.272305092179059471e+01,-3.408457638268588994e+02,-4.381043196475772561e+01,-2.566173171814468645e+01,-3.849259757721703181e+02,-9.307732044659147164e+00,-9.950781234415494225e+00,-1.492617185162324063e+02,3.333333333333333148e-01,5.925925925925926707e-01,8.888888888888889284e+00,2.854643654773198480e-01,3.541078457036514471e-01,5.311617685554772095e+00,2.499866320307328471e-01,2.962853731789277245e-01,4.444280597683915701e+00,-1.034892834722995758e-01,-2.880295998106400246e-01,-4.320443997159600258e+00,-1.751849651336669922e-01,-4.246776898701985770e-02,-6.370165348052978516e-01,-1.447030136247412224e-01,-1.857104576777119653e-01,-2.785656865165679452e+00,-2.741039641575727936e-02,-2.570652206801809017e-02,-3.855978310202713422e-01,-5.136556679967094197e-02,-1.337129438804483261e-01,-1.179225221361100306e+00,-8.237082182833450616e+00,-9.882311637759412903e+00,-9.959408923948416259e+01,-5.239298885489608537e+00,-2.062657788868456965e+00,-3.093986683302685492e+01,-6.069833966323704644e+00,-8.199283933167098581e+00,-6.824950113658054818e+01,1.000000000000000000e+00,7.777777777777777901e-01,1.166666666666666607e+01,6.069433731288366163e-01,5.066329081410710922e-01,7.599493622116066049e+00,4.099903384320520150e-01,3.850021817146919156e-01,5.775032725720378401e+00,-0.000000000000000000e+00,-4.530265471694292639e-02,-6.795398207541438751e-01,-1.415920257568359375e-02,-1.927413940429687639e-02,-2.009041309356689453e-01,-3.810767585079967379e+00,-3.379288051143248151e+00,-5.068932076714872181e+01,-3.570817344323427900e+00,-3.093762066482372841e+00,-4.640643099723559573e+01,-5.404233751796619911e-01,-4.043020621608937049e-01,-6.064530932413405573e+00,-5.736228989119176447e+01,-4.893758721427089142e+01,-7.340638082140633287e+02,-7.002954807126138803e+01,-6.388986843450213371e+01,-9.583480265175320483e+02,-1.917671779385633712e+01,-1.688572001380866894e+01,-2.532858002071300234e+02,1.111111111111111049e-01,3.037037037037036979e-01,4.555555555555555358e+00,3.077723347373332863e-01,3.369598962212255189e-01,5.054398443318382839e+00,2.186806212198837696e-01,2.448370923135126109e-01,3.672556384702688970e+00,-5.588976076418170624e-01,-5.137669461286157313e-01,-7.706504191929236747e+00,-1.695222854614257812e-01,-1.398136933644612556e-01,-2.097205400466918945e+00
2.850000000000000000e+02,1.500000000000000000e+01,-2.236554353693184449e+00,-1.125337875335948867e+00,-1.688006813003923412e+01,-2.525176220539737226e+00,-6.457725013998901753e-01,-9.686587520998353185e+00,-5.776158637653363570e-01,-2.770556765424966872e-01,-4.155835148137450474e+00,-3.511034025494046773e+01,-2.082309301152058367e+01,-3.123463951728087409e+02,-4.362165477029105176e+01,-2.543358608230794715e+01,-3.815037912346192002e+02,-1.229883306904618934e+01,-9.368912335293167359e+00,-1.405336850293975033e+02,6.666666666666666297e-01,6.444444444444443754e-01,9.666666666666666075e+00,3.205564002711315807e-01,3.569383505449690852e-01,5.354075258174535890e+00,2.698274750951628609e-01,3.017826939754379434e-01,4.526740409631568873e+00,-9.283912554383277893e-02,-2.738414519776900535e-01,-4.107621779665350914e+00,-6.748723983764648438e-02,-3.181152343750000278e-02,-4.771728515625000000e-01,-1.447030136247412224e-01,-1.857104576777119653e-01,-2.785656865165679452e+00,-2.741039641575727936e-02,-2.570652206801809017e-02,-3.855978310202713422e-01,-5.136556679967094197e-02,-1.337129438804483261e-01,-1.179225221361100306e+00,-8.237082182833450616e+00,-9.882311637759412903e+00,-9.959408923948416259e+01,-5.239298885489608537e+00,-2.062657788868456965e+00,-3.093986683302685492e+01,-6.069833966323704644e+00,-8.199283933167098581e+00,-6.824950113658054818e+01,1.000000000000000000e+00,7.777777777777777901e-01,1.166666666666666607e+01,6.069433731288366163e-01,5.066329081410710922e-01,7.599493622116066049e+00,4.099903384320520150e-01,3.850021817146919156e-01,5.775032725720378401e+00,-0.000000000000000000e+00,-4.530265471694292639e-02,-6.795398207541438751e-01,-1.415920257568359375e-02,-1.927413940429687639e-02,-2.009041309356689453e-01,-3.810767585079967379e+00,-3.379288051143248151e+00,-5.068932076714872181e+01,-3.570817344323427900e+00,-3.093762066482372841e+00,-4.640643099723559573e+01,-5.404233751796619911e-01,-4.043020621608937049e-01,-6.064530932413405573e+00,-5.736228989119176447e+01,-4.893758721427089142e+01,-7.340638082140633287e+02,-7.002954807126138803e+01,-6.388986843450213371e+01,-9.583480265175320483e+02,-1.917671779385633712e+01,-1.688572001380866894e+01,-2.532858002071300234e+02,1.111111111111111049e-01,3.037037037037036979e-01,4.555555555555555358e+00,2.854643654773198480e-01,3.369598962212255189e-01,5.054398443318382839e+00,2.186806212198837696e-01,2.448370923135126109e-01,3.672556384702688970e+00,-5.588976076418170624e-01,-5.137669461286157313e-01,-7.706504191929236747e+00,-1.751849651336669922e-01,-1.398136933644612556e-01,-2.097205400466918945e+00
2.930000000000000000e+02,1.500000000000000000e+01,-3.174307867720990384e+00,-1.772093486112599203e+00,-2.658140229168898827e+01,-3.575396037974807761e+00,-1.602481616255603036e+00,-2.403722424383404643e+01,-2.616073073369663549e-01,-3.012898272949715017e-01,-4.519347409424572248e+00,-4.757552290802777861e+01,-3.100696125207280929e+01,-4.651044187810921358e+02,-6.300704182707259093e+01,-2.698471911933248535e+01,-4.047707867899872554e+02,-7.692512719492907713e+00,-1.268430990011135151e+01,-1.902646485016702798e+02,7.777777777777777901e-01,6.518518518518519045e-01,9.777777777777778567e+00,3.631441499214313473e-01,3.522172709186480177e-01,5.283259063779720321e+00,3.260595869620480647e-01,3.102262721691139702e-01,4.653394082536709497e+00,-1.851583048701286316e-01,-3.201652957747380124e-01,-4.802479436621069908e+00,-1.180400848388671875e-01,-6.703181266784667691e-02,-1.005477190017700195e+00,-1.447030136247412224e-01,-1.857104576777119653e-01,-2.785656865165679452e+00,-2.741039641575727936e-02,-2.570652206801809017e-02,-3.855978310202713422e-01,-5.136556679967094197e-02,-1.337129438804483261e-01,-1.179225221361100306e+00,-8.237082182833450616e+00,-9.882311637759412903e+00,-9.959408923948416259e+01,-5.239298885489608537e+00,-2.062657788868456965e+00,-3.093986683302685492e+01,-6.069833966323704644e+00,-8.199283933167098581e+00,-6.824950113658054818e+01,1.000000000000000000e+00,7.777777777777777901e-01,1.166666666666666607e+01,6.069433731288366163e-01,5.066329081410710922e-01,7.599493622116066049e+00,4.099903384320520150e-01,3.850021817146919156e-01,5.775032725720378401e+00,-0.000000000000000000e+00,-4.530265471694292639e-02,-6.795398207541438751e-01,-1.415920257568359375e-02,-1.927413940429687639e-02,-2.009041309356689453e-01,-3.810767585079967379e+00,-3.379288051143248151e+00,-5.068932076714872181e+01,-3.570817344323427900e+00,-3.093762066482372841e+00,-4.640643099723559573e+01,-5.776158637653363570e-01,-4.043020621608937049e-01,-6.064530932413405573e+00,-5.736228989119176447e+01,-4.893758721427089142e+01,-7.340638082140633287e+02,-7.002954807126138803e+01,-6.388986843450213371e+01,-9.583480265175320483e+02,-1.917671779385633712e+01,-1.688572001380866894e+01,-2.532858002071300234e+02,1.111111111111111049e-01,3.037037037037036979e-01,4.555555555555555358e+00,2.854643654773198480e-01,3.369598962212255189e-01,5.054398443318382839e+00,2.186806212198837696e-01,2.448370923135126109e-01,3.672556384702688970e+00,-5.588976076418170624e-01,-5.137669461286157313e-01,-7.706504191929236747e+00,-1.751849651336669922e-01,-1.398136933644612556e-01,-2.097205400466918945e+00
2.960000000000000000e+02,1.500000000000000000e+01,-3.204313556665166818e+00,-1.971488506690150189e+00,-2.957232760035225283e+01,-3.625499999092381742e+00,-1.767426914649180114e+00,-2.651140371973770016e+01,-2.082844570937623097e-01,-2.793788744389537615e-01,-4.190683116584306589e+00,-5.198463681342983733e+01,-3.737692543630851105e+01,-5.606538815446276658e+02,-5.958251947254580472e+01,-3.783010337311686300e+01,-5.674515505967528952e+02,-9.890026083095731835e+00,-1.191502788965630444e+01,-1.787254183448445701e+02,6.666666666666666297e-01,6.518518518518517935e-01,9.777777777777776791e+00,4.369247891966088204e-01,3.617709419761692691e-01,5.426564129642539314e+00,3.736123069605060132e-01,3.171906277935090945e-01,4.757859416902636696e+00,-1.874473281204700470e-01,-3.557355063656965632e-01,-5.336032595485448837e+00,-1.236469745635986328e-01,-7.971582412719727118e-02,-1.195737361907958984e+00,-1.447030136247412224e-01,-1.857104576777119653e-01,-2.785656865165679452e+00,-2.741039641575727936e-02,-2.570652206801809017e-02,-3.855978310202713422e-01,-5.136556679967094197e-02,-1.337129438804483261e-01,-1.179225221361100306e+00,-8.237082182833450616e+00,-9.882311637759412903e+00,-9.959408923948416259e+01,-5.239298885489608537e+00,-2.062657788868456965e+00,-3.093986683302685492e+01,-6.069833966323704644e+00,-8.199283933167098581e+00,-6.824950113658054818e+01,1.000000000000000000e+00,7.777777777777777901e-01,1.166666666666666607e+01,6.069433731288366163e-01,5.066329081410710922e-01,7.599493622116066049e+00,4.099903384320520150e-01,3.850021817146919156e-01,5.775032725720378401e+00,-0.000000000000000000e+00,-4.530265471694292639e-02,-6.795398207541438751e-01,-1.415920257568359375e-02,-1.927413940429687639e-02,-2.009041309356689453e-01,-3.810767585079967379e+00,-3.379288051143248151e+00,-5.068932076714872181e+01,-3.575396037974807761e+00,-3.093762066482372841e+00,-4.640643099723559573e+01,-5.776158637653363570e-01,-4.043020621608937049e-01,-6.064530932413405573e+00,-5.736228989119176447e+01,-4.893758721427089142e+01,-7.340638082140633287e+02,-7.002954807126138803e+01,-6.388986843450213371e+01,-9.583480265175320483e+02,-1.917671779385633712e+01,-1.688572001380866894e+01,-2.532858002071300234e+02,1.111111111111111049e-01,3.037037037037036979e-01,4.555555555555555358e+00,2.854643654773198480e-01,3.369598962212255189e-01,5.054398443318382839e+00,2.186806212198837696e-01,2.448370923135126109e-01,3.672556384702688970e+00,-5.588976076418170624e-01,-5.137669461286157313e-01,-7.706504191929236747e+00,-1.751849651336669922e-01,-1.398136933644612556e-01,-2.097205400466918945e+00
3.060000000000000000e+02,1.500000000000000000e+01,-3.231627965632623667e+00,-1.636933917300694707e+00,-2.455400875951042039e+01,-3.685322793595911861e+00,-1.329680910097564617e+00,-1.994521365146346881e+01,-4.486487945469801453e-01,-2.894436826171940536e-01,-4.341655239257910637e+00,-5.117192617516512598e+01,-3.644853285491138450e+01,-5.467279928236707747e+02,-6.385663638196662362e+01,-3.902023672543625565e+01,-5.853035508815438561e+02,-1.144324822039427936e+01,-1.144612502435534473e+01,-1.716918753653301621e+02,5.555555555555555802e-01,6.222222222222222321e-01,9.333333333333333925e+00,3.803712761772352069e-01,3.667236854015178960e-01,5.500855281022768217e+00,3.238902089361503922e-01,3.204492140504204278e-01,4.806738210756306806e+00,-1.628410611301660538e-01,-3.398268851141134639e-01,-5.097403276711702347e+00,-1.708290576934814453e-01,-7.917768160502115793e-02,-1.187665224075317383e+00,-1.447030136247412224e-01,-1.857104576777119653e-01,-2.785656865165679452e+00,-2.741039641575727936e-02,-2.570652206801809017e-02,-3.855978310202713422e-01,-5.136556679967094197e-02,-1.337129438804483261e-01,-1.179225221361100306e+00,-8.237082182833450616e+00,-9.882311637759412903e+00,-9.959408923948416259e+01,-5.239298885489608537e+00,-2.062657788868456965e+00,-3.093986683302685492e+01,-6.069833966323704644e+00,-8.199283933167098581e+00,-6.824950113658054818e+01,1.000000000000000000e+00,7.777777777777777901e-01,1.166666666666666607e+01,6.069433731288366163e-01,5.066329081410710922e-01,7.599493622116066049e+00,4.099903384320520150e-01,3.850021817146919156e-01,5.775032725720378401e+00,-0.000000000000000000e+00,-4.530265471694292639e-02,-6.795398207541438751e-01,-1.415920257568359375e-02,-1.927413940429687639e-02,-2.009041309356689453e-01,-3.810767585079967379e+00,-3.379288051143248151e+00,-5.068932076714872181e+01,-3.625499999092381742e+00,-3.093762066482372841e+00,-4.640643099723559573e+01,-5.776158637653363570e-01,-4.043020621608937049e-01,-6.064530932413405573e+00,-5.736228989119176447e+01,-4.893758721427089142e+01,-7.340638082140633287e+02,-7.002954807126138803e+01,-6.388986843450213371e+01,-9.583480265175320483e+02,-1.917671779385633712e+01,-1.688572001380866894e+01,-2.532858002071300234e+02,1.111111111111111049e-01,3.037037037037036979e-01,4.555555555555555358e+00,2.854643654773198480e-01,3.369598962212255189e-01,5.054398443318382839e+00,2.186806212198837696e-01,2.448370923135126109e-01,3.672556384702688970e+00,-5.588976076418170624e-01,-5.137669461286157313e-01,-7.706504191929236747e+00,-1.751849651336669922e-01,-1.398136933644612556e-01,-2.097205400466918945e+00
3.530000000000000000e+02,1.500000000000000000e+01,-3.626489711109101233e+00,-3.390322458551361606e+00,-5.085483687827042587e+01,-3.650059897472187842e+00,-3.359142057560617012e+00,-5.038713086340925429e+01,-3.454465171740335738e-01,-2.900268469817553485e-01,-4.350402704726330505e+00,-1.957353462100000030e+01,-2.021405980218706944e+01,-3.032108970328060309e+02,-1.301004620591096739e+01,-1.184882948104104727e+01,-1.777324422156157198e+02,-9.975352520759752650e+00,-1.068822629664166257e+01,-1.603233944496249421e+02,3.333333333333333148e-01,3.481481481481481510e-01,5.222222222222222321e+00,2.948897225358542706e-01,3.199730574343824241e-01,4.799595861515736139e+00,2.202910592142763024e-01,2.393964574018794811e-01,3.590946861028192050e+00,-4.102219734340906143e-02,-2.738699456017154032e-01,-4.108049184025730938e+00,-2.125310897827148438e-02,-2.745660146077473843e-02,-4.118490219116210938e-01,-1.447030136247412224e-01,-1.857104576777119653e-01,-2.785656865165679452e+00,-2.741039641575727936e-02,-2.570652206801809017e-02,-3.855978310202713422e-01,-5.136556679967094197e-02,-1.337129438804483261e-01,-1.179225221361100306e+00,-8.237082182833450616e+00,-9.882311637759412903e+00,-9.959408923948416259e+01,-5.239298885489608537e+00,-2.062657788868456965e+00,-3.093986683302685492e+01,-6.069833966323704644e+00,-8.199283933167098581e+00,-6.824950113658054818e+01,1.000000000000000000e+00,7.777777777777777901e-01,1.166666666666666607e+01,6.069433731288366163e-01,5.066329081410710922e-01,7.599493622116066049e+00,4.099903384320520150e-01,3.850021817146919156e-01,5.775032725720378401e+00,-0.000000000000000000e+00,-4.530265471694292639e-02,-6.795398207541438751e-01,-1.415920257568359375e-02,-1.927413940429687639e-02,-2.009041309356689453e-01,-3.810767585079967379e+00,-3.379288051143248151e+00,-5.068932076714872181e+01,-3.685322793595911861e+00,-3.093762066482372841e+00,-4.640643099723559573e+01,-5.776158637653363570e-01,-4.043020621608937049e-01,-6.064530932413405573e+00,-5.736228989119176447e+01,-4.893758721427089142e+01,-7.340638082140633287e+02,-7.002954807126138803e+01,-6.388986843450213371e+01,-9.583480265175320483e+02,-1.917671779385633712e+01,-1.688572001380866894e+01,-2.532858002071300234e+02,1.111111111111111049e-01,3.037037037037036979e-01,4.555555555555555358e+00,2.854643654773198480e-01,3.369598962212255189e-01,5.054398443318382839e+00,2.186806212198837696e-01,2.448370923135126109e-01,3.672556384702688970e+00,-5.588976076418170624e-01,-5.137669461286157313e-01,-7.706504191929236747e+00,-1.751849651336669922e-01,-1.398136933644612556e-01,-2.097205400466918945e+00
3.540000000000000000e+02,1.500000000000000000e+01,-3.665686905465702417e+00,-3.390428463455775532e+00,-5.085642695183663164e+01,-3.692640777146660724e+00,-3.345184067522998017e+00,-5.017776101284496804e+01,-3.426513316015987742e-01,-3.131490954165698226e-01,-4.697236431248547284e+00,-1.864021208029623011e+01,-1.989150662215121201e+01,-2.983725993322681802e+02,-1.314450518273804747e+01,-1.185124947856601452e+01,-1.777687421784902142e+02,-9.698660925871372740e+00,-1.043981259387339477e+01,-1.565971889081009181e+02,2.222222222222222099e-01,3.259259259259258967e-01,4.888888888888888395e+00,2.835439963289329013e-01,2.873724545289405019e-01,4.310586817934107806e+00,2.063301901357680046e-01,2.357193767587076605e-01,3.535790651380614769e+00,-5.041648307815194130e-02,-2.820453202972809659e-01,-4.230679804459214211e+00,-2.452492713928222656e-02,-2.647708257039388044e-02,-3.971562385559082031e-01,-1.447030136247412224e-01,-1.857104576777119653e-01,-2.785656865165679452e+00,-2.741039641575727936e-02,-2.570652206801809017e-02,-3.855978310202713422e-01,-5.136556679967094197e-02,-1.337129438804483261e-01,-1.179225221361100306e+00,-8.237082182833450616e+00,-9.882311637759412903e+00,-9.959408923948416259e+01,-5.239298885489608537e+00,-2.062657788868456965e+00,-3.093986683302685492e+01,-6.069833966323704644e+00,-8.199283933167098581e+00,-6.824950113658054818e+01,1.000000000000000000e+00,7.777777777777777901e-01,1.166666666666666607e+01,6.069433731288366163e-01,5.066329081410710922e-01,7.599493622116066049e+00,4.099903384320520150e-01,3.850021817146919156e-01,5.775032725720378401e+00,-0.000000000000000000e+00,-4.530265471694292639e-02,-6.795398207541438751e-01,-1.415920257568359375e-02,-1.927413940429687639e-02,-2.009041309356689453e-01,-3.810767585079967379e+00,-3.390322458551361606e+00,-5.085483687827042587e+01,-3.685322793595911861e+00,-3.359142057560617012e+00,-5.038713086340925429e+01,-5.776158637653363570e-01,-4.043020621608937049e-01,-6.064530932413405573e+00,-5.736228989119176447e+01,-4.893758721427089142e+01,-7.340638082140633287e+02,-7.002954807126138803e+01,-6.388986843450213371e+01,-9.583480265175320483e+02,-1.917671779385633712e+01,-1.688572001380866894e+01,-2.532858002071300234e+02,1.111111111111111049e-01,3.037037037037036979e-01,4.555555555555555358e+00,2.854643654773198480e-01,3.199730574343824241e-01,4.799595861515736139e+00,2.186806212198837696e-01,2.393964574018794811e-01,3.590946861028192050e+00,-5.588976076418170624e-01,-5.137669461286157313e-01,-7.706504191929236747e+00,-1.751849651336669922e-01,-1.398136933644612556e-01,-2.097205400466918945e+00
3.550000000000000000e+02,1.500000000000000000e+01,-3.450985800173130613e+00,-3.348640593877729277e+00,-5.022960890816593604e+01,-3.694874608669334926e+00,-3.307756209116133661e+00,-4.961634313674200314e+01,-1.669943025862538899e-01,-2.999890933879401089e-01,-4.499836400819101634e+00,-1.777639025489320090e+01,-2.049327653550924921e+01,-3.073991480326387205e+02,-1.299976953754885400e+01,-1.202909007678322162e+01,-1.804363511517483118e+02,-9.471180899056905744e+00,-1.004968656867046661e+01,-1.507452985300569992e+02,4.444444444444444198e-01,3.407407407407408440e-01,5.111111111111112493e+00,3.366788064530994440e-01,3.163239904081976417e-01,4.744859856122964459e+00,2.362982139180621055e-01,2.371388348577566640e-01,3.557082522866350072e+00,-7.839289121329784393e-02,-2.931586991995572822e-01,-4.397380487993359566e+00,-2.215909957885742188e-02,-2.902504603068033900e-02,-4.353756904602050781e-01,-1.447030136247412224e-01,-1.857104576777119653e-01,-2.785656865165679452e+00,-2.741039641575727936e-02,-2.570652206801809017e-02,-3.855978310202713422e-01,-5.136556679967094197e-02,-1.337129438804483261e-01,-1.179225221361100306e+00,-8.237082182833450616e+00,-9.882311637759412903e+00,-9.959408923948416259e+01,-5.239298885489608537e+00,-2.062657788868456965e+00,-3.093986683302685492e+01,-6.069833966323704644e+00,-8.199283933167098581e+00,-6.824950113658054818e+01,1.000000000000000000e+00,7.777777777777777901e-01,1.166666666666666607e+01,6.069433731288366163e-01,5.066329081410710922e-01,7.599493622116066049e+00,4.099903384320520150e-01,3.850021817146919156e-01,5.775032725720378401e+00,-0.000000000000000000e+00,-4.530265471694292639e-02,-6.795398207541438751e-01,-1.415920257568359375e-02,-1.927413940429687639e-02,-2.009041309356689453e-01,-3.810767585079967379e+00,-3.390428463455775532e+00,-5.085642695183663164e+01,-3.692640777146660724e+00,-3.359142057560617012e+00,-5.038713086340925429e+01,-5.776158637653363570e-01,-4.043020621608937049e-01,-6.064530932413405573e+00,-5.736228989119176447e+01,-4.893758721427089142e+01,-7.340638082140633287e+02,-7.002954807126138803e+01,-6.388986843450213371e+01,-9.583480265175320483e+02,-1.917671779385633712e+01,-1.688572001380866894e+01,-2.532858002071300234e+02,1.111111111111111049e-01,3.037037037037036979e-01,4.555555555555555358e+00,2.835439963289329013e-01,2.873724545289405019e-01,4.310586817934107806e+00,2.063301901357680046e-01,2.357193767587076605e-01,3.535790651380614769e+00,-5.588976076418170624e-01,-5.137669461286157313e-01,-7.706504191929236747e+00,-1.751849651336669922e-01,-1.398136933644612556e-01,-2.097205400466918945e+00
3.560000000000000000e+02,1.500000000000000000e+01,-3.574326519260099033e+00,-3.425752973004956292e+00,-5.138629459507434660e+01,-3.691922867646309392e+00,-3.298791551705321456e+00,-4.948187327557982229e+01,-1.859856973444025119e-01,-2.949979002177252618e-01,-4.424968503265878539e+00,-1.783329617372655918e+01,-2.041595054227038375e+01,-3.062392581340557740e+02,-1.305952959208213393e+01,-1.187671568701540181e+01,-1.781507353052310236e+02,-9.263255406085626475e+00,-1.020475046065842051e+01,-1.530712569098762970e+02,3.333333333333333148e-01,2.370370370370370738e-01,3.555555555555556246e+00,3.526284680607608135e-01,3.481195662653486789e-01,5.221793493980229961e+00,2.491296312441370342e-01,2.425269084957167587e-01,3.637903627435751464e+00,-7.959262467920780182e-02,-2.856777255733807808e-01,-4.285165883600711823e+00,-2.256011962890625000e-02,-2.643227577209472656e-02,-3.964841365814208984e-01,-1.447030136247412224e-01,-1.857104576777119653e-01,-2.785656865165679452e+00,-2.741039641575727936e-02,-2.570652206801809017e-02,-3.855978310202713422e-01,-5.136556679967094197e-02,-1.337129438804483261e-01,-1.179225221361100306e+00,-8.237082182833450616e+00,-9.882311637759412903e+00,-9.959408923948416259e+01,-5.239298885489608537e+00,-2.062657788868456965e+00,-3.093986683302685492e+01,-6.069833966323704644e+00,-8.199283933167098581e+00,-6.824950113658054818e+01,1.000000000000000000e+00,7.777777777777777901e-01,1.166666666666666607e+01,6.069433731288366163e-01,5.066329081410710922e-01,7.599493622116066049e+00,4.099903384320520150e-01,3.850021817146919156e-01,5.775032725720378401e+00,-0.000000000000000000e+00,-4.530265471694292639e-02,-6.795398207541438751e-01,-1.415920257568359375e-02,-1.927413940429687639e-02,-2.009041309356689453e-01,-3.810767585079967379e+00,-3.390428463455775532e+00,-5.085642695183663164e+01,-3.694874608669334926e+00,-3.359142057560617012e+00,-5.038713086340925429e+01,-5.776158637653363570e-01,-4.043020621608937049e-01,-6.064530932413405573e+00,-5.736228989119176447e+01,-4.893758721427089142e+01,-7.340638082140633287e+02,-7.002954807126138803e+01,-6.388986843450213371e+01,-9.583480265175320483e+02,-1.917671779385633712e+01,-1.688572001380866894e+01,-2.532858002071300234e+02,1.111111111111111049e-01,3.037037037037036979e-01,4.555555555555555358e+00,2.835439963289329013e-01,2.873724545289405019e-01,4.310586817934107806e+00,2.063301901357680046e-01,2.357193767587076605e-01,3.535790651380614769e+00,-5.588976076418170624e-01,-5.137669461286157313e-01,-7.706504191929236747e+00,-1.751849651336669922e-01,-1.398136933644612556e-01,-2.097205400466918945e+00
3.570000000000000000e+02,1.500000000000000000e+01,-3.593099655627192579e+00,-3.315400941108253452e+00,-4.973101411662380400e+01,-3.619973980465784447e+00,-3.199059351809879104e+00,-4.798589027714818656e+01,-3.646537059500341016e-01,-3.586030191628734043e-01,-5.379045287443100953e+00,-1.889201594759627767e+01,-2.108673519752214531e+01,-3.163010279628321655e+02,-1.294292720131806718e+01,-1.211522044923846231e+01,-1.817283067385769471e+02,-9.234342357276824842e+00,-1.008120310928464392e+01,-1.512180466392696587e+02,1.111111111111111049e-01,3.037037037037036424e-01,4.555555555555554470e+00,2.911991487639881693e-01,3.031846844938191343e-01,4.547770267407287292e+00,1.992029903659430501e-01,2.361407914863832558e-01,3.542111872295748753e+00,-1.049782410264015198e-01,-2.812122032667199734e-01,-4.218183049000799656e+00,-2.284097671508789062e-02,-2.666136423746744838e-02,-3.999204635620117188e-01,-1.447030136247412224e-01,-1.857104576777119653e-01,-2.785656865165679452e+00,-2.741039641575727936e-02,-2.570652206801809017e-02,-3.855978310202713422e-01,-5.136556679967094197e-02,-1.337129438804483261e-01,-1.179225221361100306e+00,-8.237082182833450616e+00,-9.882311637759412903e+00,-9.959408923948416259e+01,-5.239298885489608537e+00,-2.062657788868456965e+00,-3.093986683302685492e+01,-6.069833966323704644e+00,-8.199283933167098581e+00,-6.824950113658054818e+01,1.000000000000000000e+00,7.777777777777777901e-01,1.166666666666666607e+01,6.069433731288366163e-01,5.066329081410710922e-01,7.599493622116066049e+00,4.099903384320520150e-01,3.850021817146919156e-01,5.775032725720378401e+00,-0.000000000000000000e+00,-4.530265471694292639e-02,-6.795398207541438751e-01,-1.415920257568359375e-02,-1.927413940429687639e-02,-2.009041309356689453e-01,-3.810767585079967379e+00,-3.425752973004956292e+00,-5.138629459507434660e+01,-3.694874608669334926e+00,-3.359142057560617012e+00,-5.038713086340925429e+01,-5.776158637653363570e-01,-4.043020621608937049e-01,-6.064530932413405573e+00,-5.736228989119176447e+01,-4.893758721427089142e+01,-7.340638082140633287e+02,-7.002954807126138803e+01,-6.388986843450213371e+01,-9.583480265175320483e+02,-1.917671779385633712e+01,-1.688572001380866894e+01,-2.532858002071300234e+02,1.111111111111111049e-01,2.370370370370370738e-01,3.555555555555556246e+00,2.835439963289329013e-01,2.873724545289405019e-01,4.310586817934107806e+00,2.063301901357680046e-01,2.357193767587076605e-01,3.535790651380614769e+00,-5.588976076418170624e-01,-5.137669461286157313e-01,-7.706504191929236747e+00,-1.751849651336669922e-01,-1.398136933644612556e-01,-2.097205400466918945e+00
3.600000000000000000e+02,1.500000000000000000e+01,-3.296517223312779521e+00,-3.170162398308606022e+00,-4.755243597462909122e+01,-3.328300189574997070e+00,-3.143673653236386478e+00,-4.715510479854579984e+01,-2.681078602706760128e-01,-3.083699991171073851e-01,-4.625549986756610998e+00,-1.850236692696068630e+01,-1.960411993465264402e+01,-2.940617990197896461e+02,-1.339915710599998988e+01,-1.344409543896457748e+01,-2.016614315844686587e+02,-8.980440813264221944e+00,-9.689175165636690679e+00,-1.453376274845503531e+02,2.222222222222222099e-01,3.037037037037037535e-01,4.555555555555556246e+00,3.503378884222238532e-01,3.430711323317545136e-01,5.146066984976317649e+00,2.149624872923371621e-01,2.332906336240132827e-01,3.499359504360199047e+00,-8.782666176557540894e-03,-2.456970386517544624e-01,-3.685455579776316881e+00,-2.203917503356933594e-02,-2.782362302144368582e-02,-4.173543453216552734e-01,-1.447030136247412224e-01,-1.857104576777119653e-01,-2.785656865165679452e+00,-2.741039641575727936e-02,-2.570652206801809017e-02,-3.855978310202713422e-01,-5.136556679967094197e-02,-1.337129438804483261e-01,-1.179225221361100306e+00,-8.237082182833450616e+00,-9.882311637759412903e+00,-9.959408923948416259e+01,-5.239298885489608537e+00,-2.062657788868456965e+00,-3.093986683302685492e+01,-6.069833966323704644e+00,-8.199283933167098581e+00,-6.824950113658054818e+01,1.000000000000000000e+00,7.777777777777777901e-01,1.166666666666666607e+01,6.069433731288366163e-01,5.066329081410710922e-01,7.599493622116066049e+00,4.099903384320520150e-01,3.850021817146919156e-01,5.775032725720378401e+00,-0.000000000000000000e+00,-4.530265471694292639e-02,-6.795398207541438751e-01,-1.415920257568359375e-02,-1.927413940429687639e-02,-2.009041309356689453e-01,-3.810767585079967379e+00,-3.425752973004956292e+00,-5.138629459507434660e+01,-3.694874608669334926e+00,-3.359142057560617012e+00,-5.038713086340925429e+01,-5.776158637653363570e-01,-4.043020621608937049e-01,-6.064530932413405573e+00,-5.736228989119176447e+01,-4.893758721427089142e+01,-7.340638082140633287e+02,-7.002954807126138803e+01,-6.388986843450213371e+01,-9.583480265175320483e+02,-1.917671779385633712e+01,-1.688572001380866894e+01,-2.532858002071300234e+02,1.111111111111111049e-01,2.370370370370370738e-01,3.555555555555556246e+00,2.835439963289329013e-01,2.873724545289405019e-01,4.310586817934107806e+00,1.992029903659430501e-01,2.357193767587076605e-01,3.535790651380614769e+00,-5.588976076418170624e-01,-5.137669461286157313e-01,-7.706504191929236747e+00,-1.751849651336669922e-01,-1.398136933644612556e-01,-2.097205400466918945e+00
3.610000000000000000e+02,1.500000000000000000e+01,-3.200283938477392454e+00,-3.263150649605968123e+00,-4.894725974408952140e+01,-3.289446417049464166e+00,-3.141359363344127242e+00,-4.712039045016190641e+01,-3.594920198799155253e-01,-3.724063991036967725e-01,-5.586095986555451809e+00,-1.780946856313121884e+01,-1.994703976778857069e+01,-2.992055965168285638e+02,-1.342233090127526651e+01,-1.371600518209039166e+01,-2.057400777313558820e+02,-8.345888665249878713e+00,-9.749614277751362579e+00,-1.462442141662704387e+02,2.222222222222222099e-01,3.111111111111111160e-01,4.666666666666666963e+00,3.370991455403286041e-01,3.201791231352397182e-01,4.802686847028596162e+00,2.068820271790953180e-01,2.254256318848882612e-01,3.381384478273323779e+00,-1.253843586891889572e-02,-2.468640004439900393e-01,-3.702960006659850478e+00,-2.064681053161621094e-02,-2.828448613484700613e-02,-4.242672920227050781e-01,-1.447030136247412224e-01,-1.857104576777119653e-01,-2.785656865165679452e+00,-2.741039641575727936e-02,-2.570652206801809017e-02,-3.855978310202713422e-01,-5.136556679967094197e-02,-1.337129438804483261e-01,-1.179225221361100306e+00,-8.237082182833450616e+00,-9.882311637759412903e+00,-9.959408923948416259e+01,-5.239298885489608537e+00,-2.062657788868456965e+00,-3.093986683302685492e+01,-6.069833966323704644e+00,-8.199283933167098581e+00,-6.824950113658054818e+01,1.000000000000000000e+00,7.777777777777777901e-01,1.166666666666666607e+01,6.069433731288366163e-01,5.066329081410710922e-01,7.599493622116066049e+00,4.099903384320520150e-01,3.850021817146919156e-01,5.775032725720378401e+00,-0.000000000000000000e+00,-4.530265471694292639e-02,-6.795398207541438751e-01,-1.415920257568359375e-02,-1.927413940429687639e-02,-2.009041309356689453e-01,-3.810767585079967379e+00,-3.425752973004956292e+00,-5.138629459507434660e+01,-3.694874608669334926e+00,-3.359142057560617012e+00,-5.038713086340925429e+01,-5.776158637653363570e-01,-4.043020621608937049e-01,-6.064530932413405573e+00,-5.736228989119176447e+01,-4.893758721427089142e+01,-7.340638082140633287e+02,-7.002954807126138803e+01,-6.388986843450213371e+01,-9.583480265175320483e+02,-1.917671779385633712e+01,-1.688572001380866894e+01,-2.532858002071300234e+02,1.111111111111111049e-01,2.370370370370370738e-01,3.555555555555556246e+00,2.835439963289329013e-01,2.873724545289405019e-01,4.310586817934107806e+00,1.992029903659430501e-01,2.332906336240132827e-01,3.499359504360199047e+00,-5.588976076418170624e-01,-5.137669461286157313e-01,-7.706504191929236747e+00,-1.751849651336669922e-01,-1.398136933644612556e-01,-2.097205400466918945e+00
4.060000000000000000e+02,1.500000000000000000e+01,-3.859556067049493500e+00,-1.748786175044511948e+00,-2.623179262566767989e+01,-3.680309977243033437e+00,-1.003134243756989230e+00,-1.504701365635483867e+01,-2.094046212800801665e-01,-2.811260205391508671e-01,-4.216890308087262618e+00,-5.206244845970309143e+01,-3.824615398111878051e+01,-5.736923097167816650e+02,-6.600854647610908899e+01,-4.155076183805769574e+01,-6.232614275708654077e+02,-9.679478829468495249e+00,-1.080449742272661773e+01,-1.620674613408992570e+02,6.666666666666666297e-01,6.518518518518517935e-01,9.777777777777776791e+00,4.009476956408206116e-01,3.787068468639087637e-01,5.680602702958631234e+00,3.295329087574927485e-01,3.298073862707881498e-01,4.947110794061821970e+00,-1.803037859499454498e-01,-4.166135534954567565e-01,-6.249203302431851625e+00,-1.338977813720703125e-01,-6.686550776163736887e-02,-1.002982616424560547e+00,-1.447030136247412224e-01,-1.857104576777119653e-01,-2.785656865165679452e+00,-2.741039641575727936e-02,-2.570652206801809017e-02,-3.855978310202713422e-01,-4.693619814603587626e-02,-1.337129438804483261e-01,-1.179225221361100306e+00,-8.237082182833450616e+00,-9.882311637759412903e+00,-9.959408923948416259e+01,-5.239298885489608537e+00,-2.062657788868456965e+00,-3.093986683302685492e+01,-6.069833966323704644e+00,-8.199283933167098581e+00,-6.824950113658054818e+01,1.000000000000000000e+00,7.777777777777777901e-01,1.166666666666666607e+01,6.069433731288366163e-01,5.066329081410710922e-01,7.599493622116066049e+00,4.099903384320520150e-01,3.850021817146919156e-01,5.775032725720378401e+00,-0.000000000000000000e+00,-4.530265471694292639e-02,-6.795398207541438751e-01,-1.415920257568359375e-02,-1.927413940429687639e-02,-2.009041309356689453e-01,-3.810767585079967379e+00,-3.425752973004956292e+00,-5.138629459507434660e+01,-3.694874608669334926e+00,-3.359142057560617012e+00,-5.038713086340925429e+01,-5.776158637653363570e-01,-4.043020621608937049e-01,-6.064530932413405573e+00,-5.736228989119176447e+01,-4.893758721427089142e+01,-7.340638082140633287e+02,-7.002954807126138803e+01,-6.388986843450213371e+01,-9.583480265175320483e+02,-1.917671779385633712e+01,-1.688572001380866894e+01,-2.532858002071300234e+02,1.111111111111111049e-01,2.370370370370370738e-01,3.555555555555556246e+00,2.835439963289329013e-01,2.873724545289405019e-01,4.310586817934107806e+00,1.992029903659430501e-01,2.254256318848882612e-01,3.381384478273323779e+00,-5.588976076418170624e-01,-5.137669461286157313e-01,-7.706504191929236747e+00,-1.751849651336669922e-01,-1.398136933644612556e-01,-2.097205400466918945e+00
5.810000000000000000e+02,1.500000000000000000e+01,-2.181818611377016326e-01,-4.133462559643268364e-01,-6.200193839464902545e+00,-4.937494348331669669e-02,-6.599949184539036229e-02,-9.899923776808553511e-01,-1.265505745867889775e-01,-1.679401768687754926e-01,-2.519102653031632499e+00,-1.151230622061907205e+01,-1.307824833475211257e+01,-1.961737250212816832e+02,-5.446338523723170510e+01,-5.288435780859330038e+01,-7.932653671288994701e+02,-8.855444522656240380e+00,-9.976434632256536261e+00,-1.496465194838480386e+02,1.111111111111111049e-01,3.259259259259258967e-01,4.888888888888888395e+00,5.988624222574803202e-01,4.497226163228190132e-01,6.745839244842285254e+00,2.293337973162339338e-01,2.544904129384651936e-01,3.817356194076977793e+00,-2.986877295188605785e-02,-3.036226610420271754e-01,-4.554339915630407631e+00,-1.673579216003417969e-02,-2.520132064819335938e-02,-3.780198097229003906e-01,-1.447030136247412224e-01,-1.857104576777119653e-01,-1.548825974935620797e+00,-2.148921849728342715e-02,-2.570652206801809017e-02,-2.297411843659663278e-01,-4.693619814603587626e-02,-1.248855663849841174e-01,-1.020588643858820088e+00,-8.237082182833450616e+00,-9.882311637759412903e+00,-9.959408923948416259e+01,-5.110206597854462629e+00,-2.062657788868456965e+00,-2.992255797428632391e+01,-5.538572390370934073e+00,-8.153233692653104825e+00,-6.824950113658054818e+01,1.000000000000000000e+00,8.148148148148151027e-01,1.222222222222222676e+01,6.264402019508703567e-01,5.066329081410710922e-01,7.599493622116066049e+00,4.333381275242679798e-01,3.923779957777438487e-01,5.885669936666158009e+00,-0.000000000000000000e+00,-4.530265471694292639e-02,-6.795398207541438751e-01,-1.415920257568359375e-02,-1.927413940429687639e-02,-2.009041309356689453e-01,-3.859556067049493500e+00,-3.425752973004956292e+00,-5.138629459507434660e+01,-3.694874608669334926e+00,-3.359142057560617012e+00,-5.038713086340925429e+01,-5.776158637653363570e-01,-4.043020621608937049e-01,-6.064530932413405573e+00,-5.736228989119176447e+01,-4.893758721427089142e+01,-7.340638082140633287e+02,-7.002954807126138803e+01,-6.388986843450213371e+01,-9.583480265175320483e+02,-1.917671779385633712e+01,-1.688572001380866894e+01,-2.532858002071300234e+02,1.111111111111111049e-01,2.370370370370370738e-01,3.555555555555556246e+00,2.835439963289329013e-01,2.873724545289405019e-01,4.310586817934107806e+00,1.992029903659430501e-01,2.254256318848882612e-01,3.381384478273323779e+00,-5.588976076418170624e-01,-5.137669461286157313e-01,-7.706504191929236747e+00,-1.751849651336669922e-01,-1.398136933644612556e-01,-2.097205400466918945e+00
5.910000000000000000e+02,1.500000000000000000e+01,-2.422493216898095270e+00,-1.729172506361219996e+00,-2.593758759541830017e+01,-2.318230288036127185e+00,-1.477184792385382694e+00,-2.215777188578073975e+01,-9.762241459824179401e-02,-1.620443412012065598e-01,-2.430665118018098259e+00,-2.054483558375406460e+01,-2.702174213053980623e+01,-4.053261319580971076e+02,-5.803843789804576403e+01,-6.803229298105870271e+01,-1.020484394715880512e+03,-8.673242477966537578e+00,-1.166574827172081896e+01,-1.749862240758122880e+02,5.555555555555555802e-01,5.777777777777778345e-01,8.666666666666667851e+00,4.349885230324388452e-01,4.164892063262418676e-01,6.247338094893628124e+00,3.187500403943369087e-01,3.131220678454852413e-01,4.696831017682278286e+00,-1.057912623509764671e-01,-3.562298418449548199e-01,-5.343447627674322575e+00,-5.044507980346679688e-02,-6.753907203674316961e-02,-1.013086080551147461e+00,-1.447030136247412224e-01,-1.857104576777119653e-01,-1.548825974935620797e+00,-2.148921849728342715e-02,-2.570652206801809017e-02,-2.297411843659663278e-01,-4.693619814603587626e-02,-1.248855663849841174e-01,-1.020588643858820088e+00,-8.237082182833450616e+00,-9.882311637759412903e+00,-9.959408923948416259e+01,-5.110206597854462629e+00,-2.062657788868456965e+00,-2.992255797428632391e+01,-5.538572390370934073e+00,-8.153233692653104825e+00,-6.824950113658054818e+01,1.000000000000000000e+00,8.148148148148151027e-01,1.222222222222222676e+01,6.264402019508703567e-01,5.066329081410710922e-01,7.599493622116066049e+00,4.333381275242679798e-01,3.923779957777438487e-01,5.885669936666158009e+00,-0.000000000000000000e+00,-4.530265471694292639e-02,-6.795398207541438751e-01,-1.415920257568359375e-02,-1.927413940429687639e-02,-2.009041309356689453e-01,-3.859556067049493500e+00,-3.425752973004956292e+00,-5.138629459507434660e+01,-3.694874608669334926e+00,-3.359142057560617012e+00,-5.038713086340925429e+01,-5.776158637653363570e-01,-4.043020621608937049e-01,-6.064530932413405573e+00,-5.736228989119176447e+01,-4.893758721427089142e+01,-7.340638082140633287e+02,-7.002954807126138803e+01,-6.388986843450213371e+01,-9.583480265175320483e+02,-1.917671779385633712e+01,-1.688572001380866894e+01,-2.532858002071300234e+02,1.111111111111111049e-01,2.370370370370370738e-01,3.555555555555556246e+00,2.835439963289329013e-01,2.873724545289405019e-01,4.310586817934107806e+00,1.992029903659430501e-01,2.254256318848882612e-01,3.381384478273323779e+00,-5.588976076418170624e-01,-5.137669461286157313e-01,-7.706504191929236747e+00,-1.751849651336669922e-01,-1.398136933644612556e-01,-2.097205400466918945e+00
5.990000000000000000e+02,1.500000000000000000e+01,-1.477057109008889979e+00,-1.870223131579711984e+00,-2.805334697369567820e+01,-1.459583701956913782e+00,-1.730061915886450974e+00,-2.595092873829676350e+01,-1.341514672419014953e-01,-1.461486966722712610e-01,-2.192230450084069027e+00,-2.961736813162304571e+01,-2.679956042483667389e+01,-4.019934063725501119e+02,-7.002970401635124631e+01,-6.739214043123907061e+01,-1.010882106468586130e+03,-1.256645383902267277e+01,-1.134515102120365704e+01,-1.701772653180548502e+02,4.444444444444444198e-01,5.481481481481480511e-01,8.222222222222221433e+00,4.669021576087797332e-01,4.239777659208339711e-01,6.359666488812509400e+00,3.078419071755527092e-01,3.146689746016598233e-01,4.720034619024897182e+00,-6.144297472201287746e-02,-3.278456801393379583e-01,-4.917685202090069652e+00,-7.235193252563476562e-02,-7.193425496419271481e-02,-1.079013824462890625e+00,-1.447030136247412224e-01,-1.857104576777119653e-01,-1.548825974935620797e+00,-2.148921849728342715e-02,-2.570652206801809017e-02,-2.297411843659663278e-01,-4.693619814603587626e-02,-1.248855663849841174e-01,-1.020588643858820088e+00,-8.237082182833450616e+00,-9.882311637759412903e+00,-9.959408923948416259e+01,-5.110206597854462629e+00,-2.062657788868456965e+00,-2.992255797428632391e+01,-5.538572390370934073e+00,-8.153233692653104825e+00,-6.824950113658054818e+01,1.000000000000000000e+00,8.148148148148151027e-01,1.222222222222222676e+01,6.264402019508703567e-01,5.066329081410710922e-01,7.599493622116066049e+00,4.333381275242679798e-01,3.923779957777438487e-01,5.885669936666158009e+00,-0.000000000000000000e+00,-4.530265471694292639e-02,-6.795398207541438751e-01,-1.415920257568359375e-02,-1.927413940429687639e-02,-2.009041309356689453e-01,-3.859556067049493500e+00,-3.425752973004956292e+00,-5.138629459507434660e+01,-3.694874608669334926e+00,-3.359142057560617012e+00,-5.038713086340925429e+01,-5.776158637653363570e-01,-4.043020621608937049e-01,-6.064530932413405573e+00,-5.736228989119176447e+01,-4.893758721427089142e+01,-7.340638082140633287e+02,-7.002954807126138803e+01,-6.803229298105870271e+01,-1.020484394715880512e+03,-1.917671779385633712e+01,-1.688572001380866894e+01,-2.532858002071300234e+02,1.111111111111111049e-01,2.370370370370370738e-01,3.555555555555556246e+00,2.835439963289329013e-01,2.873724545289405019e-01,4.310586817934107806e+00,1.992029903659430501e-01,2.254256318848882612e-01,3.381384478273323779e+00,-5.588976076418170624e-01,-5.137669461286157313e-01,-7.706504191929236747e+00,-1.751849651336669922e-01,-1.398136933644612556e-01,-2.097205400466918945e+00
6.000000000000000000e+02,1.500000000000000000e+01,-2.751746948071192467e+00,-2.124233511846914446e+00,-3.186350267770371758e+01,-2.470713791947059867e+00,-1.869750560411541418e+00,-2.804625840617311994e+01,-1.095773836669172580e-01,-1.500561384954463007e-01,-2.250842077431694399e+00,-2.845559433971582664e+01,-3.577742933915099854e+01,-5.366614400872649639e+02,-6.984854019795855606e+01,-7.394584042897437826e+01,-1.109187606434615645e+03,-1.170969375241444510e+01,-1.116148645014971486e+01,-1.674222967522457282e+02,6.666666666666666297e-01,5.481481481481481621e-01,8.222222222222223209e+00,4.084350543551938384e-01,4.209596048936044554e-01,6.314394073404066887e+00,3.251794506055147860e-01,3.210444459593721489e-01,4.815666689390582178e+00,-1.008619945496320724e-01,-3.424343981120425151e-01,-5.136515971680637449e+00,-8.415102958679199219e-02,-8.693954149881998050e-02,-1.304093122482299805e+00,-1.447030136247412224e-01,-1.857104576777119653e-01,-1.548825974935620797e+00,-2.148921849728342715e-02,-2.570652206801809017e-02,-2.297411843659663278e-01,-4.693619814603587626e-02,-1.248855663849841174e-01,-1.020588643858820088e+00,-8.237082182833450616e+00,-9.882311637759412903e+00,-9.959408923948416259e+01,-5.110206597854462629e+00,-2.062657788868456965e+00,-2.992255797428632391e+01,-5.538572390370934073e+00,-8.153233692653104825e+00,-6.824950113658054818e+01,1.000000000000000000e+00,8.148148148148151027e-01,1.222222222222222676e+01,6.264402019508703567e-01,5.066329081410710922e-01,7.599493622116066049e+00,4.333381275242679798e-01,3.923779957777438487e-01,5.885669936666158009e+00,-0.000000000000000000e+00,-4.530265471694292639e-02,-6.795398207541438751e-01,-1.415920257568359375e-02,-1.927413940429687639e-02,-2.009041309356689453e-01,-3.859556067049493500e+00,-3.425752973004956292e+00,-5.138629459507434660e+01,-3.694874608669334926e+00,-3.359142057560617012e+00,-5.038713086340925429e+01,-5.776158637653363570e-01,-4.043020621608937049e-01,-6.064530932413405573e+00,-5.736228989119176447e+01,-4.893758721427089142e+01,-7.340638082140633287e+02,-7.002970401635124631e+01,-6.803229298105870271e+01,-1.020484394715880512e+03,-1.917671779385633712e+01,-1.688572001380866894e+01,-2.532858002071300234e+02,1.111111111111111049e-01,2.370370370370370738e-01,3.555555555555556246e+00,2.835439963289329013e-01,2.873724545289405019e-01,4.310586817934107806e+00,1.992029903659430501e-01,2.254256318848882612e-01,3.381384478273323779e+00,-5.588976076418170624e-01,-5.137669461286157313e-01,-7.706504191929236747e+00,-1.751849651336669922e-01,-1.398136933644612556e-01,-2.097205400466918945e+00
6.010000000000000000e+02,1.500000000000000000e+01,-1.600295757820485054e+00,-1.816581280157919975e+00,-2.724871920236880030e+01,-1.311989706027797187e+00,-1.518373081061762608e+00,-2.277559621592643779e+01,-1.276141032993755586e-01,-1.575267717212835705e-01,-2.362901575819253530e+00,-4.793134479696895056e+01,-4.568737316967536088e+01,-6.853105975451304630e+02,-7.526124177531184500e+01,-7.377718736155230772e+01,-1.106657810423284673e+03,-8.718017923912119826e+00,-1.068038238735474899e+01,-1.602057358103212437e+02,5.555555555555555802e-01,5.703703703703703054e-01,8.555555555555555358e+00,4.491007011801686488e-01,4.121588757045489548e-01,6.182383135568234600e+00,3.263094722162851458e-01,3.217428265020975675e-01,4.826142397531463679e+00,-1.057161577045917511e-01,-3.500500888660705301e-01,-5.250751332991058007e+00,-9.378361701965332031e-02,-1.076388359069824219e-01,-1.614582538604736328e+00,-1.447030136247412224e-01,-1.857104576777119653e-01,-1.548825974935620797e+00,-2.148921849728342715e-02,-2.570652206801809017e-02,-2.297411843659663278e-01,-4.693619814603587626e-02,-1.248855663849841174e-01,-1.020588643858820088e+00,-8.237082182833450616e+00,-9.882311637759412903e+00,-9.959408923948416259e+01,-5.110206597854462629e+00,-2.062657788868456965e+00,-2.992255797428632391e+01,-5.538572390370934073e+00,-8.153233692653104825e+00,-6.824950113658054818e+01,1.000000000000000000e+00,8.148148148148151027e-01,1.222222222222222676e+01,6.264402019508703567e-01,5.066329081410710922e-01,7.599493622116066049e+00,4.333381275242679798e-01,3.923779957777438487e-01,5.885669936666158009e+00,-0.000000000000000000e+00,-4.530265471694292639e-02,-6.795398207541438751e-01,-1.415920257568359375e-02,-1.927413940429687639e-02,-2.009041309356689453e-01,-3.859556067049493500e+00,-3.425752973004956292e+00,-5.138629459507434660e+01,-3.694874608669334926e+00,-3.359142057560617012e+00,-5.038713086340925429e+01,-5.776158637653363570e-01,-4.043020621608937049e-01,-6.064530932413405573e+00,-5.736228989119176447e+01,-4.893758721427089142e+01,-7.340638082140633287e+02,-7.002970401635124631e+01,-7.394584042897437826e+01,-1.109187606434615645e+03,-1.917671779385633712e+01,-1.688572001380866894e+01,-2.532858002071300234e+02,1.111111111111111049e-01,2.370370370370370738e-01,3.555555555555556246e+00,2.835439963289329013e-01,2.873724545289405019e-01,4.310586817934107806e+00,1.992029903659430501e-01,2.254256318848882612e-01,3.381384478273323779e+00,-5.588976076418170624e-01,-5.137669461286157313e-01,-7.706504191929236747e+00,-1.751849651336669922e-01,-1.398136933644612556e-01,-2.097205400466918945e+00
6.030000000000000000e+02,1.500000000000000000e+01,-2.857657964172533926e+00,-2.091264627586738367e+00,-3.136896941380107862e+01,-2.528309427807238219e+00,-1.864935404094580917e+00,-2.797403106141871376e+01,-1.041473671868617806e-01,-1.529446724838226523e-01,-2.294170087257339841e+00,-4.979122128930968927e+01,-4.626207219585021591e+01,-6.939310829377532173e+02,-7.509423371596108154e+01,-7.397217692823615209e+01,-1.109582653923542239e+03,-9.766710783223263803e+00,-9.888063223949536962e+00,-1.483209483592430615e+02,6.666666666666666297e-01,5.777777777777777235e-01,8.666666666666666075e+00,4.271462445417741338e-01,4.175733091358557192e-01,6.263599637037835954e+00,3.456916104551602809e-01,3.214195491665098880e-01,4.821293237497648043e+00,-7.927416916936635971e-02,-3.527010509996519882e-01,-5.290515764994779602e+00,-1.136572360992431641e-01,-1.031592528025309236e-01,-1.547388792037963867e+00,-1.447030136247412224e-01,-1.857104576777119653e-01,-1.548825974935620797e+00,-2.148921849728342715e-02,-2.570652206801809017e-02,-2.297411843659663278e-01,-4.693619814603587626e-02,-1.248855663849841174e-01,-1.020588643858820088e+00,-8.237082182833450616e+00,-9.882311637759412903e+00,-9.959408923948416259e+01,-5.110206597854462629e+00,-2.062657788868456965e+00,-2.992255797428632391e+01,-5.538572390370934073e+00,-8.153233692653104825e+00,-6.824950113658054818e+01,1.000000000000000000e+00,8.148148148148151027e-01,1.222222222222222676e+01,6.264402019508703567e-01,5.066329081410710922e-01,7.599493622116066049e+00,4.333381275242679798e-01,3.923779957777438487e-01,5.885669936666158009e+00,-0.000000000000000000e+00,-4.530265471694292639e-02,-6.795398207541438751e-01,-1.415920257568359375e-02,-1.927413940429687639e-02,-2.009041309356689453e-01,-3.859556067049493500e+00,-3.425752973004956292e+00,-5.138629459507434660e+01,-3.694874608669334926e+00,-3.359142057560617012e+00,-5.038713086340925429e+01,-5.776158637653363570e-01,-4.043020621608937049e-01,-6.064530932413405573e+00,-5.736228989119176447e+01,-4.893758721427089142e+01,-7.340638082140633287e+02,-7.526124177531184500e+01,-7.394584042897437826e+01,-1.109187606434615645e+03,-1.917671779385633712e+01,-1.688572001380866894e+01,-2.532858002071300234e+02,1.111111111111111049e-01,2.370370370370370738e-01,3.555555555555556246e+00,2.835439963289329013e-01,2.873724545289405019e-01,4.310586817934107806e+00,1.992029903659430501e-01,2.254256318848882612e-01,3.381384478273323779e+00,-5.588976076418170624e-01,-5.137669461286157313e-01,-7.706504191929236747e+00,-1.751849651336669922e-01,-1.398136933644612556e-01,-2.097205400466918945e+00
6.040000000000000000e+02,1.500000000000000000e+01,-3.161850774376614659e+00,-2.270799394561896722e+00,-3.406199091842844950e+01,-2.841187765673472754e+00,-1.963585615056692824e+00,-2.945378422585039146e+01,-1.465328756839379687e-01,-1.447884214855258977e-01,-2.171826322282888633e+00,-4.873219808771895600e+01,-4.556908113188564613e+01,-6.835362169782846422e+02,-7.544259377351801277e+01,-7.375301230383642803e+01,-1.106295184557546463e+03,-9.740891181069533999e+00,-1.151024862302628726e+01,-1.726537293453943107e+02,3.333333333333333148e-01,4.222222222222222210e-01,6.333333333333333037e+00,4.640596325870245953e-01,4.408000595255290865e-01,6.612000892882936576e+00,3.100166794871717091e-01,3.090931457843196783e-01,4.636397186764795286e+00,-1.447835084982216358e-01,-3.436552163989593511e-01,-5.154828245984390378e+00,-1.302299499511718750e-01,-1.086613178253173773e-01,-1.629919767379760742e+00,-1.447030136247412224e-01,-1.857104576777119653e-01,-1.548825974935620797e+00,-2.148921849728342715e-02,-2.570652206801809017e-02,-2.297411843659663278e-01,-4.693619814603587626e-02,-1.248855663849841174e-01,-1.020588643858820088e+00,-8.237082182833450616e+00,-9.882311637759412903e+00,-9.959408923948416259e+01,-5.110206597854462629e+00,-2.062657788868456965e+00,-2.992255797428632391e+01,-5.538572390370934073e+00,-8.153233692653104825e+00,-6.824950113658054818e+01,1.000000000000000000e+00,8.148148148148151027e-01,1.222222222222222676e+01,6.264402019508703567e-01,5.066329081410710922e-01,7.599493622116066049e+00,4.333381275242679798e-01,3.923779957777438487e-01,5.885669936666158009e+00,-0.000000000000000000e+00,-4.530265471694292639e-02,-6.795398207541438751e-01,-1.415920257568359375e-02,-1.927413940429687639e-02,-2.009041309356689453e-01,-3.859556067049493500e+00,-3.425752973004956292e+00,-5.138629459507434660e+01,-3.694874608669334926e+00,-3.359142057560617012e+00,-5.038713086340925429e+01,-5.776158637653363570e-01,-4.043020621608937049e-01,-6.064530932413405573e+00,-5.736228989119176447e+01,-4.893758721427089142e+01,-7.340638082140633287e+02,-7.526124177531184500e+01,-7.397217692823615209e+01,-1.109582653923542239e+03,-1.917671779385633712e+01,-1.688572001380866894e+01,-2.532858002071300234e+02,1.111111111111111049e-01,2.370370370370370738e-01,3.555555555555556246e+00,2.835439963289329013e-01,2.873724545289405019e-01,4.310586817934107806e+00,1.992029903659430501e-01,2.254256318848882612e-01,3.381384478273323779e+00,-5.588976076418170624e-01,-5.137669461286157313e-01,-7.706504191929236747e+00,-1.751849651336669922e-01,-1.398136933644612556e-01,-2.097205400466918945e+00
6.050000000000000000e+02,1.500000000000000000e+01,-2.552889337606639941e+00,-2.277059048293545107e+00,-3.415588572440317705e+01,-2.425691367245236929e+00,-1.941793495669040359e+00,-2.912690243503560694e+01,-8.625950984472911809e-02,-1.438556306317243516e-01,-2.157834459475865163e+00,-4.609950170251597967e+01,-4.558540331600673312e+01,-6.837810497401010252e+02,-7.587305195851523365e+01,-7.203625501114933627e+01,-1.080543825167240129e+03,-7.077624942584326284e+00,-1.094309872991496491e+01,-1.641464809487244736e+02,6.666666666666666297e-01,5.777777777777777235e-01,8.666666666666666075e+00,4.436376050773095936e-01,4.304596183064642867e-01,6.456894274596963967e+00,3.484809573029202245e-01,3.292839385207613767e-01,4.939259077811420262e+00,-1.287337748799473047e-01,-3.596940648780825311e-01,-5.395410973171237856e+00,-8.370184898376464844e-02,-9.951279958089193078e-02,-1.492691993713378906e+00,-1.447030136247412224e-01,-1.857104576777119653e-01,-1.548825974935620797e+00,-2.148921849728342715e-02,-2.570652206801809017e-02,-2.297411843659663278e-01,-4.693619814603587626e-02,-1.248855663849841174e-01,-1.020588643858820088e+00,-8.237082182833450616e+00,-9.882311637759412903e+00,-9.959408923948416259e+01,-5.110206597854462629e+00,-2.062657788868456965e+00,-2.992255797428632391e+01,-5.538572390370934073e+00,-8.153233692653104825e+00,-6.824950113658054818e+01,1.000000000000000000e+00,8.148148148148151027e-01,1.222222222222222676e+01,6.264402019508703567e-01,5.066329081410710922e-01,7.599493622116066049e+00,4.333381275242679798e-01,3.923779957777438487e-01,5.885669936666158009e+00,-0.000000000000000000e+00,-4.530265471694292639e-02,-6.795398207541438751e-01,-1.415920257568359375e-02,-1.927413940429687639e-02,-2.009041309356689453e-01,-3.859556067049493500e+00,-3.425752973004956292e+00,-5.138629459507434660e+01,-3.694874608669334926e+00,-3.359142057560617012e+00,-5.038713086340925429e+01,-5.776158637653363570e-01,-4.043020621608937049e-01,-6.064530932413405573e+00,-5.736228989119176447e+01,-4.893758721427089142e+01,-7.340638082140633287e+02,-7.544259377351801277e+01,-7.397217692823615209e+01,-1.109582653923542239e+03,-1.917671779385633712e+01,-1.688572001380866894e+01,-2.532858002071300234e+02,1.111111111111111049e-01,2.370370370370370738e-01,3.555555555555556246e+00,2.835439963289329013e-01,2.873724545289405019e-01,4.310586817934107806e+00,1.992029903659430501e-01,2.254256318848882612e-01,3.381384478273323779e+00,-5.588976076418170624e-01,-5.137669461286157313e-01,-7.706504191929236747e+00,-1.751849651336669922e-01,-1.398136933644612556e-01,-2.097205400466918945e+00
6.110000000000000000e+02,1.500000000000000000e+01,-2.907236479904151238e+00,-2.680914652898059636e+00,-4.021371979347089365e+01,-2.886708032396763546e+00,-2.600696603857381106e+00,-3.901044905786071837e+01,-1.341579010908791059e-01,-2.363296089948820622e-01,-3.544944134923230905e+00,-4.977015090926854413e+01,-4.442003984246885295e+01,-6.663005976370327517e+02,-5.387760648736206548e+01,-5.249707827680239092e+01,-7.874561741520358282e+02,-1.062048593635227256e+01,-1.198378939695843926e+01,-1.797568409543765995e+02,1.111111111111111049e-01,3.185185185185184786e-01,4.777777777777776791e+00,5.941065782355458014e-01,4.059871951212380425e-01,6.089807926818570749e+00,2.591434529859552582e-01,2.683442700564259153e-01,4.025164050846388619e+00,-9.399722167290747166e-02,-3.182426923381475037e-01,-4.773640385072212666e+00,-9.607601165771484375e-02,-1.223656495412190764e-01,-1.835484743118286133e+00,-1.447030136247412224e-01,-1.857104576777119653e-01,-1.548825974935620797e+00,-2.148921849728342715e-02,-2.570652206801809017e-02,-2.297411843659663278e-01,-4.693619814603587626e-02,-1.248855663849841174e-01,-1.020588643858820088e+00,-8.237082182833450616e+00,-9.882311637759412903e+00,-9.959408923948416259e+01,-5.110206597854462629e+00,-2.062657788868456965e+00,-2.992255797428632391e+01,-5.538572390370934073e+00,-8.153233692653104825e+00,-6.824950113658054818e+01,1.000000000000000000e+00,8.148148148148151027e-01,1.222222222222222676e+01,6.264402019508703567e-01,5.066329081410710922e-01,7.599493622116066049e+00,4.333381275242679798e-01,3.923779957777438487e-01,5.885669936666158009e+00,-0.000000000000000000e+00,-4.530265471694292639e-02,-6.795398207541438751e-01,-1.415920257568359375e-02,-1.927413940429687639e-02,-2.009041309356689453e-01,-3.859556067049493500e+00,-3.425752973004956292e+00,-5.138629459507434660e+01,-3.694874608669334926e+00,-3.359142057560617012e+00,-5.038713086340925429e+01,-5.776158637653363570e-01,-4.043020621608937049e-01,-6.064530932413405573e+00,-5.736228989119176447e+01,-4.893758721427089142e+01,-7.340638082140633287e+02,-7.587305195851523365e+01,-7.397217692823615209e+01,-1.109582653923542239e+03,-1.917671779385633712e+01,-1.688572001380866894e+01,-2.532858002071300234e+02,1.111111111111111049e-01,2.370370370370370738e-01,3.555555555555556246e+00,2.835439963289329013e-01,2.873724545289405019e-01,4.310586817934107806e+00,1.992029903659430501e-01,2.254256318848882612e-01,3.381384478273323779e+00,-5.588976076418170624e-01,-5.137669461286157313e-01,-7.706504191929236747e+00,-1.751849651336669922e-01,-1.398136933644612556e-01,-2.097205400466918945e+00
6.520000000000000000e+02,1.500000000000000000e+01,-1.722428895256502557e+00,-1.589797211843162694e+00,-2.384695817764744064e+01,-1.343710068482046882e+00,-1.255875296431196331e+00,-1.883812944646794563e+01,-1.876324207424973634e-01,-2.216948435300329090e-01,-3.325422652950493774e+00,-4.065849663672310044e+01,-2.941225119455817705e+01,-4.411837679183726664e+02,-8.912701827950414213e+00,-6.924465520136631191e+00,-1.038669828020494634e+02,-2.014003941574213741e+01,-1.480934798540276987e+01,-2.221402197810415373e+02,8.888888888888888395e-01,7.037037037037037202e-01,1.055555555555555536e+01,4.363858619160713159e-01,3.998358512997290393e-01,5.997537769495935756e+00,4.047700315318502051e-01,3.513111945369834510e-01,5.269667918054751432e+00,-2.694418819737620652e-02,-2.543937779186914439e-01,-3.815906668780371547e+00,-5.729389190673828125e-02,-4.651597340901692662e-02,-6.977396011352539062e-01,-1.447030136247412224e-01,-1.857104576777119653e-01,-1.548825974935620797e+00,-2.148921849728342715e-02,-2.570652206801809017e-02,-2.297411843659663278e-01,-4.693619814603587626e-02,-1.248855663849841174e-01,-1.020588643858820088e+00,-8.237082182833450616e+00,-9.882311637759412903e+00,-9.959408923948416259e+01,-5.110206597854462629e+00,-2.062657788868456965e+00,-2.992255797428632391e+01,-5.144654322206316799e+00,-7.718396707085017461e+00,-6.824950113658054818e+01,1.000000000000000000e+00,8.148148148148151027e-01,1.222222222222222676e+01,6.264402019508703567e-01,5.066329081410710922e-01,7.599493622116066049e+00,4.333381275242679798e-01,3.923779957777438487e-01,5.885669936666158009e+00,-0.000000000000000000e+00,-4.530265471694292639e-02,-6.795398207541438751e-01,-1.415920257568359375e-02,-1.927413940429687639e-02,-2.009041309356689453e-01,-3.859556067049493500e+00,-3.425752973004956292e+00,-5.138629459507434660e+01,-3.694874608669334926e+00,-3.359142057560617012e+00,-5.038713086340925429e+01,-5.776158637653363570e-01,-4.043020621608937049e-01,-6.064530932413405573e+00,-5.736228989119176447e+01,-4.893758721427089142e+01,-7.340638082140633287e+02,-7.587305195851523365e+01,-7.397217692823615209e+01,-1.109582653923542239e+03,-1.917671779385633712e+01,-1.688572001380866894e+01,-2.532858002071300234e+02,1.111111111111111049e-01,2.370370370370370738e-01,3.555555555555556246e+00,2.835439963289329013e-01,2.873724545289405019e-01,4.310586817934107806e+00,1.992029903659430501e-01,2.254256318848882612e-01,3.381384478273323779e+00,-5.588976076418170624e-01,-5.137669461286157313e-01,-7.706504191929236747e+00,-1.751849651336669922e-01,-1.398136933644612556e-01,-2.097205400466918945e+00
8.030000000000000000e+02,1.500000000000000000e+01,-1.236156386627887738e+00,-1.006649938715050707e+00,-1.509974908072576127e+01,-6.236830318188006927e-01,-4.252500979778416901e-01,-6.378751469667625074e+00,-1.231600322203944275e-01,-2.264047969523159953e-01,-3.396071954284739736e+00,-3.768526526057966919e+01,-3.430068114471616525e+01,-5.145102171707425214e+02,-7.720270445256112168e+01,-5.844122235627191486e+01,-8.766183353440786732e+02,-6.331621880115593015e+00,-1.219571606195090574e+01,-1.829357409292635737e+02,5.555555555555555802e-01,5.999999999999999778e-01,9.000000000000000000e+00,4.920376084159646668e-01,4.080812295770187004e-01,6.121218443655280339e+00,3.716180745987791578e-01,3.433656424887165381e-01,5.150484637330747795e+00,-1.196115724742412567e-01,-3.914158549314985525e-01,-5.871237823972478509e+00,-7.700467109680175781e-02,-6.900393168131510602e-02,-1.035058975219726562e+00,-1.159293419468949149e-01,-1.829702097220978485e-01,-1.454479079719170898e+00,-1.367544307014467372e-02,-2.260837268429579175e-02,-1.500538122803976582e-01,-4.693619814603587626e-02,-1.248855663849841174e-01,-1.020588643858820088e+00,-7.453961044687435589e+00,-9.882311637759412903e+00,-9.959408923948416259e+01,-2.905443265236436812e+00,-2.062657788868456965e+00,-1.995559816671359243e+01,-5.144654322206316799e+00,-7.718396707085017461e+00,-6.824950113658054818e+01,1.000000000000000000e+00,8.148148148148151027e-01,1.222222222222222676e+01,6.264402019508703567e-01,5.066329081410710922e-01,7.599493622116066049e+00,4.729915298898266229e-01,3.981482279381761691e-01,5.972223419072642869e+00,-0.000000000000000000e+00,-4.530265471694292639e-02,-6.795398207541438751e-01,-1.402115821838378906e-02,-1.927413940429687639e-02,-2.009041309356689453e-01,-3.859556067049493500e+00,-3.425752973004956292e+00,-5.138629459507434660e+01,-3.694874608669334926e+00,-3.359142057560617012e+00,-5.038713086340925429e+01,-5.776158637653363570e-01,-4.043020621608937049e-01,-6.064530932413405573e+00,-5.736228989119176447e+01,-4.893758721427089142e+01,-7.340638082140633287e+02,-7.587305195851523365e+01,-7.397217692823615209e+01,-1.109582653923542239e+03,-2.014003941574213741e+01,-1.688572001380866894e+01,-2.532858002071300234e+02,1.111111111111111049e-01,2.370370370370370738e-01,3.555555555555556246e+00,2.835439963289329013e-01,2.873724545289405019e-01,4.310586817934107806e+00,1.992029903659430501e-01,2.254256318848882612e-01,3.381384478273323779e+00,-5.588976076418170624e-01,-5.137669461286157313e-01,-7.706504191929236747e+00,-1.751849651336669922e-01,-1.398136933644612556e-01,-2.097205400466918945e+00
8.050000000000000000e+02,1.500000000000000000e+01,-1.299834942858894671e+00,-1.094920434571059475e+00,-1.642380651856589324e+01,-6.010597966820392379e-01,-4.976775664414559430e-01,-7.465163496621839201e+00,-1.276388796182624796e-01,-2.150061135787848798e-01,-3.225091703681773225e+00,-4.011047994062517574e+01,-3.379613051591139339e+01,-5.069419577386709079e+02,-7.821627211175838568e+01,-5.917212108385177061e+01,-8.875818162577766088e+02,-7.483260984919613890e+00,-1.159841770191771460e+01,-1.739762655287657083e+02,6.666666666666666297e-01,5.999999999999999778e-01,9.000000000000000000e+00,4.491533028665994354e-01,4.135618662083784258e-01,6.203427993125676387e+00,3.687917461364120797e-01,3.404902551106246955e-01,5.107353826659370100e+00,-1.615427620708942413e-01,-3.849443632721279984e-01,-5.774165449081920087e+00,-7.122993469238281250e-02,-6.428871154785156805e-02,-9.643306732177734375e-01,-1.159293419468949149e-01,-1.829702097220978485e-01,-1.454479079719170898e+00,-1.367544307014467372e-02,-2.260837268429579175e-02,-1.500538122803976582e-01,-4.693619814603587626e-02,-1.248855663849841174e-01,-1.020588643858820088e+00,-7.453961044687435589e+00,-9.882311637759412903e+00,-9.959408923948416259e+01,-2.905443265236436812e+00,-2.062657788868456965e+00,-1.995559816671359243e+01,-5.144654322206316799e+00,-7.718396707085017461e+00,-6.824950113658054818e+01,1.000000000000000000e+00,8.148148148148151027e-01,1.222222222222222676e+01,6.264402019508703567e-01,5.066329081410710922e-01,7.599493622116066049e+00,4.729915298898266229e-01,3.981482279381761691e-01,5.972223419072642869e+00,-0.000000000000000000e+00,-4.530265471694292639e-02,-6.795398207541438751e-01,-1.402115821838378906e-02,-1.927413940429687639e-02,-2.009041309356689453e-01,-3.859556067049493500e+00,-3.425752973004956292e+00,-5.138629459507434660e+01,-3.694874608669334926e+00,-3.359142057560617012e+00,-5.038713086340925429e+01,-5.776158637653363570e-01,-4.043020621608937049e-01,-6.064530932413405573e+00,-5.736228989119176447e+01,-4.893758721427089142e+01,-7.340638082140633287e+02,-7.720270445256112168e+01,-7.397217692823615209e+01,-1.109582653923542239e+03,-2.014003941574213741e+01,-1.688572001380866894e+01,-2.532858002071300234e+02,1.111111111111111049e-01,2.370370370370370738e-01,3.555555555555556246e+00,2.835439963289329013e-01,2.873724545289405019e-01,4.310586817934107806e+00,1.992029903659430501e-01,2.254256318848882612e-01,3.381384478273323779e+00,-5.588976076418170624e-01,-5.137669461286157313e-01,-7.706504191929236747e+00,-1.751849651336669922e-01,-1.398136933644612556e-01,-2.097205400466918945e+00
8.120000000000000000e+02,1.500000000000000000e+01,-2.149457590315302813e+00,-1.281636383660004208e+00,-1.922454575490006334e+01,-1.625415066273823150e+00,-6.270237262302297276e-01,-9.405355893453446470e+00,-1.181019070261796339e-01,-2.234995078059217044e-01,-3.352492617088825622e+00,-4.322928329767637479e+01,-3.560836508339005491e+01,-5.341254762508508520e+02,-8.028150104347025717e+01,-6.086256045409366777e+01,-9.129384068114050024e+02,-8.707991318546078219e+00,-1.217606417825753873e+01,-1.826409626738630720e+02,5.555555555555555802e-01,5.333333333333332149e-01,7.999999999999998224e+00,5.049086989710246387e-01,4.208110514545959635e-01,6.312165771818939675e+00,3.539066969926066841e-01,3.266605534332525651e-01,4.899908301498788532e+00,-1.814100141637027264e-01,-4.320005306353171814e-01,-6.480007959529757500e+00,-1.150960922241210938e-01,-7.685956954956055243e-02,-1.152893543243408203e+00,-1.159293419468949149e-01,-1.829702097220978485e-01,-1.454479079719170898e+00,-1.367544307014467372e-02,-2.260837268429579175e-02,-1.500538122803976582e-01,-4.693619814603587626e-02,-1.248855663849841174e-01,-1.020588643858820088e+00,-7.453961044687435589e+00,-9.882311637759412903e+00,-9.959408923948416259e+01,-2.905443265236436812e+00,-2.062657788868456965e+00,-1.995559816671359243e+01,-5.144654322206316799e+00,-7.718396707085017461e+00,-6.824950113658054818e+01,1.000000000000000000e+00,8.148148148148151027e-01,1.222222222222222676e+01,6.264402019508703567e-01,5.066329081410710922e-01,7.599493622116066049e+00,4.729915298898266229e-01,3.981482279381761691e-01,5.972223419072642869e+00,-0.000000000000000000e+00,-4.530265471694292639e-02,-6.795398207541438751e-01,-1.402115821838378906e-02,-1.927413940429687639e-02,-2.009041309356689453e-01,-3.859556067049493500e+00,-3.425752973004956292e+00,-5.138629459507434660e+01,-3.694874608669334926e+00,-3.359142057560617012e+00,-5.038713086340925429e+01,-5.776158637653363570e-01,-4.043020621608937049e-01,-6.064530932413405573e+00,-5.736228989119176447e+01,-4.893758721427089142e+01,-7.340638082140633287e+02,-7.821627211175838568e+01,-7.397217692823615209e+01,-1.109582653923542239e+03,-2.014003941574213741e+01,-1.688572001380866894e+01,-2.532858002071300234e+02,1.111111111111111049e-01,2.370370370370370738e-01,3.555555555555556246e+00,2.835439963289329013e-01,2.873724545289405019e-01,4.310586817934107806e+00,1.992029903659430501e-01,2.254256318848882612e-01,3.381384478273323779e+00,-5.588976076418170624e-01,-5.137669461286157313e-01,-7.706504191929236747e+00,-1.751849651336669922e-01,-1.398136933644612556e-01,-2.097205400466918945e+00
8.160000000000000000e+02,1.500000000000000000e+01,-1.587545714005971664e+00,-7.403510921327356442e-01,-1.110526638199103466e+01,-9.742554836673620322e-01,-2.080308709698883984e-01,-3.120463064548325782e+00,-1.264530165717426269e-01,-2.284249375742107291e-01,-3.426374063613160992e+00,-3.794564814370316697e+01,-3.362209426361192044e+01,-5.043314139541787995e+02,-8.250118907762090714e+01,-6.331305400672908945e+01,-9.496958101009363418e+02,-6.708984616620616848e+00,-1.075450410068011919e+01,-1.613175615102017844e+02,5.555555555555555802e-01,5.407407407407407440e-01,8.111111111111110716e+00,4.546225624718188141e-01,4.040656139621107146e-01,6.060984209431660830e+00,3.260884606858396872e-01,3.226736441400970823e-01,4.840104662101456512e+00,-1.915828473865985870e-01,-4.506102857800821648e-01,-6.759154286701232195e+00,-6.514501571655273438e-02,-7.117575009663899832e-02,-1.067636251449584961e+00,-1.159293419468949149e-01,-1.829702097220978485e-01,-1.454479079719170898e+00,-1.367544307014467372e-02,-2.260837268429579175e-02,-1.500538122803976582e-01,-4.693619814603587626e-02,-1.248855663849841174e-01,-1.020588643858820088e+00,-7.453961044687435589e+00,-9.882311637759412903e+00,-9.959408923948416259e+01,-2.905443265236436812e+00,-2.062657788868456965e+00,-1.995559816671359243e+01,-5.144654322206316799e+00,-7.718396707085017461e+00,-6.824950113658054818e+01,1.000000000000000000e+00,8.148148148148151027e-01,1.222222222222222676e+01,6.264402019508703567e-01,5.066329081410710922e-01,7.599493622116066049e+00,4.729915298898266229e-01,3.981482279381761691e-01,5.972223419072642869e+00,-0.000000000000000000e+00,-4.530265471694292639e-02,-6.795398207541438751e-01,-1.402115821838378906e-02,-1.927413940429687639e-02,-2.009041309356689453e-01,-3.859556067049493500e+00,-3.425752973004956292e+00,-5.138629459507434660e+01,-3.694874608669334926e+00,-3.359142057560617012e+00,-5.038713086340925429e+01,-5.776158637653363570e-01,-4.043020621608937049e-01,-6.064530932413405573e+00,-5.736228989119176447e+01,-4.893758721427089142e+01,-7.340638082140633287e+02,-8.028150104347025717e+01,-7.397217692823615209e+01,-1.109582653923542239e+03,-2.014003941574213741e+01,-1.688572001380866894e+01,-2.532858002071300234e+02,1.111111111111111049e-01,2.370370370370370738e-01,3.555555555555556246e+00,2.835439963289329013e-01,2.873724545289405019e-01,4.310586817934107806e+00,1.992029903659430501e-01,2.254256318848882612e-01,3.381384478273323779e+00,-5.588976076418170624e-01,-5.137669461286157313e-01,-7.706504191929236747e+00,-1.751849651336669922e-01,-1.398136933644612556e-01,-2.097205400466918945e+00
8.180000000000000000e+02,1.500000000000000000e+01,-2.029894921464084234e+00,-6.135803723411883404e-01,-9.203705585117825549e+00,-1.638383614340697347e+00,-2.547267187427883495e-01,-3.820900781141824964e+00,-1.300870781279623578e-01,-2.120015006718806438e-01,-3.180022510078209574e+00,-3.811849551245079937e+01,-3.319630984774376259e+01,-4.979446477161564530e+02,-8.410836352419784134e+01,-6.154348712681979094e+01,-9.231523069022969139e+02,-6.762796818139027444e+00,-1.189827635220260049e+01,-1.784741452830390074e+02,4.444444444444444198e-01,5.481481481481480511e-01,8.222222222222221433e+00,5.432586579633083002e-01,4.292373545300536275e-01,6.438560317950804190e+00,3.405120397856811199e-01,3.281386652727922848e-01,4.922079979091884105e+00,-3.307944443076848984e-01,-4.610859145099918122e-01,-6.916288717649877071e+00,-8.797597885131835938e-02,-7.698156038920084265e-02,-1.154723405838012695e+00,-1.159293419468949149e-01,-1.829702097220978485e-01,-1.454479079719170898e+00,-1.367544307014467372e-02,-2.260837268429579175e-02,-1.500538122803976582e-01,-4.693619814603587626e-02,-1.248855663849841174e-01,-1.020588643858820088e+00,-7.453961044687435589e+00,-9.882311637759412903e+00,-9.959408923948416259e+01,-2.905443265236436812e+00,-2.062657788868456965e+00,-1.995559816671359243e+01,-5.144654322206316799e+00,-7.718396707085017461e+00,-6.824950113658054818e+01,1.000000000000000000e+00,8.148148148148151027e-01,1.222222222222222676e+01,6.264402019508703567e-01,5.066329081410710922e-01,7.599493622116066049e+00,4.729915298898266229e-01,3.981482279381761691e-01,5.972223419072642869e+00,-0.000000000000000000e+00,-4.530265471694292639e-02,-6.795398207541438751e-01,-1.402115821838378906e-02,-1.927413940429687639e-02,-2.009041309356689453e-01,-3.859556067049493500e+00,-3.425752973004956292e+00,-5.138629459507434660e+01,-3.694874608669334926e+00,-3.359142057560617012e+00,-5.038713086340925429e+01,-5.776158637653363570e-01,-4.043020621608937049e-01,-6.064530932413405573e+00,-5.736228989119176447e+01,-4.893758721427089142e+01,-7.340638082140633287e+02,-8.250118907762090714e+01,-7.397217692823615209e+01,-1.109582653923542239e+03,-2.014003941574213741e+01,-1.688572001380866894e+01,-2.532858002071300234e+02,1.111111111111111049e-01,2.370370370370370738e-01,3.555555555555556246e+00,2.835439963289329013e-01,2.873724545289405019e-01,4.310586817934107806e+00,1.992029903659430501e-01,2.254256318848882612e-01,3.381384478273323779e+00,-5.588976076418170624e-01,-5.137669461286157313e-01,-7.706504191929236747e+00,-1.751849651336669922e-01,-1.398136933644612556e-01,-2.097205400466918945e+00
8.260000000000000000e+02,1.500000000000000000e+01,-1.064929807601316059e+00,-4.490327017042299862e-01,-6.735490525563450070e+00,-3.032658111761696862e-01,-1.238322723616858967e-01,-1.857484085425288534e+00,-2.176714661470811607e-01,-2.305805493818856855e-01,-3.458708240728285421e+00,-3.472856396601785889e+01,-3.451679568865442604e+01,-5.177519353298164333e+02,-7.092074043004491557e+01,-6.191723248267579294e+01,-9.287584872401369012e+02,-4.752387253463076888e+00,-1.085991361428365209e+01,-1.628987042142547921e+02,3.333333333333333148e-01,4.740740740740740367e-01,7.111111111111110716e+00,4.644444778285887754e-01,4.088851295022271071e-01,6.133276942533406384e+00,2.774001273838602732e-01,3.022356068245060090e-01,4.533534102367590357e+00,-3.900874871760606766e-01,-5.542611444058517245e-01,-8.313917166087776423e+00,-5.935001373291015625e-02,-6.125324567159017020e-02,-9.187986850738525391e-01,-1.159293419468949149e-01,-1.829702097220978485e-01,-1.454479079719170898e+00,-1.367544307014467372e-02,-2.260837268429579175e-02,-1.500538122803976582e-01,-4.693619814603587626e-02,-1.248855663849841174e-01,-1.020588643858820088e+00,-7.453961044687435589e+00,-9.882311637759412903e+00,-9.959408923948416259e+01,-2.905443265236436812e+00,-2.062657788868456965e+00,-1.995559816671359243e+01,-4.388096163557404950e+00,-7.718396707085017461e+00,-6.824950113658054818e+01,1.000000000000000000e+00,8.148148148148151027e-01,1.222222222222222676e+01,6.264402019508703567e-01,5.066329081410710922e-01,7.599493622116066049e+00,4.729915298898266229e-01,3.981482279381761691e-01,5.972223419072642869e+00,-0.000000000000000000e+00,-4.530265471694292639e-02,-6.795398207541438751e-01,-1.402115821838378906e-02,-1.927413940429687639e-02,-2.009041309356689453e-01,-3.859556067049493500e+00,-3.425752973004956292e+00,-5.138629459507434660e+01,-3.694874608669334926e+00,-3.359142057560617012e+00,-5.038713086340925429e+01,-5.776158637653363570e-01,-4.043020621608937049e-01,-6.064530932413405573e+00,-5.736228989119176447e+01,-4.893758721427089142e+01,-7.340638082140633287e+02,-8.410836352419784134e+01,-7.397217692823615209e+01,-1.109582653923542239e+03,-2.014003941574213741e+01,-1.688572001380866894e+01,-2.532858002071300234e+02,1.111111111111111049e-01,2.370370370370370738e-01,3.555555555555556246e+00,2.835439963289329013e-01,2.873724545289405019e-01,4.310586817934107806e+00,1.992029903659430501e-01,2.254256318848882612e-01,3.381384478273323779e+00,-5.588976076418170624e-01,-5.137669461286157313e-01,-7.706504191929236747e+00,-1.751849651336669922e-01,-1.398136933644612556e-01,-2.097205400466918945e+00
9.410000000000000000e+02,1.500000000000000000e+01,-2.974973572148427614e+00,-3.350535762442563570e+00,-5.025803643663845577e+01,-3.553533717709828732e+00,-3.151979905092554102e+00,-4.727969857638831286e+01,-1.503379860830012515e-01,-2.910610795557541097e-01,-4.365916193336311757e+00,-5.101626975836229150e+01,-4.123136331496039730e+01,-6.184704497244059667e+02,-6.122529978783092730e+01,-5.911536159836260396e+01,-8.867304239754390665e+02,-8.205998581230657507e+00,-1.002166370775465687e+01,-1.503249556163198406e+02,5.555555555555555802e-01,2.370370370370370738e-01,3.555555555555556246e+00,4.016202986709343503e-01,3.833577346383732487e-01,5.750366019575598564e+00,3.297388318514939409e-01,2.536874545242688850e-01,3.805311817864033053e+00,-2.939266078174114227e-01,-4.419092284166253881e-01,-6.628638426249381155e+00,-1.707241535186767578e-01,-7.185870806376139230e-02,-1.077880620956420898e+00,-1.159293419468949149e-01,-1.829702097220978485e-01,-1.454479079719170898e+00,-1.367544307014467372e-02,-2.260837268429579175e-02,-1.500538122803976582e-01,-3.050794471820495943e-02,-1.248855663849841174e-01,-8.599176130931738271e-01,-7.446297714368083298e+00,-9.882311637759412903e+00,-5.526198029372709186e+01,-2.905443265236436812e+00,-2.062657788868456965e+00,-8.354287470225479240e+00,-4.339708135733579830e+00,-7.718396707085017461e+00,-4.646930617856544643e+01,1.000000000000000000e+00,8.148148148148151027e-01,1.222222222222222676e+01,6.264402019508703567e-01,5.066329081410710922e-01,7.599493622116066049e+00,4.729915298898266229e-01,3.981482279381761691e-01,5.972223419072642869e+00,-0.000000000000000000e+00,-4.530265471694292639e-02,-6.795398207541438751e-01,-1.402115821838378906e-02,-1.927413940429687639e-02,-7.496285438537597656e-02,-3.859556067049493500e+00,-3.425752973004956292e+00,-5.138629459507434660e+01,-3.694874608669334926e+00,-3.359142057560617012e+00,-5.038713086340925429e+01,-5.776158637653363570e-01,-4.043020621608937049e-01,-6.064530932413405573e+00,-5.736228989119176447e+01,-4.893758721427089142e+01,-7.340638082140633287e+02,-8.410836352419784134e+01,-7.397217692823615209e+01,-1.109582653923542239e+03,-2.014003941574213741e+01,-1.688572001380866894e+01,-2.532858002071300234e+02,1.111111111111111049e-01,2.370370370370370738e-01,3.555555555555556246e+00,2.835439963289329013e-01,2.873724545289405019e-01,4.310586817934107806e+00,1.992029903659430501e-01,2.254256318848882612e-01,3.381384478273323779e+00,-5.588976076418170624e-01,-5.542611444058517245e-01,-8.313917166087776423e+00,-1.751849651336669922e-01,-1.398136933644612556e-01,-2.097205400466918945e+00
9.430000000000000000e+02,1.500000000000000000e+01,-3.801816570546095786e+00,-3.289318685972439482e+00,-4.933978028958659223e+01,-3.232908870894389164e+00,-2.901012903969465651e+00,-4.351519355954198431e+01,-2.680916664966270790e-01,-2.767129407716868994e-01,-4.150694111575303324e+00,-4.889834376410452421e+01,-4.092340494444015064e+01,-6.138510741666023023e+02,-6.134665986893902812e+01,-5.871963755441849031e+01,-8.807945633162773902e+02,-7.498074211965965574e+00,-9.652691175885887986e+00,-1.447903676382883305e+02,4.444444444444444198e-01,2.370370370370370738e-01,3.555555555555556246e+00,3.789608438702052329e-01,3.460170087618800183e-01,5.190255131428200386e+00,2.825936130042818184e-01,2.555738714592515337e-01,3.833608071888773061e+00,-1.393335991306230426e-01,-4.141659336475034814e-01,-6.212489004712551832e+00,-1.385018825531005859e-01,-6.829649607340494699e-02,-1.024447441101074219e+00,-1.159293419468949149e-01,-1.829702097220978485e-01,-1.454479079719170898e+00,-1.367544307014467372e-02,-2.260837268429579175e-02,-1.500538122803976582e-01,-3.050794471820495943e-02,-1.248855663849841174e-01,-8.599176130931738271e-01,-7.446297714368083298e+00,-9.882311637759412903e+00,-5.526198029372709186e+01,-2.905443265236436812e+00,-2.062657788868456965e+00,-8.354287470225479240e+00,-4.339708135733579830e+00,-7.718396707085017461e+00,-4.646930617856544643e+01,1.000000000000000000e+00,8.148148148148151027e-01,1.222222222222222676e+01,6.264402019508703567e-01,5.066329081410710922e-01,7.599493622116066049e+00,4.729915298898266229e-01,3.981482279381761691e-01,5.972223419072642869e+00,-0.000000000000000000e+00,-4.530265471694292639e-02,-6.795398207541438751e-01,-1.402115821838378906e-02,-1.927413940429687639e-02,-7.496285438537597656e-02,-3.859556067049493500e+00,-3.425752973004956292e+00,-5.138629459507434660e+01,-3.694874608669334926e+00,-3.359142057560617012e+00,-5.038713086340925429e+01,-5.776158637653363570e-01,-4.043020621608937049e-01,-6.064530932413405573e+00,-5.736228989119176447e+01,-4.893758721427089142e+01,-7.340638082140633287e+02,-8.410836352419784134e+01,-7.397217692823615209e+01,-1.109582653923542239e+03,-2.014003941574213741e+01,-1.688572001380866894e+01,-2.532858002071300234e+02,1.111111111111111049e-01,2.370370370370370738e-01,3.555555555555556246e+00,2.835439963289329013e-01,2.873724545289405019e-01,4.310586817934107806e+00,1.992029903659430501e-01,2.254256318848882612e-01,3.381384478273323779e+00,-5.588976076418170624e-01,-5.542611444058517245e-01,-8.313917166087776423e+00,-1.751849651336669922e-01,-1.398136933644612556e-01,-2.097205400466918945e+00
9.460000000000000000e+02,1.500000000000000000e+01,-2.938792873416134377e+00,-3.323216536202365123e+00,-4.984824804303547552e+01,-2.040691429228113751e+00,-2.884323603649603829e+00,-4.326485405474405610e+01,-2.097951768486178703e-01,-3.050081874194593423e-01,-4.575122811291890024e+00,-4.957621060432136773e+01,-3.999831604646637828e+01,-5.999747406969956955e+02,-6.096451151146285241e+01,-5.778200802746652442e+01,-8.667301204119978593e+02,-7.766288172710316573e+00,-1.065242149739376565e+01,-1.597863224609064901e+02,3.333333333333333148e-01,1.851851851851851749e-01,2.777777777777777679e+00,4.150095329046757375e-01,2.701062859063662058e-01,4.051594288595492976e+00,3.000548493357149127e-01,2.414375505633236385e-01,3.621563258449854494e+00,-2.187207140959799290e-01,-4.470947842579334752e-01,-6.706421763869002461e+00,-1.058599948883056641e-01,-5.800105730692545897e-02,-8.700158596038818359e-01,-1.159293419468949149e-01,-1.829702097220978485e-01,-1.454479079719170898e+00,-1.367544307014467372e-02,-2.260837268429579175e-02,-1.500538122803976582e-01,-3.050794471820495943e-02,-1.248855663849841174e-01,-8.599176130931738271e-01,-7.446297714368083298e+00,-9.882311637759412903e+00,-5.526198029372709186e+01,-2.905443265236436812e+00,-2.062657788868456965e+00,-8.354287470225479240e+00,-4.339708135733579830e+00,-7.718396707085017461e+00,-4.646930617856544643e+01,1.000000000000000000e+00,8.148148148148151027e-01,1.222222222222222676e+01,6.264402019508703567e-01,5.066329081410710922e-01,7.599493622116066049e+00,4.729915298898266229e-01,3.981482279381761691e-01,5.972223419072642869e+00,-0.000000000000000000e+00,-4.530265471694292639e-02,-6.795398207541438751e-01,-1.402115821838378906e-02,-1.927413940429687639e-02,-7.496285438537597656e-02,-3.859556067049493500e+00,-3.425752973004956292e+00,-5.138629459507434660e+01,-3.694874608669334926e+00,-3.359142057560617012e+00,-5.038713086340925429e+01,-5.776158637653363570e-01,-4.043020621608937049e-01,-6.064530932413405573e+00,-5.736228989119176447e+01,-4.893758721427089142e+01,-7.340638082140633287e+02,-8.410836352419784134e+01,-7.397217692823615209e+01,-1.109582653923542239e+03,-2.014003941574213741e+01,-1.688572001380866894e+01,-2.532858002071300234e+02,1.111111111111111049e-01,2.370370370370370738e-01,3.555555555555556246e+00,2.835439963289329013e-01,2.873724545289405019e-01,4.310586817934107806e+00,1.992029903659430501e-01,2.254256318848882612e-01,3.381384478273323779e+00,-5.588976076418170624e-01,-5.542611444058517245e-01,-8.313917166087776423e+00,-1.751849651336669922e-01,-1.398136933644612556e-01,-2.097205400466918945e+00
9.530000000000000000e+02,1.500000000000000000e+01,-3.505968702415583671e+00,-3.169528587284042409e+00,-4.754292880926063702e+01,-3.695384501877951866e+00,-2.963462941457577049e+00,-4.445194412186365440e+01,-1.846771915756286742e-01,-2.783512478653584754e-01,-4.175268717980377353e+00,-4.314607606371415471e+01,-2.563311906298205756e+01,-3.844967859447308456e+02,-6.080716876285690375e+01,-4.546969369030447439e+01,-6.820454053545671513e+02,-8.945300100560958256e+00,-1.011924844164370718e+01,-1.517887266246555953e+02,1.111111111111111049e-01,2.370370370370370738e-01,3.555555555555556246e+00,5.100062089007532107e-01,3.983015282159942383e-01,5.974522923239913297e+00,2.285824122852067597e-01,2.431171342108889022e-01,3.646757013163333561e+00,-7.728561840485781431e-02,-3.546947417547926529e-01,-5.320421126321889460e+00,-5.039596557617187500e-02,-3.998034795125325613e-02,-5.997052192687988281e-01,-1.159293419468949149e-01,-1.829702097220978485e-01,-1.454479079719170898e+00,-1.367544307014467372e-02,-2.260837268429579175e-02,-1.500538122803976582e-01,-2.706206853434718618e-02,-1.248855663849841174e-01,-8.599176130931738271e-01,-7.446297714368083298e+00,-9.882311637759412903e+00,-5.526198029372709186e+01,-2.905443265236436812e+00,-2.062657788868456965e+00,-8.354287470225479240e+00,-4.339708135733579830e+00,-7.718396707085017461e+00,-4.646930617856544643e+01,1.000000000000000000e+00,8.148148148148151027e-01,1.222222222222222676e+01,6.264402019508703567e-01,5.066329081410710922e-01,7.599493622116066049e+00,4.729915298898266229e-01,3.981482279381761691e-01,5.972223419072642869e+00,-0.000000000000000000e+00,-4.530265471694292639e-02,-6.795398207541438751e-01,-1.402115821838378906e-02,-1.927413940429687639e-02,-7.496285438537597656e-02,-3.859556067049493500e+00,-3.425752973004956292e+00,-5.138629459507434660e+01,-3.694874608669334926e+00,-3.359142057560617012e+00,-5.038713086340925429e+01,-5.776158637653363570e-01,-4.043020621608937049e-01,-6.064530932413405573e+00,-5.736228989119176447e+01,-4.893758721427089142e+01,-7.340638082140633287e+02,-8.410836352419784134e+01,-7.397217692823615209e+01,-1.109582653923542239e+03,-2.014003941574213741e+01,-1.688572001380866894e+01,-2.532858002071300234e+02,1.111111111111111049e-01,1.851851851851851749e-01,2.777777777777777679e+00,2.835439963289329013e-01,2.701062859063662058e-01,4.051594288595492976e+00,1.992029903659430501e-01,2.254256318848882612e-01,3.381384478273323779e+00,-5.588976076418170624e-01,-5.542611444058517245e-01,-8.313917166087776423e+00,-1.751849651336669922e-01,-1.398136933644612556e-01,-2.097205400466918945e+00
9.540000000000000000e+02,1.500000000000000000e+01,-3.690934511642817384e+00,-3.352889609427725404e+00,-5.029334414141587928e+01,-3.685611912921237465e+00,-3.013072536817274827e+00,-4.519608805225912107e+01,-1.761189789674181549e-01,-2.881165945101641368e-01,-4.321748917652461941e+00,-4.393487359507886225e+01,-2.623033442171117358e+01,-3.934550163256676001e+02,-6.073543157882986065e+01,-4.496102785986440864e+01,-6.744154178979661083e+02,-9.467746032388273392e+00,-1.060767992050178776e+01,-1.591151988075268093e+02,1.111111111111111049e-01,2.888888888888888618e-01,4.333333333333333037e+00,5.373020078615743378e-01,3.909246673932686433e-01,5.863870010899029594e+00,2.488003075407111131e-01,2.494885214396753426e-01,3.742327821595130111e+00,-1.917603248730301857e-01,-3.606352512181426051e-01,-5.409528768272139132e+00,-7.418203353881835938e-02,-3.969058990478515486e-02,-5.953588485717773438e-01,-1.159293419468949149e-01,-1.829702097220978485e-01,-1.454479079719170898e+00,-1.367544307014467372e-02,-2.260837268429579175e-02,-1.500538122803976582e-01,-2.706206853434718618e-02,-1.248855663849841174e-01,-8.599176130931738271e-01,-7.446297714368083298e+00,-9.882311637759412903e+00,-5.526198029372709186e+01,-2.905443265236436812e+00,-2.062657788868456965e+00,-8.354287470225479240e+00,-4.339708135733579830e+00,-7.718396707085017461e+00,-4.646930617856544643e+01,1.000000000000000000e+00,8.148148148148151027e-01,1.222222222222222676e+01,6.264402019508703567e-01,5.066329081410710922e-01,7.599493622116066049e+00,4.729915298898266229e-01,3.981482279381761691e-01,5.972223419072642869e+00,-0.000000000000000000e+00,-4.530265471694292639e-02,-6.795398207541438751e-01,-1.402115821838378906e-02,-1.927413940429687639e-02,-7.496285438537597656e-02,-3.859556067049493500e+00,-3.425752973004956292e+00,-5.138629459507434660e+01,-3.695384501877951866e+00,-3.359142057560617012e+00,-5.038713086340925429e+01,-5.776158637653363570e-01,-4.043020621608937049e-01,-6.064530932413405573e+00,-5.736228989119176447e+01,-4.893758721427089142e+01,-7.340638082140633287e+02,-8.410836352419784134e+01,-7.397217692823615209e+01,-1.109582653923542239e+03,-2.014003941574213741e+01,-1.688572001380866894e+01,-2.532858002071300234e+02,1.111111111111111049e-01,1.851851851851851749e-01,2.777777777777777679e+00,2.835439963289329013e-01,2.701062859063662058e-01,4.051594288595492976e+00,1.992029903659430501e-01,2.254256318848882612e-01,3.381384478273323779e+00,-5.588976076418170624e-01,-5.542611444058517245e-01,-8.313917166087776423e+00,-1.751849651336669922e-01,-1.398136933644612556e-01,-2.097205400466918945e+00
9.550000000000000000e+02,1.500000000000000000e+01,-3.545120843804507427e+00,-3.151211244288946833e+00,-4.726816866433420472e+01,-3.369182655432699125e+00,-2.593322090827511417e+00,-3.889983136241266948e+01,-2.961319852504994410e-01,-3.412011930942632221e-01,-5.118017896413948442e+00,-1.564882592543511564e+01,-1.775206350716246462e+01,-2.662809526074369728e+02,-3.923012621407698219e+01,-3.693111986909545408e+01,-5.539667980364317827e+02,-8.784153698629079798e+00,-1.056296405170184194e+01,-1.584444607755276309e+02,2.222222222222222099e-01,2.888888888888889173e-01,4.333333333333333925e+00,3.459183656126161299e-01,2.611671555859082505e-01,3.917507333788623924e+00,2.109572016604513989e-01,2.399320148867866986e-01,3.598980223301800674e+00,-2.077184156514704227e-01,-3.636508606063822979e-01,-5.454762909095734358e+00,-1.868319511413574219e-02,-2.452824910481770856e-02,-3.679237365722656250e-01,-1.159293419468949149e-01,-1.829702097220978485e-01,-1.454479079719170898e+00,-1.367544307014467372e-02,-2.260837268429579175e-02,-1.500538122803976582e-01,-2.706206853434718618e-02,-1.248855663849841174e-01,-8.599176130931738271e-01,-7.446297714368083298e+00,-9.882311637759412903e+00,-5.526198029372709186e+01,-2.905443265236436812e+00,-2.062657788868456965e+00,-8.354287470225479240e+00,-4.339708135733579830e+00,-7.718396707085017461e+00,-4.646930617856544643e+01,1.000000000000000000e+00,8.148148148148151027e-01,1.222222222222222676e+01,6.264402019508703567e-01,5.066329081410710922e-01,7.599493622116066049e+00,4.729915298898266229e-01,3.981482279381761691e-01,5.972223419072642869e+00,-0.000000000000000000e+00,-4.530265471694292639e-02,-6.795398207541438751e-01,-1.402115821838378906e-02,-1.927413940429687639e-02,-7.496285438537597656e-02,-3.859556067049493500e+00,-3.425752973004956292e+00,-5.138629459507434660e+01,-3.695384501877951866e+00,-3.359142057560617012e+00,-5.038713086340925429e+01,-5.776158637653363570e-01,-4.043020621608937049e-01,-6.064530932413405573e+00,-5.736228989119176447e+01,-4.893758721427089142e+01,-7.340638082140633287e+02,-8.410836352419784134e+01,-7.397217692823615209e+01,-1.109582653923542239e+03,-2.014003941574213741e+01,-1.688572001380866894e+01,-2.532858002071300234e+02,1.111111111111111049e-01,1.851851851851851749e-01,2.777777777777777679e+00,2.835439963289329013e-01,2.701062859063662058e-01,4.051594288595492976e+00,1.992029903659430501e-01,2.254256318848882612e-01,3.381384478273323779e+00,-5.588976076418170624e-01,-5.542611444058517245e-01,-8.313917166087776423e+00,-1.751849651336669922e-01,-1.398136933644612556e-01,-2.097205400466918945e+00
1.040000000000000000e+03,1.500000000000000000e+01,-1.345794332379176783e+00,-9.039561529388290273e-01,-1.355934229408243574e+01,-1.198253545075059767e+00,-6.311273975449736007e-01,-9.466910963174603566e+00,-1.095084427852113240e-01,-2.017985618584248186e-01,-3.026978427876372280e+00,-6.347760764367917119e+01,-4.481413458227345359e+01,-6.722120187341017754e+02,-6.009797855481324547e+01,-6.166568198694652381e+01,-9.249852298041978429e+02,-9.060115823232717247e+00,-8.743658540133003143e+00,-1.311548781019950525e+02,7.777777777777777901e-01,5.703703703703705274e-01,8.555555555555557135e+00,3.842215164758738810e-01,3.736252881705622864e-01,5.604379322558433962e+00,3.512066011986851866e-01,3.053971233091478110e-01,4.580956849637217054e+00,-3.218115242198109627e-01,-4.545995049125243215e-01,-6.818992573687864933e+00,-9.068489074707031250e-02,-7.039918899536132257e-02,-1.055987834930419922e+00,-1.159293419468949149e-01,-1.791830231935047091e-01,-1.454479079719170898e+00,-1.367544307014467372e-02,-2.260837268429579175e-02,-1.500538122803976582e-01,-2.706206853434718618e-02,-1.248855663849841174e-01,-8.599176130931738271e-01,-7.446297714368083298e+00,-9.882311637759412903e+00,-5.526198029372709186e+01,-2.905443265236436812e+00,-2.062657788868456965e+00,-8.354287470225479240e+00,-4.339708135733579830e+00,-7.718396707085017461e+00,-4.646930617856544643e+01,1.000000000000000000e+00,8.148148148148151027e-01,1.222222222222222676e+01,6.264402019508703567e-01,5.066329081410710922e-01,7.599493622116066049e+00,4.729915298898266229e-01,3.981482279381761691e-01,5.972223419072642869e+00,-0.000000000000000000e+00,-4.530265471694292639e-02,-6.795398207541438751e-01,-1.402115821838378906e-02,-1.927413940429687639e-02,-7.496285438537597656e-02,-3.859556067049493500e+00,-3.425752973004956292e+00,-5.138629459507434660e+01,-3.695384501877951866e+00,-3.359142057560617012e+00,-5.038713086340925429e+01,-5.776158637653363570e-01,-4.043020621608937049e-01,-6.064530932413405573e+00,-5.736228989119176447e+01,-4.893758721427089142e+01,-7.340638082140633287e+02,-8.410836352419784134e+01,-7.397217692823615209e+01,-1.109582653923542239e+03,-2.014003941574213741e+01,-1.688572001380866894e+01,-2.532858002071300234e+02,1.111111111111111049e-01,1.851851851851851749e-01,2.777777777777777679e+00,2.835439963289329013e-01,2.611671555859082505e-01,3.917507333788623924e+00,1.992029903659430501e-01,2.254256318848882612e-01,3.381384478273323779e+00,-5.588976076418170624e-01,-5.542611444058517245e-01,-8.313917166087776423e+00,-1.751849651336669922e-01,-1.398136933644612556e-01,-2.097205400466918945e+00
1.106000000000000000e+03,1.500000000000000000e+01,-2.167447087488540536e+00,-1.595802235276091663e+00,-2.393703352914137383e+01,-1.964504162934549436e+00,-1.311470564797648120e+00,-1.967205847196472135e+01,-1.188079716066528235e-01,-1.862999541120749780e-01,-2.794499311681124532e+00,-3.454819384887638023e+01,-3.105238313479742729e+01,-4.657857470219614129e+02,-4.923882425185180267e+01,-4.055242084812099534e+01,-6.082863127218149657e+02,-1.092777145037110564e+01,-1.690035521720725953e+01,-2.535053282581088752e+02,6.666666666666666297e-01,7.407407407407406996e-01,1.111111111111111072e+01,4.185036001502450698e-01,3.815897617802674890e-01,5.723846426704012558e+00,3.527887417726933705e-01,3.443347148933490476e-01,5.165020723400235880e+00,-1.218299327883869410e-01,-3.677189679505924458e-01,-5.515784519258886576e+00,-9.648108482360839844e-02,-8.478981653849283762e-02,-1.271847248077392578e+00,-1.159293419468949149e-01,-1.791830231935047091e-01,-1.454479079719170898e+00,-1.367544307014467372e-02,-2.260837268429579175e-02,-1.500538122803976582e-01,-2.706206853434718618e-02,-1.248855663849841174e-01,-8.599176130931738271e-01,-7.446297714368083298e+00,-9.882311637759412903e+00,-5.526198029372709186e+01,-2.905443265236436812e+00,-2.062657788868456965e+00,-8.354287470225479240e+00,-4.339708135733579830e+00,-7.718396707085017461e+00,-4.646930617856544643e+01,1.000000000000000000e+00,8.148148148148151027e-01,1.222222222222222676e+01,6.936230586072147375e-01,5.066329081410710922e-01,7.599493622116066049e+00,4.729915298898266229e-01,3.981482279381761691e-01,5.972223419072642869e+00,-0.000000000000000000e+00,-4.530265471694292639e-02,-6.795398207541438751e-01,-1.402115821838378906e-02,-1.927413940429687639e-02,-7.496285438537597656e-02,-3.859556067049493500e+00,-3.425752973004956292e+00,-5.138629459507434660e+01,-3.695384501877951866e+00,-3.359142057560617012e+00,-5.038713086340925429e+01,-5.776158637653363570e-01,-4.043020621608937049e-01,-6.064530932413405573e+00,-6.347760764367917119e+01,-4.893758721427089142e+01,-7.340638082140633287e+02,-8.410836352419784134e+01,-7.397217692823615209e+01,-1.109582653923542239e+03,-2.014003941574213741e+01,-1.688572001380866894e+01,-2.532858002071300234e+02,1.111111111111111049e-01,1.851851851851851749e-01,2.777777777777777679e+00,2.835439963289329013e-01,2.611671555859082505e-01,3.917507333788623924e+00,1.992029903659430501e-01,2.254256318848882612e-01,3.381384478273323779e+00,-5.588976076418170624e-01,-5.542611444058517245e-01,-8.313917166087776423e+00,-1.751849651336669922e-01,-1.398136933644612556e-01,-2.097205400466918945e+00
1.114000000000000000e+03,1.500000000000000000e+01,-2.309074061949818013e+00,-1.467438525991497489e+00,-2.201157788987246278e+01,-1.965949421727759105e+00,-1.145127646945350852e+00,-1.717691470418026256e+01,-1.307519829029472613e-01,-1.864486879806153963e-01,-2.796730319709230805e+00,-3.761395174302738553e+01,-3.096678388442397178e+01,-4.645017582663595590e+02,-4.992563819835427097e+01,-4.318386223624428766e+01,-6.477579335436643078e+02,-1.410094603048933593e+01,-1.693583282620745223e+01,-2.540374923931117621e+02,6.666666666666666297e-01,6.962962962962961910e-01,1.044444444444444287e+01,4.021237431593816525e-01,3.860349679005705692e-01,5.790524518508558316e+00,3.430726586290016034e-01,3.434480548038206238e-01,5.151720822057309412e+00,-9.020280651748180389e-02,-3.686031568562612160e-01,-5.529047352843917906e+00,-9.324908256530761719e-02,-8.552829424540202286e-02,-1.282924413681030273e+00,-1.159293419468949149e-01,-1.791830231935047091e-01,-1.454479079719170898e+00,-1.367544307014467372e-02,-2.260837268429579175e-02,-1.500538122803976582e-01,-2.706206853434718618e-02,-1.248855663849841174e-01,-8.599176130931738271e-01,-7.446297714368083298e+00,-9.882311637759412903e+00,-5.526198029372709186e+01,-2.905443265236436812e+00,-2.062657788868456965e+00,-8.354287470225479240e+00,-4.339708135733579830e+00,-7.718396707085017461e+00,-4.646930617856544643e+01,1.000000000000000000e+00,8.148148148148151027e-01,1.222222222222222676e+01,6.936230586072147375e-01,5.066329081410710922e-01,7.599493622116066049e+00,4.729915298898266229e-01,3.981482279381761691e-01,5.972223419072642869e+00,-0.000000000000000000e+00,-4.530265471694292639e-02,-6.795398207541438751e-01,-1.402115821838378906e-02,-1.927413940429687639e-02,-7.496285438537597656e-02,-3.859556067049493500e+00,-3.425752973004956292e+00,-5.138629459507434660e+01,-3.695384501877951866e+00,-3.359142057560617012e+00,-5.038713086340925429e+01,-5.776158637653363570e-01,-4.043020621608937049e-01,-6.064530932413405573e+00,-6.347760764367917119e+01,-4.893758721427089142e+01,-7.340638082140633287e+02,-8.410836352419784134e+01,-7.397217692823615209e+01,-1.109582653923542239e+03,-2.014003941574213741e+01,-1.690035521720725953e+01,-2.535053282581088752e+02,1.111111111111111049e-01,1.851851851851851749e-01,2.777777777777777679e+00,2.835439963289329013e-01,2.611671555859082505e-01,3.917507333788623924e+00,1.992029903659430501e-01,2.254256318848882612e-01,3.381384478273323779e+00,-5.588976076418170624e-01,-5.542611444058517245e-01,-8.313917166087776423e+00,-1.751849651336669922e-01,-1.398136933644612556e-01,-2.097205400466918945e+00
1.133000000000000000e+03,1.500000000000000000e+01,-2.216404352706705883e+00,-1.325288424772566032e+00,-1.987932637158849047e+01,-2.076908711757272208e+00,-1.068880170944613406e+00,-1.603320256416920131e+01,-1.257504518928477810e-01,-1.804914788872516440e-01,-2.707372183308774716e+00,-2.929281568511235889e+01,-2.993865285172439172e+01,-4.490797927758658830e+02,-4.950762916205317055e+01,-4.167867744633706906e+01,-6.251801616950560856e+02,-1.093412363462781300e+01,-1.721532121203890497e+01,-2.582298181805835497e+02,8.888888888888888395e-01,6.888888888888887729e-01,1.033333333333333215e+01,3.688951378057501174e-01,3.969542979353501977e-01,5.954314469030252965e+00,3.502318283201310556e-01,3.475253971617274229e-01,5.212880957425911177e+00,-1.472038920037448406e-01,-3.916273943187358331e-01,-5.874410914781037718e+00,-1.206300258636474609e-01,-7.736347516377767297e-02,-1.160452127456665039e+00,-1.159293419468949149e-01,-1.791830231935047091e-01,-1.454479079719170898e+00,-1.367544307014467372e-02,-2.260837268429579175e-02,-1.500538122803976582e-01,-2.706206853434718618e-02,-1.248855663849841174e-01,-8.599176130931738271e-01,-7.446297714368083298e+00,-9.882311637759412903e+00,-5.526198029372709186e+01,-2.905443265236436812e+00,-2.062657788868456965e+00,-8.354287470225479240e+00,-4.339708135733579830e+00,-7.718396707085017461e+00,-4.646930617856544643e+01,1.000000000000000000e+00,8.148148148148151027e-01,1.222222222222222676e+01,6.936230586072147375e-01,5.066329081410710922e-01,7.599493622116066049e+00,4.729915298898266229e-01,3.981482279381761691e-01,5.972223419072642869e+00,-0.000000000000000000e+00,-4.530265471694292639e-02,-6.795398207541438751e-01,-1.402115821838378906e-02,-1.927413940429687639e-02,-7.496285438537597656e-02,-3.859556067049493500e+00,-3.425752973004956292e+00,-5.138629459507434660e+01,-3.695384501877951866e+00,-3.359142057560617012e+00,-5.038713086340925429e+01,-5.776158637653363570e-01,-4.043020621608937049e-01,-6.064530932413405573e+00,-6.347760764367917119e+01,-4.893758721427089142e+01,-7.340638082140633287e+02,-8.410836352419784134e+01,-7.397217692823615209e+01,-1.109582653923542239e+03,-2.014003941574213741e+01,-1.693583282620745223e+01,-2.540374923931117621e+02,1.111111111111111049e-01,1.851851851851851749e-01,2.777777777777777679e+00,2.835439963289329013e-01,2.611671555859082505e-01,3.917507333788623924e+00,1.992029903659430501e-01,2.254256318848882612e-01,3.381384478273323779e+00,-5.588976076418170624e-01,-5.542611444058517245e-01,-8.313917166087776423e+00,-1.751849651336669922e-01,-1.398136933644612556e-01,-2.097205400466918945e+00
1.135000000000000000e+03,1.500000000000000000e+01,-2.164445921077658319e+00,-1.437075616643638032e+00,-2.155613424965456915e+01,-1.943225859949477830e+00,-1.125713248477957951e+00,-1.688569872716936970e+01,-1.245639176020465061e-01,-1.838172828823907701e-01,-2.757259243235861579e+00,-3.527339024938444823e+01,-3.157758184763141784e+01,-4.736637277144712925e+02,-5.170605082876455327e+01,-4.278020647051239678e+01,-6.417030970576859090e+02,-1.161922496491007806e+01,-1.734418521203495800e+01,-2.601627781805243558e+02,6.666666666666666297e-01,6.962962962962960800e-01,1.044444444444444109e+01,4.098745319023366918e-01,3.837327358875734507e-01,5.755991038313601926e+00,3.495936094267805272e-01,3.416425792596025635e-01,5.124638688894038729e+00,-1.170599602628499269e-01,-4.093684697368492609e-01,-6.140527046052739024e+00,-9.908032417297363281e-02,-8.031237920125325336e-02,-1.204685688018798828e+00,-1.159293419468949149e-01,-1.791830231935047091e-01,-1.454479079719170898e+00,-1.367544307014467372e-02,-2.260837268429579175e-02,-1.500538122803976582e-01,-2.706206853434718618e-02,-1.248855663849841174e-01,-8.599176130931738271e-01,-7.446297714368083298e+00,-9.882311637759412903e+00,-5.526198029372709186e+01,-2.905443265236436812e+00,-2.062657788868456965e+00,-8.354287470225479240e+00,-4.339708135733579830e+00,-7.718396707085017461e+00,-4.646930617856544643e+01,1.000000000000000000e+00,8.148148148148151027e-01,1.222222222222222676e+01,6.936230586072147375e-01,5.066329081410710922e-01,7.599493622116066049e+00,4.729915298898266229e-01,3.981482279381761691e-01,5.972223419072642869e+00,-0.000000000000000000e+00,-4.530265471694292639e-02,-6.795398207541438751e-01,-1.402115821838378906e-02,-1.927413940429687639e-02,-7.496285438537597656e-02,-3.859556067049493500e+00,-3.425752973004956292e+00,-5.138629459507434660e+01,-3.695384501877951866e+00,-3.359142057560617012e+00,-5.038713086340925429e+01,-5.776158637653363570e-01,-4.043020621608937049e-01,-6.064530932413405573e+00,-6.347760764367917119e+01,-4.893758721427089142e+01,-7.340638082140633287e+02,-8.410836352419784134e+01,-7.397217692823615209e+01,-1.109582653923542239e+03,-2.014003941574213741e+01,-1.721532121203890497e+01,-2.582298181805835497e+02,1.111111111111111049e-01,1.851851851851851749e-01,2.777777777777777679e+00,2.835439963289329013e-01,2.611671555859082505e-01,3.917507333788623924e+00,1.992029903659430501e-01,2.254256318848882612e-01,3.381384478273323779e+00,-5.588976076418170624e-01,-5.542611444058517245e-01,-8.313917166087776423e+00,-1.751849651336669922e-01,-1.398136933644612556e-01,-2.097205400466918945e+00
1.248000000000000000e+03,1.500000000000000000e+01,-1.698959801996079211e+00,-1.078674303975732052e+00,-1.618011455963598166e+01,-1.282512294809294406e+00,-7.529226921096164871e-01,-1.129384038164424808e+01,-2.254013874683169494e-01,-2.668670146311812874e-01,-4.003005219467719478e+00,-3.419820032392298970e+01,-4.188315370259752513e+01,-6.282473055389629053e+02,-6.378129128837812800e+01,-6.424267599488086944e+01,-9.636401399232130416e+02,-7.877089529787706823e+00,-9.063301652066694913e+00,-1.359495247810004344e+02,6.666666666666666297e-01,5.481481481481480511e-01,8.222222222222221433e+00,4.839484485968721383e-01,3.962955419962849724e-01,5.944433129944274974e+00,3.680609377867740672e-01,3.135820387263306697e-01,4.703730580894959878e+00,-3.696046397089958191e-01,-5.796501870616339591e-01,-8.694752805924508721e+00,-4.001617431640625000e-02,-6.304906209309896203e-02,-9.457359313964843750e-01,-1.125543278810643699e-01,-1.791830231935047091e-01,-7.707385571576226280e-01,-1.367544307014467372e-02,-2.260837268429579175e-02,-1.309493316734224033e-01,-2.706206853434718618e-02,-1.248855663849841174e-01,-8.599176130931738271e-01,-7.446297714368083298e+00,-9.882311637759412903e+00,-5.526198029372709186e+01,-2.905443265236436812e+00,-2.062657788868456965e+00,-8.354287470225479240e+00,-4.339708135733579830e+00,-7.718396707085017461e+00,-4.646930617856544643e+01,1.000000000000000000e+00,8.148148148148151027e-01,1.222222222222222676e+01,6.936230586072147375e-01,5.066329081410710922e-01,7.599493622116066049e+00,4.729915298898266229e-01,3.981482279381761691e-01,5.972223419072642869e+00,-0.000000000000000000e+00,-4.530265471694292639e-02,-6.795398207541438751e-01,-1.402115821838378906e-02,-1.927413940429687639e-02,-7.496285438537597656e-02,-3.859556067049493500e+00,-3.425752973004956292e+00,-5.138629459507434660e+01,-3.695384501877951866e+00,-3.359142057560617012e+00,-5.038713086340925429e+01,-5.776158637653363570e-01,-4.043020621608937049e-01,-6.064530932413405573e+00,-6.347760764367917119e+01,-4.893758721427089142e+01,-7.340638082140633287e+02,-8.410836352419784134e+01,-7.397217692823615209e+01,-1.109582653923542239e+03,-2.014003941574213741e+01,-1.734418521203495800e+01,-2.601627781805243558e+02,1.111111111111111049e-01,1.851851851851851749e-01,2.777777777777777679e+00,2.835439963289329013e-01,2.611671555859082505e-01,3.917507333788623924e+00,1.992029903659430501e-01,2.254256318848882612e-01,3.381384478273323779e+00,-5.588976076418170624e-01,-5.542611444058517245e-01,-8.313917166087776423e+00,-1.751849651336669922e-01,-1.398136933644612556e-01,-2.097205400466918945e+00
1.250000000000000000e+03,1.500000000000000000e+01,-2.244343868517624241e+00,-1.237674855962263898e+00,-1.856512283943395758e+01,-1.794082030138834716e+00,-9.249618884589434487e-01,-1.387442832688415173e+01,-1.696691129242542395e-01,-2.618744123492047216e-01,-3.928116185238070823e+00,-4.041896391791800625e+01,-4.264740241449700875e+01,-6.397110362174551028e+02,-6.528074946038962878e+01,-6.159784925373209319e+01,-9.239677388059814120e+02,-7.510615749583473111e+00,-9.500744653542852802e+00,-1.425111698031427920e+02,6.666666666666666297e-01,4.962962962962962910e-01,7.444444444444444642e+00,4.940310726501643823e-01,4.139867195080623730e-01,6.209800792620935539e+00,3.807806218528681508e-01,3.186357076594038551e-01,4.779535614891058160e+00,-5.813851996790617704e-01,-5.674769258747498490e-01,-8.512153888121247292e+00,-6.455016136169433594e-02,-6.764117876688639786e-02,-1.014617681503295898e+00,-1.125543278810643699e-01,-1.791830231935047091e-01,-7.707385571576226280e-01,-1.367544307014467372e-02,-2.260837268429579175e-02,-1.309493316734224033e-01,-2.706206853434718618e-02,-1.248855663849841174e-01,-8.599176130931738271e-01,-7.446297714368083298e+00,-9.882311637759412903e+00,-5.526198029372709186e+01,-2.905443265236436812e+00,-2.062657788868456965e+00,-8.354287470225479240e+00,-4.339708135733579830e+00,-7.718396707085017461e+00,-4.646930617856544643e+01,1.000000000000000000e+00,8.148148148148151027e-01,1.222222222222222676e+01,6.936230586072147375e-01,5.066329081410710922e-01,7.599493622116066049e+00,4.729915298898266229e-01,3.981482279381761691e-01,5.972223419072642869e+00,-0.000000000000000000e+00,-4.530265471694292639e-02,-6.795398207541438751e-01,-1.402115821838378906e-02,-1.927413940429687639e-02,-7.496285438537597656e-02,-3.859556067049493500e+00,-3.425752973004956292e+00,-5.138629459507434660e+01,-3.695384501877951866e+00,-3.359142057560617012e+00,-5.038713086340925429e+01,-5.776158637653363570e-01,-4.043020621608937049e-01,-6.064530932413405573e+00,-6.347760764367917119e+01,-4.893758721427089142e+01,-7.340638082140633287e+02,-8.410836352419784134e+01,-7.397217692823615209e+01,-1.109582653923542239e+03,-2.014003941574213741e+01,-1.734418521203495800e+01,-2.601627781805243558e+02,1.111111111111111049e-01,1.851851851851851749e-01,2.777777777777777679e+00,2.835439963289329013e-01,2.611671555859082505e-01,3.917507333788623924e+00,1.992029903659430501e-01,2.254256318848882612e-01,3.381384478273323779e+00,-5.588976076418170624e-01,-5.796501870616339591e-01,-8.694752805924508721e+00,-1.751849651336669922e-01,-1.398136933644612556e-01,-2.097205400466918945e+00
1.624000000000000000e+03,1.500000000000000000e+01,-9.778258934820456272e-01,-1.327136378154638807e+00,-1.990704567231958322e+01,-6.366321276917991101e-01,-8.865237809445708494e-01,-1.329785671416856196e+01,-1.474541019696871125e-01,-2.256395792998452388e-01,-3.384593689497678692e+00,-1.433985486794422926e+01,-2.982425600096068052e+01,-4.473638400144101865e+02,-3.877945385559466729e+01,-5.185531621271731240e+01,-7.778297431907597002e+02,-7.650927330359974299e+00,-1.028302656519244707e+01,-1.542453984778867095e+02,4.444444444444444198e-01,5.111111111111111827e-01,7.666666666666666963e+00,4.570762093342614074e-01,4.133251362609750568e-01,6.199877043914625574e+00,2.969983792243083842e-01,3.054477357209721688e-01,4.581716035814582533e+00,-4.970594756305217743e-01,-5.911347319061557304e-01,-8.867020978592336178e+00,-1.943707466125488281e-02,-4.176009496053059711e-02,-6.264014244079589844e-01,-1.125543278810643699e-01,-1.791830231935047091e-01,-7.707385571576226280e-01,-1.367544307014467372e-02,-2.260837268429579175e-02,-1.254209138969641646e-01,-2.579523872662997652e-02,-1.248855663849841174e-01,-8.599176130931738271e-01,-6.445042835999999831e+00,-9.882311637759412903e+00,-5.526198029372709186e+01,-2.905443265236436812e+00,-2.062657788868456965e+00,-8.354287470225479240e+00,-4.339708135733579830e+00,-7.718396707085017461e+00,-4.646930617856544643e+01,1.000000000000000000e+00,8.148148148148151027e-01,1.222222222222222676e+01,6.936230586072147375e-01,5.066329081410710922e-01,7.599493622116066049e+00,4.729915298898266229e-01,3.981482279381761691e-01,5.972223419072642869e+00,-0.000000000000000000e+00,-4.530265471694292639e-02,-6.795398207541438751e-01,-1.402115821838378906e-02,-1.927413940429687639e-02,-7.496285438537597656e-02,-3.859556067049493500e+00,-3.425752973004956292e+00,-5.138629459507434660e+01,-3.695384501877951866e+00,-3.359142057560617012e+00,-5.038713086340925429e+01,-5.776158637653363570e-01,-4.043020621608937049e-01,-6.064530932413405573e+00,-6.347760764367917119e+01,-4.893758721427089142e+01,-7.340638082140633287e+02,-8.410836352419784134e+01,-7.397217692823615209e+01,-1.109582653923542239e+03,-2.014003941574213741e+01,-1.734418521203495800e+01,-2.601627781805243558e+02,1.111111111111111049e-01,1.851851851851851749e-01,2.777777777777777679e+00,2.835439963289329013e-01,2.611671555859082505e-01,3.917507333788623924e+00,1.992029903659430501e-01,2.254256318848882612e-01,3.381384478273323779e+00,-5.813851996790617704e-01,-5.796501870616339591e-01,-8.694752805924508721e+00,-1.751849651336669922e-01,-1.398136933644612556e-01,-2.097205400466918945e+00
1.777000000000000000e+03,1.500000000000000000e+01,-1.726505238510630758e+00,-1.543474606252257297e+00,-2.315211909378385968e+01,-1.078898400016230941e+00,-1.146083317640694599e+00,-1.719124976461041854e+01,-1.580956953628565309e-01,-2.133807062996052328e-01,-3.200710594494078354e+00,-4.764246367956253181e+01,-3.365292312903328309e+01,-5.047938469354992321e+02,-4.272888077863697731e+01,-3.193586002215416997e+01,-4.790379003323125744e+02,-2.216760799458085529e+01,-1.476302102771064639e+01,-2.214453154156597066e+02,7.777777777777777901e-01,7.333333333333335036e-01,1.100000000000000178e+01,4.231069468376097431e-01,4.088005511914428181e-01,6.132008267871642104e+00,3.808635362524105394e-01,3.621903523899422384e-01,5.432855285849133686e+00,-1.248643994331359863e-01,-4.172002253433068630e-01,-6.258003380149602890e+00,-8.022475242614746094e-02,-6.420741081237793524e-02,-9.631111621856689453e-01,-6.682920746204132345e-02,-1.791830231935047091e-01,-7.289535115646688102e-01,-1.367544307014467372e-02,-2.260837268429579175e-02,-1.101187442594600829e-01,-2.506049376458267808e-02,-1.248855663849841174e-01,-8.599176130931738271e-01,-5.776192071332692635e+00,-9.882311637759412903e+00,-5.526198029372709186e+01,-2.905443265236436812e+00,-1.872277702609962402e+00,-5.616833107829886984e+00,-4.339708135733579830e+00,-7.718396707085017461e+00,-4.646930617856544643e+01,1.000000000000000000e+00,8.611111111111111605e-01,1.233333333333333570e+01,6.936230586072147375e-01,5.066329081410710922e-01,7.599493622116066049e+00,4.729915298898266229e-01,3.981482279381761691e-01,5.972223419072642869e+00,-0.000000000000000000e+00,-4.530265471694292639e-02,-6.795398207541438751e-01,-1.198124885559082031e-02,-1.927413940429687639e-02,-7.496285438537597656e-02,-3.859556067049493500e+00,-3.425752973004956292e+00,-5.138629459507434660e+01,-3.695384501877951866e+00,-3.359142057560617012e+00,-5.038713086340925429e+01,-5.776158637653363570e-01,-4.043020621608937049e-01,-6.064530932413405573e+00,-6.347760764367917119e+01,-4.893758721427089142e+01,-7.340638082140633287e+02,-8.410836352419784134e+01,-7.397217692823615209e+01,-1.109582653923542239e+03,-2.014003941574213741e+01,-1.734418521203495800e+01,-2.601627781805243558e+02,1.111111111111111049e-01,1.851851851851851749e-01,2.777777777777777679e+00,2.835439963289329013e-01,2.611671555859082505e-01,3.917507333788623924e+00,1.992029903659430501e-01,2.254256318848882612e-01,3.381384478273323779e+00,-5.813851996790617704e-01,-5.911347319061557304e-01,-8.867020978592336178e+00,-1.751849651336669922e-01,-1.398136933644612556e-01,-2.097205400466918945e+00
1.822000000000000000e+03,1.500000000000000000e+01,-1.547893959844688361e+00,-8.389006266085002883e-01,-1.258350939912750377e+01,-1.089140201863060931e+00,-5.449761960007291073e-01,-8.174642940010937053e+00,-1.890423980852383723e-01,-2.018160329770495032e-01,-3.027240494655742520e+00,-4.273760160303842071e+01,-2.962026087855833012e+01,-4.443039131783749554e+02,-1.280312888840095376e+01,-8.544102616138555817e+00,-1.281615392420783337e+02,-2.582168905303841555e+01,-1.549866050271478102e+01,-2.324799075407217117e+02,8.888888888888888395e-01,7.185185185185185563e-01,1.077777777777777857e+01,4.433366929028339509e-01,4.088209929964569112e-01,6.132314894946853556e+00,4.114843355231757038e-01,3.688468263383863910e-01,5.532702395075795643e+00,-1.831818912178277969e-01,-3.770422292873263359e-01,-5.655633439309895039e+00,-6.206893920898437500e-02,-5.089530944824218611e-02,-7.634296417236328125e-01,-6.682920746204132345e-02,-1.791830231935047091e-01,-7.289535115646688102e-01,-1.367544307014467372e-02,-2.260837268429579175e-02,-1.101187442594600829e-01,-2.506049376458267808e-02,-1.248855663849841174e-01,-8.599176130931738271e-01,-5.776192071332692635e+00,-9.882311637759412903e+00,-5.526198029372709186e+01,-2.905443265236436812e+00,-1.804611566790655708e+00,-5.413834700371967124e+00,-4.339708135733579830e+00,-7.718396707085017461e+00,-4.646930617856544643e+01,1.000000000000000000e+00,8.611111111111111605e-01,1.233333333333333570e+01,6.936230586072147375e-01,5.066329081410710922e-01,7.599493622116066049e+00,4.729915298898266229e-01,3.981482279381761691e-01,5.972223419072642869e+00,-0.000000000000000000e+00,-4.530265471694292639e-02,-6.795398207541438751e-01,-1.198124885559082031e-02,-1.927413940429687639e-02,-7.496285438537597656e-02,-3.859556067049493500e+00,-3.425752973004956292e+00,-5.138629459507434660e+01,-3.695384501877951866e+00,-3.359142057560617012e+00,-5.038713086340925429e+01,-5.776158637653363570e-01,-4.043020621608937049e-01,-6.064530932413405573e+00,-6.347760764367917119e+01,-4.893758721427089142e+01,-7.340638082140633287e+02,-8.410836352419784134e+01,-7.397217692823615209e+01,-1.109582653923542239e+03,-2.216760799458085529e+01,-1.734418521203495800e+01,-2.601627781805243558e+02,1.111111111111111049e-01,1.851851851851851749e-01,2.777777777777777679e+00,2.835439963289329013e-01,2.611671555859082505e-01,3.917507333788623924e+00,1.992029903659430501e-01,2.254256318848882612e-01,3.381384478273323779e+00,-5.813851996790617704e-01,-5.911347319061557304e-01,-8.867020978592336178e+00,-1.751849651336669922e-01,-1.398136933644612556e-01,-2.097205400466918945e+00
1.827000000000000000e+03,1.500000000000000000e+01,-1.505425027010770300e+00,-1.467580334167093215e+00,-2.201370501250639933e+01,-1.128519331216829125e+00,-1.171658050557964126e+00,-1.757487075836946033e+01,-1.727082715523976519e-01,-2.087087606945577656e-01,-3.130631410418366567e+00,-3.219638524531727342e+01,-3.058061374270944199e+01,-4.587092061406416406e+02,-4.617458630968888400e+01,-2.183022373422681284e+01,-3.274533560134021855e+02,-1.332769199097573143e+01,-1.750913886633717098e+01,-2.626370829950575398e+02,6.666666666666666297e-01,7.259259259259259744e-01,1.088888888888888928e+01,4.590358301824646325e-01,4.086443427231273295e-01,6.129665140846910276e+00,3.843081305929628710e-01,3.642443510073707369e-01,5.463665265110560831e+00,-8.878161199390888214e-02,-3.125747641238073582e-01,-4.688621461857110262e+00,-5.376696586608886719e-02,-5.735205014546711916e-02,-8.602807521820068359e-01,-6.682920746204132345e-02,-1.791830231935047091e-01,-7.289535115646688102e-01,-1.367544307014467372e-02,-2.260837268429579175e-02,-1.101187442594600829e-01,-2.506049376458267808e-02,-1.248855663849841174e-01,-8.599176130931738271e-01,-5.776192071332692635e+00,-9.882311637759412903e+00,-5.526198029372709186e+01,-2.905443265236436812e+00,-1.804611566790655708e+00,-5.413834700371967124e+00,-4.339708135733579830e+00,-7.718396707085017461e+00,-4.646930617856544643e+01,1.000000000000000000e+00,8.611111111111111605e-01,1.233333333333333570e+01,6.936230586072147375e-01,5.066329081410710922e-01,7.599493622116066049e+00,4.729915298898266229e-01,3.981482279381761691e-01,5.972223419072642869e+00,-0.000000000000000000e+00,-4.530265471694292639e-02,-6.795398207541438751e-01,-1.198124885559082031e-02,-1.927413940429687639e-02,-7.496285438537597656e-02,-3.859556067049493500e+00,-3.425752973004956292e+00,-5.138629459507434660e+01,-3.695384501877951866e+00,-3.359142057560617012e+00,-5.038713086340925429e+01,-5.776158637653363570e-01,-4.043020621608937049e-01,-6.064530932413405573e+00,-6.347760764367917119e+01,-4.893758721427089142e+01,-7.340638082140633287e+02,-8.410836352419784134e+01,-7.397217692823615209e+01,-1.109582653923542239e+03,-2.582168905303841555e+01,-1.734418521203495800e+01,-2.601627781805243558e+02,1.111111111111111049e-01,1.851851851851851749e-01,2.777777777777777679e+00,2.835439963289329013e-01,2.611671555859082505e-01,3.917507333788623924e+00,1.992029903659430501e-01,2.254256318848882612e-01,3.381384478273323779e+00,-5.813851996790617704e-01,-5.911347319061557304e-01,-8.867020978592336178e+00,-1.751849651336669922e-01,-1.398136933644612556e-01,-2.097205400466918945e+00
1.828000000000000000e+03,1.500000000000000000e+01,-1.559600356963964707e+00,-1.582938413952555079e+00,-2.374407620928832685e+01,-1.134935164144364350e+00,-1.286526471065962518e+00,-1.929789706598943866e+01,-1.773722570959004874e-01,-2.257311894627460624e-01,-3.385967841941190937e+00,-3.338647601706311008e+01,-3.091922393790381918e+01,-4.637883590685572699e+02,-4.599780241829201799e+01,-2.384531361743115596e+01,-3.576797042614673501e+02,-1.653563845012227418e+01,-1.773644051381990394e+01,-2.660466077072985627e+02,6.666666666666666297e-01,7.407407407407408106e-01,1.111111111111111249e+01,4.571427778049875212e-01,4.053163841036321324e-01,6.079745761554481653e+00,3.742345618970959742e-01,3.613028417885759125e-01,5.419542626828638632e+00,-9.437003824859857559e-02,-3.082491102783630477e-01,-4.623736654175445437e+00,-5.989313125610351562e-02,-5.830807685852050504e-02,-8.746211528778076172e-01,-6.682920746204132345e-02,-1.791830231935047091e-01,-7.289535115646688102e-01,-1.367544307014467372e-02,-2.260837268429579175e-02,-1.101187442594600829e-01,-2.506049376458267808e-02,-1.248855663849841174e-01,-8.599176130931738271e-01,-5.776192071332692635e+00,-9.882311637759412903e+00,-5.526198029372709186e+01,-2.905443265236436812e+00,-1.804611566790655708e+00,-5.413834700371967124e+00,-4.339708135733579830e+00,-7.718396707085017461e+00,-4.646930617856544643e+01,1.000000000000000000e+00,8.611111111111111605e-01,1.233333333333333570e+01,6.936230586072147375e-01,5.066329081410710922e-01,7.599493622116066049e+00,4.729915298898266229e-01,3.981482279381761691e-01,5.972223419072642869e+00,-0.000000000000000000e+00,-4.530265471694292639e-02,-6.795398207541438751e-01,-1.198124885559082031e-02,-1.927413940429687639e-02,-7.496285438537597656e-02,-3.859556067049493500e+00,-3.425752973004956292e+00,-5.138629459507434660e+01,-3.695384501877951866e+00,-3.359142057560617012e+00,-5.038713086340925429e+01,-5.776158637653363570e-01,-4.043020621608937049e-01,-6.064530932413405573e+00,-6.347760764367917119e+01,-4.893758721427089142e+01,-7.340638082140633287e+02,-8.410836352419784134e+01,-7.397217692823615209e+01,-1.109582653923542239e+03,-2.582168905303841555e+01,-1.750913886633717098e+01,-2.626370829950575398e+02,1.111111111111111049e-01,1.851851851851851749e-01,2.777777777777777679e+00,2.835439963289329013e-01,2.611671555859082505e-01,3.917507333788623924e+00,1.992029903659430501e-01,2.254256318848882612e-01,3.381384478273323779e+00,-5.813851996790617704e-01,-5.911347319061557304e-01,-8.867020978592336178e+00,-1.751849651336669922e-01,-1.398136933644612556e-01,-2.097205400466918945e+00
1.833000000000000000e+03,1.500000000000000000e+01,-1.400400053162120351e+00,-1.149755932611080000e+00,-1.724633898916620112e+01,-1.009914307686540225e+00,-7.744636588591001791e-01,-1.161695488288650324e+01,-1.663683292316386897e-01,-2.256864032454058422e-01,-3.385296048681087466e+00,-3.749033956847340221e+01,-3.226216570395553873e+01,-4.839324855593330881e+02,-1.115527569864893920e+01,-8.861734306684519780e+00,-1.329260146002677914e+02,-1.984338594199999761e+01,-1.807672025986851949e+01,-2.711508038980277888e+02,7.777777777777777901e-01,6.962962962962964131e-01,1.044444444444444642e+01,4.369952717040833101e-01,4.038259601993737791e-01,6.057389402990606797e+00,3.952510627481815031e-01,3.568301765412502102e-01,5.352452648118752876e+00,-9.697028435766696930e-02,-3.350451915078641041e-01,-5.025677872617961839e+00,-5.673789978027343750e-02,-5.222455660502115654e-02,-7.833683490753173828e-01,-6.682920746204132345e-02,-1.791830231935047091e-01,-7.289535115646688102e-01,-1.367544307014467372e-02,-2.260837268429579175e-02,-1.101187442594600829e-01,-2.506049376458267808e-02,-1.248855663849841174e-01,-8.599176130931738271e-01,-5.776192071332692635e+00,-9.882311637759412903e+00,-5.526198029372709186e+01,-2.905443265236436812e+00,-1.804611566790655708e+00,-5.413834700371967124e+00,-4.339708135733579830e+00,-7.718396707085017461e+00,-4.646930617856544643e+01,1.000000000000000000e+00,8.611111111111111605e-01,1.233333333333333570e+01,6.936230586072147375e-01,5.066329081410710922e-01,7.599493622116066049e+00,4.729915298898266229e-01,3.981482279381761691e-01,5.972223419072642869e+00,-0.000000000000000000e+00,-4.530265471694292639e-02,-6.795398207541438751e-01,-1.198124885559082031e-02,-1.927413940429687639e-02,-7.496285438537597656e-02,-3.859556067049493500e+00,-3.425752973004956292e+00,-5.138629459507434660e+01,-3.695384501877951866e+00,-3.359142057560617012e+00,-5.038713086340925429e+01,-5.776158637653363570e-01,-4.043020621608937049e-01,-6.064530932413405573e+00,-6.347760764367917119e+01,-4.893758721427089142e+01,-7.340638082140633287e+02,-8.410836352419784134e+01,-7.397217692823615209e+01,-1.109582653923542239e+03,-2.582168905303841555e+01,-1.773644051381990394e+01,-2.660466077072985627e+02,1.111111111111111049e-01,1.851851851851851749e-01,2.777777777777777679e+00,2.835439963289329013e-01,2.611671555859082505e-01,3.917507333788623924e+00,1.992029903659430501e-01,2.254256318848882612e-01,3.381384478273323779e+00,-5.813851996790617704e-01,-5.911347319061557304e-01,-8.867020978592336178e+00,-1.751849651336669922e-01,-1.398136933644612556e-01,-2.097205400466918945e+00
1.850000000000000000e+03,1.500000000000000000e+01,-2.195814705943494261e+00,-1.366775874396630064e+00,-2.050163811594945074e+01,-2.021713992708249030e+00,-9.713643241496394687e-01,-1.457046486224459159e+01,-1.538838566761575877e-01,-2.293097047588127102e-01,-3.439645571382190514e+00,-3.549206266358672224e+01,-3.445497549558932349e+01,-5.168246324338398381e+02,-1.298781925789402258e+01,-1.130337970832744965e+01,-1.695506956249117536e+02,-2.024235438577295199e+01,-1.997782201276581659e+01,-2.996673301914872241e+02,6.666666666666666297e-01,7.407407407407408106e-01,1.111111111111111249e+01,4.075914354796028594e-01,3.952299741030831370e-01,5.928449611546247056e+00,3.590371220514489981e-01,3.588814776534576256e-01,5.383222164801864551e+00,-9.080556966364383698e-02,-3.484671846963465214e-01,-5.227007770445197821e+00,-7.897114753723144531e-02,-5.252170562744140625e-02,-7.878255844116210938e-01,-6.682920746204132345e-02,-1.791830231935047091e-01,-7.289535115646688102e-01,-1.367544307014467372e-02,-2.260837268429579175e-02,-1.101187442594600829e-01,-2.506049376458267808e-02,-1.248855663849841174e-01,-8.599176130931738271e-01,-5.776192071332692635e+00,-9.882311637759412903e+00,-5.526198029372709186e+01,-2.905443265236436812e+00,-1.804611566790655708e+00,-5.413834700371967124e+00,-4.339708135733579830e+00,-7.718396707085017461e+00,-4.646930617856544643e+01,1.000000000000000000e+00,8.611111111111111605e-01,1.233333333333333570e+01,6.936230586072147375e-01,5.066329081410710922e-01,7.599493622116066049e+00,4.729915298898266229e-01,3.981482279381761691e-01,5.972223419072642869e+00,-0.000000000000000000e+00,-4.530265471694292639e-02,-6.795398207541438751e-01,-1.198124885559082031e-02,-1.927413940429687639e-02,-7.496285438537597656e-02,-3.859556067049493500e+00,-3.425752973004956292e+00,-5.138629459507434660e+01,-3.695384501877951866e+00,-3.359142057560617012e+00,-5.038713086340925429e+01,-5.776158637653363570e-01,-4.043020621608937049e-01,-6.064530932413405573e+00,-6.347760764367917119e+01,-4.893758721427089142e+01,-7.340638082140633287e+02,-8.410836352419784134e+01,-7.397217692823615209e+01,-1.109582653923542239e+03,-2.582168905303841555e+01,-1.807672025986851949e+01,-2.711508038980277888e+02,1.111111111111111049e-01,1.851851851851851749e-01,2.777777777777777679e+00,2.835439963289329013e-01,2.611671555859082505e-01,3.917507333788623924e+00,1.992029903659430501e-01,2.254256318848882612e-01,3.381384478273323779e+00,-5.813851996790617704e-01,-5.911347319061557304e-01,-8.867020978592336178e+00,-1.751849651336669922e-01,-1.398136933644612556e-01,-2.097205400466918945e+00
2.124000000000000000e+03,1.500000000000000000e+01,-3.478667998436249409e+00,-1.221096969215091921e+00,-1.831645453822637748e+01,-2.892010381341197700e+00,-7.697285770405994931e-01,-1.154592865560899284e+01,-6.410309599820982474e-01,-2.349380343721530762e-01,-3.524070515582296004e+00,-3.880784536312715005e+01,-1.812961267048502023e+01,-2.719441900572753070e+02,-4.621276082736610391e+01,-1.093153466686192310e+01,-1.639730200029288483e+02,-1.926076474996747834e+01,-1.088062432200586649e+01,-1.632093648300879920e+02,3.333333333333333148e-01,6.296296296296297612e-01,9.444444444444446418e+00,3.037954900248834300e-01,3.845077720630302176e-01,5.767616580945452931e+00,2.580760757393540383e-01,3.199045610385639060e-01,4.798568415578458257e+00,-3.490273319184780121e-01,-4.064344471941391812e-01,-6.096516707912087440e+00,-1.188929080963134766e-01,-3.594581286112467217e-02,-5.391871929168701172e-01,-6.682920746204132345e-02,-1.791830231935047091e-01,-7.289535115646688102e-01,-1.367544307014467372e-02,-2.260837268429579175e-02,-1.101187442594600829e-01,-4.447217822145728069e-03,-1.248855663849841174e-01,-8.599176130931738271e-01,-5.776192071332692635e+00,-9.882311637759412903e+00,-5.526198029372709186e+01,-2.905443265236436812e+00,-1.804611566790655708e+00,-5.413834700371967124e+00,-4.339708135733579830e+00,-7.718396707085017461e+00,-4.646930617856544643e+01,1.000000000000000000e+00,8.611111111111111605e-01,1.233333333333333570e+01,6.936230586072147375e-01,5.066329081410710922e-01,7.599493622116066049e+00,4.729915298898266229e-01,3.981482279381761691e-01,5.972223419072642869e+00,-0.000000000000000000e+00,-4.530265471694292639e-02,-6.795398207541438751e-01,-1.198124885559082031e-02,-1.927413940429687639e-02,-7.496285438537597656e-02,-3.859556067049493500e+00,-3.425752973004956292e+00,-5.138629459507434660e+01,-3.695384501877951866e+00,-3.359142057560617012e+00,-5.038713086340925429e+01,-5.776158637653363570e-01,-4.043020621608937049e-01,-6.064530932413405573e+00,-6.347760764367917119e+01,-4.893758721427089142e+01,-7.340638082140633287e+02,-8.410836352419784134e+01,-7.397217692823615209e+01,-1.109582653923542239e+03,-2.582168905303841555e+01,-1.997782201276581659e+01,-2.996673301914872241e+02,1.111111111111111049e-01,1.851851851851851749e-01,2.777777777777777679e+00,2.835439963289329013e-01,2.611671555859082505e-01,3.917507333788623924e+00,1.992029903659430501e-01,2.254256318848882612e-01,3.381384478273323779e+00,-5.813851996790617704e-01,-5.911347319061557304e-01,-8.867020978592336178e+00,-1.751849651336669922e-01,-1.398136933644612556e-01,-2.097205400466918945e+00
2.142000000000000000e+03,1.500000000000000000e+01,-2.958579889639782134e+00,-1.771997247260922892e+00,-2.657995870891384271e+01,-2.767366362355465181e+00,-1.320816383615279754e+00,-1.981224575422919543e+01,-2.779342098551709217e-01,-2.964352137619720162e-01,-4.446528206429579910e+00,-2.679767803137855964e+01,-1.769179809370609746e+01,-2.653769714055914619e+02,-5.355297629370501511e+01,-2.511944232933295851e+01,-3.767916349399943670e+02,-1.516857168046588278e+01,-1.206045001812276674e+01,-1.809067502718415028e+02,1.111111111111111049e-01,5.333333333333333259e-01,8.000000000000000000e+00,4.700243072308524783e-01,3.727863698518344981e-01,5.591795547777517861e+00,2.642973979605547363e-01,2.998987756238598590e-01,4.498481634357897718e+00,-3.729443550109863281e-01,-4.797233227174729220e-01,-7.195849840762093663e+00,-9.023880958557128906e-02,-4.732975959777831892e-02,-7.099463939666748047e-01,-6.682920746204132345e-02,-1.791830231935047091e-01,-7.289535115646688102e-01,-1.367544307014467372e-02,-2.260837268429579175e-02,-1.101187442594600829e-01,-4.447217822145728069e-03,-1.248855663849841174e-01,-8.599176130931738271e-01,-5.776192071332692635e+00,-9.882311637759412903e+00,-5.526198029372709186e+01,-2.905443265236436812e+00,-1.804611566790655708e+00,-5.413834700371967124e+00,-4.339708135733579830e+00,-7.718396707085017461e+00,-4.646930617856544643e+01,1.000000000000000000e+00,8.611111111111111605e-01,1.233333333333333570e+01,6.936230586072147375e-01,5.066329081410710922e-01,7.599493622116066049e+00,4.729915298898266229e-01,3.981482279381761691e-01,5.972223419072642869e+00,-0.000000000000000000e+00,-4.530265471694292639e-02,-6.795398207541438751e-01,-1.198124885559082031e-02,-1.927413940429687639e-02,-7.496285438537597656e-02,-3.859556067049493500e+00,-3.425752973004956292e+00,-5.138629459507434660e+01,-3.695384501877951866e+00,-3.359142057560617012e+00,-5.038713086340925429e+01,-6.410309599820982474e-01,-4.043020621608937049e-01,-6.064530932413405573e+00,-6.347760764367917119e+01,-4.893758721427089142e+01,-7.340638082140633287e+02,-8.410836352419784134e+01,-7.397217692823615209e+01,-1.109582653923542239e+03,-2.582168905303841555e+01,-1.997782201276581659e+01,-2.996673301914872241e+02,1.111111111111111049e-01,1.851851851851851749e-01,2.777777777777777679e+00,2.835439963289329013e-01,2.611671555859082505e-01,3.917507333788623924e+00,1.992029903659430501e-01,2.254256318848882612e-01,3.381384478273323779e+00,-5.813851996790617704e-01,-5.911347319061557304e-01,-8.867020978592336178e+00,-1.751849651336669922e-01,-1.398136933644612556e-01,-2.097205400466918945e+00
2.454000000000000000e+03,1.500000000000000000e+01,-3.621550310314786691e-01,-1.404476137876954578e+00,-2.106714206815431822e+01,-5.570893632626551517e-02,-1.318460770060182918e+00,-1.977691155090274222e+01,-1.256347276510996758e-01,-2.333572273422273580e-01,-3.500358410133410203e+00,-4.371062545783433251e+01,-3.010146115739549089e+01,-4.515219173609323775e+02,-6.184707891455412465e+01,-2.889778574402120981e+01,-4.334667861603181223e+02,-9.168966801497374419e+00,-9.732189253795816342e+00,-1.459828388069372522e+02,7.777777777777777901e-01,5.481481481481481621e-01,8.222222222222223209e+00,3.873932412838869133e-01,3.690283193720615973e-01,5.535424790580924181e+00,3.576615269668310670e-01,3.007358989426842100e-01,4.511038484140263094e+00,-6.241294406354427338e-01,-4.541851716116070969e-01,-6.812777574174106121e+00,-5.429577827453613281e-02,-4.015189806620279855e-02,-6.022784709930419922e-01,-6.015417445509388394e-02,-1.791830231935047091e-01,-7.289535115646688102e-01,-2.763320788534459616e-03,-2.260837268429579175e-02,-1.101187442594600829e-01,-4.447217822145728069e-03,-1.248855663849841174e-01,-8.599176130931738271e-01,-5.776192071332692635e+00,-9.882311637759412903e+00,-5.526198029372709186e+01,-2.905443265236436812e+00,-1.804611566790655708e+00,-5.413834700371967124e+00,-4.339708135733579830e+00,-7.718396707085017461e+00,-4.646930617856544643e+01,1.000000000000000000e+00,8.611111111111111605e-01,1.233333333333333570e+01,6.936230586072147375e-01,5.066329081410710922e-01,7.599493622116066049e+00,4.729915298898266229e-01,3.981482279381761691e-01,5.972223419072642869e+00,-0.000000000000000000e+00,-4.530265471694292639e-02,-6.795398207541438751e-01,-1.198124885559082031e-02,-1.927413940429687639e-02,-7.496285438537597656e-02,-3.859556067049493500e+00,-3.425752973004956292e+00,-5.138629459507434660e+01,-3.695384501877951866e+00,-3.359142057560617012e+00,-5.038713086340925429e+01,-6.410309599820982474e-01,-4.043020621608937049e-01,-6.064530932413405573e+00,-6.347760764367917119e+01,-4.893758721427089142e+01,-7.340638082140633287e+02,-8.410836352419784134e+01,-7.397217692823615209e+01,-1.109582653923542239e+03,-2.582168905303841555e+01,-1.997782201276581659e+01,-2.996673301914872241e+02,1.111111111111111049e-01,1.851851851851851749e-01,2.777777777777777679e+00,2.835439963289329013e-01,2.611671555859082505e-01,3.917507333788623924e+00,1.992029903659430501e-01,2.254256318848882612e-01,3.381384478273323779e+00,-5.813851996790617704e-01,-5.911347319061557304e-01,-8.867020978592336178e+00,-1.751849651336669922e-01,-1.398136933644612556e-01,-2.097205400466918945e+00
2.532000000000000000e+03,1.500000000000000000e+01,-3.605430843237275695e+00,-2.602030021725519671e+00,-3.903045032588279639e+01,-2.990313160160831707e+00,-2.437120438029138469e+00,-3.655680657043707527e+01,-4.359009408731081558e-01,-4.934875053734333883e-01,-7.402312580601500436e+00,-3.653064446766234852e+01,-2.669355979122756395e+01,-4.004033968684134379e+02,-5.613825485540143490e+01,-4.797759231529983737e+01,-7.196638847294975676e+02,-1.644124226266817601e+01,-2.184983371145581188e+01,-3.277475056718371889e+02,5.555555555555555802e-01,3.851851851851851860e-01,5.777777777777777679e+00,3.398301761869800819e-01,3.601831966394364870e-01,5.402747949591547361e+00,2.880600144087575587e-01,2.803825225217874695e-01,4.205737837826812431e+00,-4.231415307149291039e-01,-5.353577104397118092e-01,-8.030365656595677137e+00,-9.881973266601562500e-02,-6.811523437500000000e-02,-1.021728515625000000e+00,-6.015417445509388394e-02,-1.791830231935047091e-01,-7.289535115646688102e-01,-2.763320788534459616e-03,-2.260837268429579175e-02,-1.101187442594600829e-01,-1.638974732391871615e-03,-1.248855663849841174e-01,-8.599176130931738271e-01,-5.776192071332692635e+00,-9.882311637759412903e+00,-5.526198029372709186e+01,-2.905443265236436812e+00,-1.804611566790655708e+00,-5.413834700371967124e+00,-4.339708135733579830e+00,-7.718396707085017461e+00,-4.646930617856544643e+01,1.000000000000000000e+00,8.611111111111111605e-01,1.233333333333333570e+01,6.936230586072147375e-01,5.066329081410710922e-01,7.599493622116066049e+00,5.323157834147234091e-01,3.981482279381761691e-01,5.972223419072642869e+00,-0.000000000000000000e+00,-4.530265471694292639e-02,-6.795398207541438751e-01,-1.198124885559082031e-02,-1.927413940429687639e-02,-7.496285438537597656e-02,-3.859556067049493500e+00,-3.425752973004956292e+00,-5.138629459507434660e+01,-3.695384501877951866e+00,-3.359142057560617012e+00,-5.038713086340925429e+01,-6.410309599820982474e-01,-4.043020621608937049e-01,-6.064530932413405573e+00,-6.347760764367917119e+01,-4.893758721427089142e+01,-7.340638082140633287e+02,-8.410836352419784134e+01,-7.397217692823615209e+01,-1.109582653923542239e+03,-2.582168905303841555e+01,-1.997782201276581659e+01,-2.996673301914872241e+02,1.111111111111111049e-01,1.851851851851851749e-01,2.777777777777777679e+00,2.835439963289329013e-01,2.611671555859082505e-01,3.917507333788623924e+00,1.992029903659430501e-01,2.254256318848882612e-01,3.381384478273323779e+00,-6.241294406354427338e-01,-5.911347319061557304e-01,-8.867020978592336178e+00,-1.751849651336669922e-01,-1.398136933644612556e-01,-2.097205400466918945e+00
2.633000000000000000e+03,1.500000000000000000e+01,-1.923193422631357952e-01,-4.746057112280389068e-01,-7.119085668420583879e+00,-2.511072344976471651e-02,-1.439215337989472043e-01,-2.158823006984208259e+00,-9.749219821309482170e-02,-1.656445051991604633e-01,-2.484667577987406784e+00,-4.327039478050672017e+01,-3.683621966415191196e+01,-5.525432949622786509e+02,-5.564274833574290824e+01,-5.561652000587708500e+01,-8.342478000881562821e+02,-6.439817866527382861e+00,-1.064912304784632369e+01,-1.597368457176948482e+02,4.444444444444444198e-01,4.666666666666666186e-01,6.999999999999999112e+00,4.160818040383033045e-01,4.077135159388249330e-01,6.115702739082373718e+00,3.032946293107454117e-01,3.113762423819846914e-01,4.670643635729770260e+00,-3.097166009247303009e-01,-6.090559105388819727e-01,-9.135838658083230257e+00,-4.682707786560058594e-02,-6.043430964152018275e-02,-9.065146446228027344e-01,-6.015417445509388394e-02,-1.791830231935047091e-01,-7.289535115646688102e-01,-2.763320788534459616e-03,-2.260837268429579175e-02,-1.101187442594600829e-01,-1.638974732391871615e-03,-1.248855663849841174e-01,-8.599176130931738271e-01,-5.776192071332692635e+00,-9.882311637759412903e+00,-5.526198029372709186e+01,-1.261463292252290147e+00,-1.804611566790655708e+00,-5.413834700371967124e+00,-4.339708135733579830e+00,-7.718396707085017461e+00,-4.646930617856544643e+01,1.000000000000000000e+00,8.611111111111111605e-01,1.233333333333333570e+01,6.936230586072147375e-01,5.066329081410710922e-01,7.599493622116066049e+00,5.323157834147234091e-01,3.981482279381761691e-01,5.972223419072642869e+00,-0.000000000000000000e+00,-4.530265471694292639e-02,-6.795398207541438751e-01,-1.198124885559082031e-02,-1.927413940429687639e-02,-7.496285438537597656e-02,-3.859556067049493500e+00,-3.425752973004956292e+00,-5.138629459507434660e+01,-3.695384501877951866e+00,-3.359142057560617012e+00,-5.038713086340925429e+01,-6.410309599820982474e-01,-4.934875053734333883e-01,-7.402312580601500436e+00,-6.347760764367917119e+01,-4.893758721427089142e+01,-7.340638082140633287e+02,-8.410836352419784134e+01,-7.397217692823615209e+01,-1.109582653923542239e+03,-2.582168905303841555e+01,-2.184983371145581188e+01,-3.277475056718371889e+02,1.111111111111111049e-01,1.851851851851851749e-01,2.777777777777777679e+00,2.835439963289329013e-01,2.611671555859082505e-01,3.917507333788623924e+00,1.992029903659430501e-01,2.254256318848882612e-01,3.381384478273323779e+00,-6.241294406354427338e-01,-5.911347319061557304e-01,-8.867020978592336178e+00,-1.751849651336669922e-01,-1.398136933644612556e-01,-2.097205400466918945e+00
3.339000000000000000e+03,1.500000000000000000e+01,-2.071608451655930772e+00,-1.453674227220397741e+00,-2.180511340830596723e+01,-1.646581591579385107e+00,-9.853418424718937141e-01,-1.478012763707840627e+01,-1.420861975738726690e-01,-2.212494894925435551e-01,-3.318742342388153244e+00,-4.775985247557238011e+01,-3.958005539329730738e+01,-5.937008308994595609e+02,-1.423172122713325294e+01,-1.116025186818841597e+01,-1.674037780228262307e+02,-2.813773419052806801e+01,-2.336035150314831199e+01,-3.504052725472246834e+02,6.666666666666666297e-01,7.629629629629628429e-01,1.144444444444444287e+01,4.673208143100139877e-01,4.091623609706845355e-01,6.137435414560267866e+00,4.047144801272948289e-01,3.706599017869362522e-01,5.559898526804043506e+00,-4.389409499708563089e-02,-3.230048718939845798e-01,-4.845073078409768641e+00,-6.630611419677734375e-02,-5.963160196940104490e-02,-8.944740295410156250e-01,-2.774298699254557077e-02,-1.791830231935047091e-01,-7.289535115646688102e-01,-2.763320788534459616e-03,-2.260837268429579175e-02,-1.101187442594600829e-01,-9.104525816562794192e-04,-1.012436184898596742e-01,-6.895514721495774602e-01,-5.776192071332692635e+00,-9.882311637759412903e+00,-5.526198029372709186e+01,-1.261463292252290147e+00,-1.804611566790655708e+00,-5.413834700371967124e+00,-4.339708135733579830e+00,-7.489287718815148764e+00,-4.646930617856544643e+01,1.000000000000000000e+00,8.611111111111111605e-01,1.233333333333333570e+01,8.038353920564582644e-01,5.066329081410710922e-01,7.599493622116066049e+00,5.323157834147234091e-01,3.981482279381761691e-01,5.972223419072642869e+00,-0.000000000000000000e+00,-4.530265471694292639e-02,-6.795398207541438751e-01,-1.198124885559082031e-02,-1.927413940429687639e-02,-7.496285438537597656e-02,-3.859556067049493500e+00,-3.425752973004956292e+00,-5.138629459507434660e+01,-3.695384501877951866e+00,-3.359142057560617012e+00,-5.038713086340925429e+01,-6.410309599820982474e-01,-4.934875053734333883e-01,-7.402312580601500436e+00,-6.347760764367917119e+01,-4.893758721427089142e+01,-7.340638082140633287e+02,-8.410836352419784134e+01,-7.397217692823615209e+01,-1.109582653923542239e+03,-2.582168905303841555e+01,-2.184983371145581188e+01,-3.277475056718371889e+02,1.111111111111111049e-01,1.851851851851851749e-01,2.777777777777777679e+00,2.835439963289329013e-01,2.611671555859082505e-01,3.917507333788623924e+00,1.992029903659430501e-01,2.254256318848882612e-01,3.381384478273323779e+00,-6.241294406354427338e-01,-6.090559105388819727e-01,-9.135838658083230257e+00,-1.751849651336669922e-01,-1.398136933644612556e-01,-2.097205400466918945e+00
3.342000000000000000e+03,1.500000000000000000e+01,-1.956864762861552531e+00,-1.559570062134211899e+00,-2.339355093201317715e+01,-1.493456895137577956e+00,-1.098203718605491597e+00,-1.647305577908237240e+01,-1.382622724845527229e-01,-2.104218749622089879e-01,-3.156328124433134708e+00,-4.927204780978514265e+01,-4.191568132957453940e+01,-6.287352199436180626e+02,-1.412371807739747531e+01,-1.161056789551489743e+01,-1.741585184327234685e+02,-2.961092943580203851e+01,-2.470472242583340616e+01,-3.705708363875011173e+02,8.888888888888888395e-01,7.777777777777780122e-01,1.166666666666666963e+01,4.443244278135771719e-01,4.130317492323937745e-01,6.195476238485906784e+00,4.147856206393875644e-01,3.759662239175621257e-01,5.639493358763432163e+00,-8.054361212998628616e-02,-3.240136171225458384e-01,-4.860204256838187575e+00,-6.410193443298339844e-02,-6.229166984558105746e-02,-9.343750476837158203e-01,-2.774298699254557077e-02,-1.791830231935047091e-01,-7.289535115646688102e-01,-2.763320788534459616e-03,-2.260837268429579175e-02,-1.101187442594600829e-01,-9.104525816562794192e-04,-1.012436184898596742e-01,-6.895514721495774602e-01,-5.776192071332692635e+00,-9.882311637759412903e+00,-5.526198029372709186e+01,-1.261463292252290147e+00,-1.804611566790655708e+00,-5.413834700371967124e+00,-4.339708135733579830e+00,-7.489287718815148764e+00,-4.646930617856544643e+01,1.000000000000000000e+00,8.611111111111111605e-01,1.233333333333333570e+01,8.038353920564582644e-01,5.066329081410710922e-01,7.599493622116066049e+00,5.323157834147234091e-01,3.981482279381761691e-01,5.972223419072642869e+00,-0.000000000000000000e+00,-4.530265471694292639e-02,-6.795398207541438751e-01,-1.198124885559082031e-02,-1.927413940429687639e-02,-7.496285438537597656e-02,-3.859556067049493500e+00,-3.425752973004956292e+00,-5.138629459507434660e+01,-3.695384501877951866e+00,-3.359142057560617012e+00,-5.038713086340925429e+01,-6.410309599820982474e-01,-4.934875053734333883e-01,-7.402312580601500436e+00,-6.347760764367917119e+01,-4.893758721427089142e+01,-7.340638082140633287e+02,-8.410836352419784134e+01,-7.397217692823615209e+01,-1.109582653923542239e+03,-2.813773419052806801e+01,-2.336035150314831199e+01,-3.504052725472246834e+02,1.111111111111111049e-01,1.851851851851851749e-01,2.777777777777777679e+00,2.835439963289329013e-01,2.611671555859082505e-01,3.917507333788623924e+00,1.992029903659430501e-01,2.254256318848882612e-01,3.381384478273323779e+00,-6.241294406354427338e-01,-6.090559105388819727e-01,-9.135838658083230257e+00,-1.751849651336669922e-01,-1.398136933644612556e-01,-2.097205400466918945e+00
3.508000000000000000e+03,1.500000000000000000e+01,-1.058313372612529335e+00,-6.679545917980979075e-01,-1.001931887697146806e+01,-5.124943070436361880e-01,-3.457792025277281467e-01,-5.186688037915922145e+00,-1.399854877272793952e-01,-2.005866433565414164e-01,-3.008799650348121357e+00,-3.470074819453243720e+01,-2.583476951988147263e+01,-3.875215427982220717e+02,-1.038748651108378951e+01,-7.107974385759839642e+00,-1.066196157863975884e+02,-1.423910296342475590e+01,-1.334889569790986918e+01,-2.002334354686480253e+02,7.777777777777777901e-01,7.703703703703703720e-01,1.155555555555555536e+01,4.238796127635229838e-01,3.891602001212384754e-01,5.837403001818577408e+00,3.859987299057857091e-01,3.544126781934832104e-01,5.316190172902247824e+00,-1.015701964497566223e-01,-4.221932253024230364e-01,-6.332898379536345601e+00,-5.120205879211425781e-02,-2.834573531150817871e+01,-4.251860296726226807e+02,-2.774298699254557077e-02,-1.791830231935047091e-01,-7.289535115646688102e-01,-2.763320788534459616e-03,-2.260837268429579175e-02,-1.101187442594600829e-01,-9.104525816562794192e-04,-1.012436184898596742e-01,-6.895514721495774602e-01,-5.776192071332692635e+00,-9.882311637759412903e+00,-5.526198029372709186e+01,-1.261463292252290147e+00,-1.804611566790655708e+00,-5.413834700371967124e+00,-4.339708135733579830e+00,-7.489287718815148764e+00,-4.646930617856544643e+01,1.000000000000000000e+00,8.611111111111111605e-01,1.255555555555555891e+01,8.038353920564582644e-01,5.066329081410710922e-01,7.599493622116066049e+00,5.323157834147234091e-01,3.981482279381761691e-01,5.972223419072642869e+00,-0.000000000000000000e+00,-4.530265471694292639e-02,-6.795398207541438751e-01,-1.198124885559082031e-02,-1.927413940429687639e-02,-7.496285438537597656e-02,-3.859556067049493500e+00,-3.425752973004956292e+00,-5.138629459507434660e+01,-3.695384501877951866e+00,-3.359142057560617012e+00,-5.038713086340925429e+01,-6.410309599820982474e-01,-4.934875053734333883e-01,-7.402312580601500436e+00,-6.347760764367917119e+01,-4.893758721427089142e+01,-7.340638082140633287e+02,-8.410836352419784134e+01,-7.397217692823615209e+01,-1.109582653923542239e+03,-2.961092943580203851e+01,-2.470472242583340616e+01,-3.705708363875011173e+02,1.111111111111111049e-01,1.851851851851851749e-01,2.777777777777777679e+00,2.835439963289329013e-01,2.611671555859082505e-01,3.917507333788623924e+00,1.992029903659430501e-01,2.254256318848882612e-01,3.381384478273323779e+00,-6.241294406354427338e-01,-6.090559105388819727e-01,-9.135838658083230257e+00,-1.751849651336669922e-01,-1.398136933644612556e-01,-2.097205400466918945e+00
3.773000000000000000e+03,1.500000000000000000e+01,-2.060078206099276610e+00,-1.348433611829747747e+00,-2.022650417744621620e+01,-1.920230987433245051e+00,-1.062871862097514386e+00,-1.594307793146271734e+01,-1.385585685817114499e-01,-2.190747134457019241e-01,-3.286120701685528722e+00,-2.923051706664761085e+01,-2.739668201301862993e+01,-4.109502301952794596e+02,-5.670584105880521264e+01,-4.498533947342406947e+01,-6.747800921013609923e+02,-6.477868196724742234e+00,-1.111905882680805924e+01,-1.667858824021208761e+02,7.777777777777777901e-01,6.000000000000001998e-01,9.000000000000003553e+00,5.186350401885438943e-01,4.510272930445755057e-01,6.765409395668632975e+00,4.352545879029890985e-01,3.647922455969506150e-01,5.471883683954259503e+00,-4.016732368618249893e-01,-6.127704928318659094e-01,-9.191557392477989197e+00,-6.463408470153808594e-02,-5.902692476908365932e-02,-8.854038715362548828e-01,-2.774298699254557077e-02,-1.791830231935047091e-01,-7.289535115646688102e-01,-2.763320788534459616e-03,-2.260837268429579175e-02,-1.101187442594600829e-01,-9.104525816562794192e-04,-1.012436184898596742e-01,-6.895514721495774602e-01,-5.776192071332692635e+00,-9.882311637759412903e+00,-5.526198029372709186e+01,-1.261463292252290147e+00,-1.804611566790655708e+00,-5.413834700371967124e+00,-4.339708135733579830e+00,-7.489287718815148764e+00,-4.646930617856544643e+01,1.000000000000000000e+00,8.611111111111111605e-01,1.255555555555555891e+01,8.038353920564582644e-01,5.066329081410710922e-01,7.599493622116066049e+00,5.323157834147234091e-01,3.981482279381761691e-01,5.972223419072642869e+00,-0.000000000000000000e+00,-4.530265471694292639e-02,-6.795398207541438751e-01,-1.198124885559082031e-02,-1.927413940429687639e-02,-7.496285438537597656e-02,-3.859556067049493500e+00,-3.425752973004956292e+00,-5.138629459507434660e+01,-3.695384501877951866e+00,-3.359142057560617012e+00,-5.038713086340925429e+01,-6.410309599820982474e-01,-4.934875053734333883e-01,-7.402312580601500436e+00,-6.347760764367917119e+01,-4.893758721427089142e+01,-7.340638082140633287e+02,-8.410836352419784134e+01,-7.397217692823615209e+01,-1.109582653923542239e+03,-2.961092943580203851e+01,-2.470472242583340616e+01,-3.705708363875011173e+02,1.111111111111111049e-01,1.851851851851851749e-01,2.777777777777777679e+00,2.835439963289329013e-01,2.611671555859082505e-01,3.917507333788623924e+00,1.992029903659430501e-01,2.254256318848882612e-01,3.381384478273323779e+00,-6.241294406354427338e-01,-6.090559105388819727e-01,-9.135838658083230257e+00,-1.751849651336669922e-01,-2.834573531150817871e+01,-4.251860296726226807e+02
3.804000000000000000e+03,1.500000000000000000e+01,-1.165854159124869005e+00,-5.949432980831491635e-01,-8.924149471247236676e+00,-5.835776521457675114e-01,-2.118864304768283136e-01,-3.178296457152424814e+00,-1.567788349877514142e-01,-2.203393730338174261e-01,-3.305090595507261586e+00,-3.228420477467367533e+01,-2.728773921772904032e+01,-4.093160882659356048e+02,-4.264991022480073468e+01,-3.349067231690298740e+01,-5.023600847535448111e+02,-8.497417761466639519e+00,-1.170885256355927950e+01,-1.756327884533891961e+02,6.666666666666666297e-01,6.888888888888888840e-01,1.033333333333333393e+01,4.668309399970134166e-01,4.030940454020104369e-01,6.046410681030156553e+00,3.971611982913038075e-01,3.500224286184719924e-01,5.250336429277079553e+00,-1.512273307889699936e-01,-4.645299706297615905e-01,-6.967949559446424246e+00,-1.243793981075286865e+02,-8.336104583740233664e+00,-1.250415687561035156e+02,-2.774298699254557077e-02,-1.791830231935047091e-01,-7.289535115646688102e-01,-2.763320788534459616e-03,-2.260837268429579175e-02,-1.101187442594600829e-01,-9.104525816562794192e-04,-1.012436184898596742e-01,-6.895514721495774602e-01,-5.776192071332692635e+00,-9.882311637759412903e+00,-5.526198029372709186e+01,-1.261463292252290147e+00,-1.804611566790655708e+00,-5.413834700371967124e+00,-4.339708135733579830e+00,-7.489287718815148764e+00,-4.646930617856544643e+01,1.000000000000000000e+00,8.611111111111111605e-01,1.255555555555555891e+01,8.038353920564582644e-01,5.066329081410710922e-01,7.599493622116066049e+00,5.323157834147234091e-01,3.981482279381761691e-01,5.972223419072642869e+00,-0.000000000000000000e+00,-4.530265471694292639e-02,-6.795398207541438751e-01,-1.198124885559082031e-02,-1.927413940429687639e-02,-7.496285438537597656e-02,-3.859556067049493500e+00,-3.425752973004956292e+00,-5.138629459507434660e+01,-3.695384501877951866e+00,-3.359142057560617012e+00,-5.038713086340925429e+01,-6.410309599820982474e-01,-4.934875053734333883e-01,-7.402312580601500436e+00,-6.347760764367917119e+01,-4.893758721427089142e+01,-7.340638082140633287e+02,-8.410836352419784134e+01,-7.397217692823615209e+01,-1.109582653923542239e+03,-2.961092943580203851e+01,-2.470472242583340616e+01,-3.705708363875011173e+02,1.111111111111111049e-01,1.851851851851851749e-01,2.777777777777777679e+00,2.835439963289329013e-01,2.611671555859082505e-01,3.917507333788623924e+00,1.992029903659430501e-01,2.254256318848882612e-01,3.381384478273323779e+00,-6.241294406354427338e-01,-6.127704928318659094e-01,-9.191557392477989197e+00,-1.751849651336669922e-01,-2.834573531150817871e+01,-4.251860296726226807e+02
3.805000000000000000e+03,1.500000000000000000e+01,-9.185351668289625238e-01,-5.432195928469004675e-01,-8.148293892703506458e+00,-4.046359178158440706e-01,-1.500353036650814154e-01,-2.250529554976221203e+00,-2.017187144251877395e-01,-2.575508202039831773e-01,-3.863262303059747715e+00,-4.580734440027368493e+01,-2.237293190626846595e+01,-3.355939785940269644e+02,-5.307676221302314445e+01,-3.104700631971590852e+01,-4.657050947957386029e+02,-6.828711564149559266e+00,-9.636898093427399559e+00,-1.445534714014110023e+02,6.666666666666666297e-01,6.296296296296295392e-01,9.444444444444442865e+00,3.959829954519033524e-01,3.611024933505816437e-01,5.416537400258724766e+00,3.258326988113868783e-01,3.077535935143408397e-01,4.616303902715112706e+00,-3.223141357302665710e-01,-6.482334189737836150e-01,-9.723501284606754780e+00,-6.143307685852050781e-02,-3.208934466044108258e-02,-4.813401699066162109e-01,-2.774298699254557077e-02,-1.791830231935047091e-01,-7.289535115646688102e-01,-2.763320788534459616e-03,-2.260837268429579175e-02,-1.101187442594600829e-01,-9.104525816562794192e-04,-1.012436184898596742e-01,-6.895514721495774602e-01,-5.776192071332692635e+00,-9.882311637759412903e+00,-5.526198029372709186e+01,-1.261463292252290147e+00,-1.804611566790655708e+00,-5.413834700371967124e+00,-4.339708135733579830e+00,-7.489287718815148764e+00,-4.646930617856544643e+01,1.000000000000000000e+00,8.611111111111111605e-01,1.255555555555555891e+01,8.038353920564582644e-01,5.066329081410710922e-01,7.599493622116066049e+00,5.323157834147234091e-01,3.981482279381761691e-01,5.972223419072642869e+00,-0.000000000000000000e+00,-4.530265471694292639e-02,-6.795398207541438751e-01,-1.198124885559082031e-02,-1.927413940429687639e-02,-7.496285438537597656e-02,-3.859556067049493500e+00,-3.425752973004956292e+00,-5.138629459507434660e+01,-3.695384501877951866e+00,-3.359142057560617012e+00,-5.038713086340925429e+01,-6.410309599820982474e-01,-4.934875053734333883e-01,-7.402312580601500436e+00,-6.347760764367917119e+01,-4.893758721427089142e+01,-7.340638082140633287e+02,-8.410836352419784134e+01,-7.397217692823615209e+01,-1.109582653923542239e+03,-2.961092943580203851e+01,-2.470472242583340616e+01,-3.705708363875011173e+02,1.111111111111111049e-01,1.851851851851851749e-01,2.777777777777777679e+00,2.835439963289329013e-01,2.611671555859082505e-01,3.917507333788623924e+00,1.992029903659430501e-01,2.254256318848882612e-01,3.381384478273323779e+00,-6.241294406354427338e-01,-6.127704928318659094e-01,-9.191557392477989197e+00,-1.243793981075286865e+02,-2.834573531150817871e+01,-4.251860296726226807e+02
3.814000000000000000e+03,1.500000000000000000e+01,-1.064441223846083417e+00,-5.603927851805035054e-01,-8.405891777707552137e+00,-5.508612652430325829e-01,-2.060707494382188754e-01,-3.091061241573282992e+00,-1.470086706181871206e-01,-2.113049708165939122e-01,-3.169574562248908656e+00,-3.201703396112178979e+01,-2.632307642560096994e+01,-3.948461463840145598e+02,-3.676217687583797300e+01,-3.337028467475310123e+01,-5.005542701212964971e+02,-1.029043536840731399e+01,-1.184905387839070379e+01,-1.777358081758605692e+02,7.777777777777777901e-01,6.888888888888888840e-01,1.033333333333333393e+01,4.511980046463196503e-01,4.044791648412369711e-01,6.067187472618554622e+00,4.096902870959781007e-01,3.528208913988588602e-01,5.292313370982882681e+00,-1.249538511037826538e-01,-4.474013950675725937e-01,-6.711020926013588905e+00,-6.023355209827423096e+02,-4.019885908762613980e+01,-6.029828863143920898e+02,-2.774298699254557077e-02,-1.791830231935047091e-01,-7.289535115646688102e-01,-2.763320788534459616e-03,-2.260837268429579175e-02,-1.101187442594600829e-01,-9.104525816562794192e-04,-1.012436184898596742e-01,-6.895514721495774602e-01,-5.776192071332692635e+00,-9.882311637759412903e+00,-5.526198029372709186e+01,-1.261463292252290147e+00,-1.804611566790655708e+00,-5.413834700371967124e+00,-4.339708135733579830e+00,-7.489287718815148764e+00,-4.646930617856544643e+01,1.000000000000000000e+00,8.611111111111111605e-01,1.255555555555555891e+01,8.038353920564582644e-01,5.066329081410710922e-01,7.599493622116066049e+00,5.323157834147234091e-01,3.981482279381761691e-01,5.972223419072642869e+00,-0.000000000000000000e+00,-4.530265471694292639e-02,-6.795398207541438751e-01,-1.198124885559082031e-02,-1.927413940429687639e-02,-7.496285438537597656e-02,-3.859556067049493500e+00,-3.425752973004956292e+00,-5.138629459507434660e+01,-3.695384501877951866e+00,-3.359142057560617012e+00,-5.038713086340925429e+01,-6.410309599820982474e-01,-4.934875053734333883e-01,-7.402312580601500436e+00,-6.347760764367917119e+01,-4.893758721427089142e+01,-7.340638082140633287e+02,-8.410836352419784134e+01,-7.397217692823615209e+01,-1.109582653923542239e+03,-2.961092943580203851e+01,-2.470472242583340616e+01,-3.705708363875011173e+02,1.111111111111111049e-01,1.851851851851851749e-01,2.777777777777777679e+00,2.835439963289329013e-01,2.611671555859082505e-01,3.917507333788623924e+00,1.992029903659430501e-01,2.254256318848882612e-01,3.381384478273323779e+00,-6.241294406354427338e-01,-6.482334189737836150e-01,-9.723501284606754780e+00,-1.243793981075286865e+02,-2.834573531150817871e+01,-4.251860296726226807e+02
5.055000000000000000e+03,1.500000000000000000e+01,-3.890235854798918425e+00,-2.619624631697820227e+00,-3.929436947546730607e+01,-3.700035041474069697e+00,-2.177389478189541094e+00,-3.266084217284311819e+01,-2.408476750603461558e-01,-3.037906912907116785e-01,-4.556860369360674845e+00,-3.206507069733656579e+01,-2.560229649091714066e+01,-3.840344473637571241e+02,-2.384148064984563220e+01,-1.226413090795947447e+01,-1.839619636193921224e+02,-1.048990643918400423e+01,-1.418291174187088011e+01,-2.127436761280632140e+02,5.555555555555555802e-01,5.925925925925926707e-01,8.888888888888889284e+00,3.576515377917141580e-01,3.547705762455301559e-01,5.321558643682952727e+00,3.026896235592641538e-01,2.986098207985052877e-01,4.479147311977579093e+00,-5.646467278711497784e-02,-4.341711593364986355e-01,-6.512567390047479421e+00,-8.154988288879394531e-02,-5.891054471333821707e-02,-8.836581707000732422e-01,-2.774298699254557077e-02,-1.791830231935047091e-01,-7.289535115646688102e-01,-2.763320788534459616e-03,-2.260837268429579175e-02,-9.315619182233746132e-02,-9.104525816562794192e-04,-1.012436184898596742e-01,-6.895514721495774602e-01,-5.776192071332692635e+00,-9.882311637759412903e+00,-5.225341522010960205e+01,-1.261463292252290147e+00,-1.804611566790655708e+00,-5.413834700371967124e+00,-4.339708135733579830e+00,-7.489287718815148764e+00,-4.278859740029621861e+01,1.000000000000000000e+00,8.888888888888888395e-01,1.255555555555555891e+01,8.038353920564582644e-01,5.066329081410710922e-01,7.599493622116066049e+00,5.323157834147234091e-01,4.003349495087538679e-01,5.972223419072642869e+00,-0.000000000000000000e+00,-4.530265471694292639e-02,-6.795398207541438751e-01,-1.198124885559082031e-02,-1.927413940429687639e-02,-7.496285438537597656e-02,-3.859556067049493500e+00,-3.425752973004956292e+00,-5.138629459507434660e+01,-3.695384501877951866e+00,-3.359142057560617012e+00,-5.038713086340925429e+01,-6.410309599820982474e-01,-4.934875053734333883e-01,-7.402312580601500436e+00,-6.347760764367917119e+01,-4.893758721427089142e+01,-7.340638082140633287e+02,-8.410836352419784134e+01,-7.397217692823615209e+01,-1.109582653923542239e+03,-2.961092943580203851e+01,-2.470472242583340616e+01,-3.705708363875011173e+02,1.111111111111111049e-01,1.851851851851851749e-01,2.777777777777777679e+00,2.835439963289329013e-01,2.611671555859082505e-01,3.917507333788623924e+00,1.992029903659430501e-01,2.254256318848882612e-01,3.381384478273323779e+00,-6.241294406354427338e-01,-6.482334189737836150e-01,-9.723501284606754780e+00,-6.023355209827423096e+02,-4.019885908762613980e+01,-6.029828863143920898e+02
5.057000000000000000e+03,1.500000000000000000e+01,-3.110504103439676982e+00,-1.907622460814991205e+00,-2.861433691222486786e+01,-2.946867046079023389e+00,-1.444406771148138979e+00,-2.166610156722208558e+01,-4.351991788222653867e-01,-2.633738913554879990e-01,-3.950608370332320263e+00,-2.221630326979698111e+01,-2.030635242517718098e+01,-3.045952863776577146e+02,-1.284510320456901411e+01,-9.583558334395457123e+00,-1.437533750159318515e+02,-1.000634979067742414e+01,-1.199486413725599121e+01,-1.799229620588398575e+02,3.333333333333333148e-01,5.481481481481480511e-01,8.222222222222221433e+00,2.813829831626079581e-01,3.708444749099364945e-01,5.562667123649047696e+00,2.318246381148309776e-01,3.023815009960498790e-01,4.535722514940748518e+00,-1.885896921157836914e-01,-4.965613764400283459e-01,-7.448420646600425243e+00,-8.958005905151367188e-02,-4.043364524841308594e-02,-6.065046787261962891e-01,-2.774298699254557077e-02,-1.791830231935047091e-01,-7.289535115646688102e-01,-2.763320788534459616e-03,-2.260837268429579175e-02,-9.315619182233746132e-02,-9.104525816562794192e-04,-1.012436184898596742e-01,-6.895514721495774602e-01,-5.776192071332692635e+00,-9.882311637759412903e+00,-5.225341522010960205e+01,-1.261463292252290147e+00,-1.804611566790655708e+00,-5.413834700371967124e+00,-4.339708135733579830e+00,-7.489287718815148764e+00,-4.278859740029621861e+01,1.000000000000000000e+00,8.888888888888888395e-01,1.255555555555555891e+01,8.038353920564582644e-01,5.066329081410710922e-01,7.599493622116066049e+00,5.323157834147234091e-01,4.003349495087538679e-01,5.972223419072642869e+00,-0.000000000000000000e+00,-4.530265471694292639e-02,-6.795398207541438751e-01,-1.198124885559082031e-02,-1.927413940429687639e-02,-7.496285438537597656e-02,-3.890235854798918425e+00,-3.425752973004956292e+00,-5.138629459507434660e+01,-3.700035041474069697e+00,-3.359142057560617012e+00,-5.038713086340925429e+01,-6.410309599820982474e-01,-4.934875053734333883e-01,-7.402312580601500436e+00,-6.347760764367917119e+01,-4.893758721427089142e+01,-7.340638082140633287e+02,-8.410836352419784134e+01,-7.397217692823615209e+01,-1.109582653923542239e+03,-2.961092943580203851e+01,-2.470472242583340616e+01,-3.705708363875011173e+02,1.111111111111111049e-01,1.851851851851851749e-01,2.777777777777777679e+00,2.835439963289329013e-01,2.611671555859082505e-01,3.917507333788623924e+00,1.992029903659430501e-01,2.254256318848882612e-01,3.381384478273323779e+00,-6.241294406354427338e-01,-6.482334189737836150e-01,-9.723501284606754780e+00,-6.023355209827423096e+02,-4.019885908762613980e+01,-6.029828863143920898e+02
5.059000000000000000e+03,1.500000000000000000e+01,-3.950847086579763801e+00,-2.547050087879045410e+00,-3.820575131818568337e+01,-3.515270806653622238e+00,-2.173335695796933642e+00,-3.260003543695400197e+01,-4.104293489299841724e-01,-2.813613027846886272e-01,-4.220419541770329630e+00,-2.509035009090062829e+01,-2.559822159190927238e+01,-3.839733238786390643e+02,-1.345501797783775544e+01,-1.131320121172641713e+01,-1.696980181758962658e+02,-1.074325648973750802e+01,-1.292769766912796392e+01,-1.939154650369194712e+02,5.555555555555555802e-01,5.777777777777777235e-01,8.666666666666666075e+00,3.544677362092289452e-01,3.548537098117624522e-01,5.322805647176436672e+00,2.925621689850828044e-01,3.014219411790577396e-01,4.521329117685866095e+00,-1.785185886546969414e-01,-4.186412890752156390e-01,-6.279619336128234863e+00,-9.249687194824218750e-02,-4.964025815327962471e-02,-7.446038722991943359e-01,-2.774298699254557077e-02,-1.791830231935047091e-01,-7.289535115646688102e-01,-2.763320788534459616e-03,-2.260837268429579175e-02,-9.315619182233746132e-02,-9.104525816562794192e-04,-1.012436184898596742e-01,-6.895514721495774602e-01,-5.776192071332692635e+00,-9.882311637759412903e+00,-5.225341522010960205e+01,-1.261463292252290147e+00,-1.804611566790655708e+00,-5.413834700371967124e+00,-4.339708135733579830e+00,-7.489287718815148764e+00,-4.278859740029621861e+01,1.000000000000000000e+00,8.888888888888888395e-01,1.255555555555555891e+01,8.038353920564582644e-01,5.066329081410710922e-01,7.599493622116066049e+00,5.323157834147234091e-01,4.003349495087538679e-01,5.972223419072642869e+00,-0.000000000000000000e+00,-4.530265471694292639e-02,-6.795398207541438751e-01,-1.198124885559082031e-02,-1.927413940429687639e-02,-7.496285438537597656e-02,-3.890235854798918425e+00,-3.425752973004956292e+00,-5.138629459507434660e+01,-3.700035041474069697e+00,-3.359142057560617012e+00,-5.038713086340925429e+01,-6.410309599820982474e-01,-4.934875053734333883e-01,-7.402312580601500436e+00,-6.347760764367917119e+01,-4.893758721427089142e+01,-7.340638082140633287e+02,-8.410836352419784134e+01,-7.397217692823615209e+01,-1.109582653923542239e+03,-2.961092943580203851e+01,-2.470472242583340616e+01,-3.705708363875011173e+02,1.111111111111111049e-01,1.851851851851851749e-01,2.777777777777777679e+00,2.813829831626079581e-01,2.611671555859082505e-01,3.917507333788623924e+00,1.992029903659430501e-01,2.254256318848882612e-01,3.381384478273323779e+00,-6.241294406354427338e-01,-6.482334189737836150e-01,-9.723501284606754780e+00,-6.023355209827423096e+02,-4.019885908762613980e+01,-6.029828863143920898e+02
5.062000000000000000e+03,1.500000000000000000e+01,-3.983462424777833633e+00,-2.195362550176362060e+00,-3.293043825264543045e+01,-3.873019752519420322e+00,-1.896111026960496382e+00,-2.844166540440744484e+01,-2.560444270230173291e-01,-2.902891215157926696e-01,-4.354336822736890156e+00,-2.269523654980332239e+01,-2.497119613083921053e+01,-3.745679419625881792e+02,-1.356701766122431962e+01,-9.629028646651430989e+00,-1.444354296997714755e+02,-8.951811437514813008e+00,-1.327017953725879806e+01,-1.990526930588819710e+02,2.222222222222222099e-01,5.777777777777777235e-01,8.666666666666666075e+00,4.232378894530410829e-01,3.844163343222762319e-01,5.766245014834143312e+00,2.677408796299273752e-01,3.097185763226388833e-01,4.645778644839583471e+00,-1.732203066349029541e-01,-4.160521754684547435e-01,-6.240782632026821375e+00,-6.481194496154785156e-02,-5.471401214599609653e-02,-8.207101821899414062e-01,-2.774298699254557077e-02,-1.791830231935047091e-01,-7.289535115646688102e-01,-2.763320788534459616e-03,-2.260837268429579175e-02,-9.315619182233746132e-02,-9.104525816562794192e-04,-1.012436184898596742e-01,-6.895514721495774602e-01,-5.776192071332692635e+00,-9.882311637759412903e+00,-5.225341522010960205e+01,-1.261463292252290147e+00,-1.804611566790655708e+00,-5.413834700371967124e+00,-4.339708135733579830e+00,-7.489287718815148764e+00,-4.278859740029621861e+01,1.000000000000000000e+00,8.888888888888888395e-01,1.255555555555555891e+01,8.038353920564582644e-01,5.066329081410710922e-01,7.599493622116066049e+00,5.323157834147234091e-01,4.003349495087538679e-01,5.972223419072642869e+00,-0.000000000000000000e+00,-4.530265471694292639e-02,-6.795398207541438751e-01,-1.198124885559082031e-02,-1.927413940429687639e-02,-7.496285438537597656e-02,-3.950847086579763801e+00,-3.425752973004956292e+00,-5.138629459507434660e+01,-3.700035041474069697e+00,-3.359142057560617012e+00,-5.038713086340925429e+01,-6.410309599820982474e-01,-4.934875053734333883e-01,-7.402312580601500436e+00,-6.347760764367917119e+01,-4.893758721427089142e+01,-7.340638082140633287e+02,-8.410836352419784134e+01,-7.397217692823615209e+01,-1.109582653923542239e+03,-2.961092943580203851e+01,-2.470472242583340616e+01,-3.705708363875011173e+02,1.111111111111111049e-01,1.851851851851851749e-01,2.777777777777777679e+00,2.813829831626079581e-01,2.611671555859082505e-01,3.917507333788623924e+00,1.992029903659430501e-01,2.254256318848882612e-01,3.381384478273323779e+00,-6.241294406354427338e-01,-6.482334189737836150e-01,-9.723501284606754780e+00,-6.023355209827423096e+02,-4.019885908762613980e+01,-6.029828863143920898e+02
6.414000000000000000e+03,1.500000000000000000e+01,-2.577894274198804681e+00,-6.083898210438725140e-01,-9.125847315658088377e+00,-2.781557434233882908e+00,-4.288713148511599793e-01,-6.433069722767399412e+00,-5.504479434366568169e-01,-1.983594117006516611e-01,-2.975391175509774833e+00,-4.915684066579672162e+01,-3.316887520462181982e+01,-4.975331280693272902e+02,-6.343149289291081061e+01,-4.054808490882761873e+01,-6.082212736324142952e+02,-1.254410714379593550e+01,-9.797321665831447035e+00,-1.469598249874717055e+02,1.111111111111111049e-01,6.222222222222221211e-01,9.333333333333332149e+00,3.837478706701288322e-01,3.978275175547557607e-01,5.967412763321336300e+00,2.823837926574659374e-01,3.369374313605011384e-01,5.054061470407517298e+00,-4.176215156912803650e-01,-5.503525445858638010e-01,-8.255288168787956238e+00,-1.659162044525146484e-01,-5.466434160868326869e-02,-8.199651241302490234e-01,-2.774298699254557077e-02,-1.791830231935047091e-01,-3.506087791046100799e-01,-2.763320788534459616e-03,-2.250486548259911582e-02,-2.250486548259911582e-02,-9.104525816562794192e-04,-1.012436184898596742e-01,-3.593164371709561822e-01,-5.644409599693321233e+00,-9.882311637759412903e+00,-2.455683162935196506e+01,-1.261463292252290147e+00,-1.643106038821550374e+00,-1.643106038821550374e+00,-4.339708135733579830e+00,-7.489287718815148764e+00,-2.172134905178261377e+01,1.000000000000000000e+00,1.000000000000000000e+00,1.255555555555555891e+01,8.038353920564582644e-01,5.066329081410710922e-01,7.599493622116066049e+00,5.323157834147234091e-01,4.003349495087538679e-01,5.972223419072642869e+00,-0.000000000000000000e+00,-4.530265471694292639e-02,-6.795398207541438751e-01,-1.198124885559082031e-02,-1.927413940429687639e-02,-3.969097137451171875e-02,-3.983462424777833633e+00,-3.425752973004956292e+00,-5.138629459507434660e+01,-3.873019752519420322e+00,-3.359142057560617012e+00,-5.038713086340925429e+01,-6.410309599820982474e-01,-4.934875053734333883e-01,-7.402312580601500436e+00,-6.347760764367917119e+01,-4.893758721427089142e+01,-7.340638082140633287e+02,-8.410836352419784134e+01,-7.397217692823615209e+01,-1.109582653923542239e+03,-2.961092943580203851e+01,-2.470472242583340616e+01,-3.705708363875011173e+02,1.111111111111111049e-01,1.851851851851851749e-01,2.777777777777777679e+00,2.813829831626079581e-01,2.611671555859082505e-01,3.917507333788623924e+00,1.992029903659430501e-01,2.254256318848882612e-01,3.381384478273323779e+00,-6.241294406354427338e-01,-6.482334189737836150e-01,-9.723501284606754780e+00,-6.023355209827423096e+02,-4.019885908762613980e+01,-6.029828863143920898e+02
6.695000000000000000e+03,1.500000000000000000e+01,-1.569352113991614006e+00,-1.000773263985805350e+00,-1.501159895978707937e+01,-1.209710770794440782e+00,-5.727248103262694290e-01,-8.590872154894041657e+00,-2.316662481359090531e-01,-2.410343954822143919e-01,-3.615515932233215768e+00,-4.989476137287073243e+01,-2.754125021074674251e+01,-4.131187531612011412e+02,-6.549170579064528397e+01,-3.039033918185242200e+01,-4.558550877277863265e+02,-6.855412336696316444e+00,-1.028604547060392704e+01,-1.542906820590588950e+02,7.777777777777777901e-01,6.814814814814816879e-01,1.022222222222222499e+01,4.013579458806383893e-01,3.741110700244619780e-01,5.611666050366929781e+00,3.566286028343780834e-01,3.280043933902011544e-01,4.920065900853017204e+00,-6.241991892457008362e-01,-5.341710755291084745e-01,-8.012566132936626673e+00,-8.887910842895507812e-02,-4.085032145182291435e-02,-6.127548217773437500e-01,-2.774298699254557077e-02,-1.791830231935047091e-01,-3.506087791046100799e-01,-2.763320788534459616e-03,-2.250486548259911582e-02,-2.250486548259911582e-02,-9.104525816562794192e-04,-1.012436184898596742e-01,-3.593164371709561822e-01,-5.644409599693321233e+00,-9.882311637759412903e+00,-2.455683162935196506e+01,-1.261463292252290147e+00,-1.643106038821550374e+00,-1.643106038821550374e+00,-4.339708135733579830e+00,-7.489287718815148764e+00,-2.172134905178261377e+01,1.000000000000000000e+00,1.000000000000000000e+00,1.255555555555555891e+01,8.038353920564582644e-01,5.066329081410710922e-01,7.599493622116066049e+00,5.323157834147234091e-01,4.003349495087538679e-01,5.972223419072642869e+00,-0.000000000000000000e+00,-4.530265471694292639e-02,-6.795398207541438751e-01,-1.198124885559082031e-02,-1.927413940429687639e-02,-3.969097137451171875e-02,-3.983462424777833633e+00,-3.425752973004956292e+00,-5.138629459507434660e+01,-3.873019752519420322e+00,-3.359142057560617012e+00,-5.038713086340925429e+01,-6.410309599820982474e-01,-4.934875053734333883e-01,-7.402312580601500436e+00,-6.347760764367917119e+01,-4.893758721427089142e+01,-7.340638082140633287e+02,-8.410836352419784134e+01,-7.397217692823615209e+01,-1.109582653923542239e+03,-2.961092943580203851e+01,-2.470472242583340616e+01,-3.705708363875011173e+02,1.111111111111111049e-01,1.851851851851851749e-01,2.777777777777777679e+00,2.813829831626079581e-01,2.611671555859082505e-01,3.917507333788623924e+00,1.992029903659430501e-01,2.254256318848882612e-01,3.381384478273323779e+00,-6.241294406354427338e-01,-6.482334189737836150e-01,-9.723501284606754780e+00,-6.023355209827423096e+02,-4.019885908762613980e+01,-6.029828863143920898e+02
7.665000000000000000e+03,1.500000000000000000e+01,-3.986655781382954622e+00,-1.611825256490754699e+00,-2.417737884736132159e+01,-3.535354148570239552e+00,-8.230800720155561079e-01,-1.234620108023334240e+01,-3.820944627084241763e-01,-2.618592181232287097e-01,-3.927888271848430257e+00,-2.394206590630607678e+01,-2.295151682960628037e+01,-3.442727524440941806e+02,-1.463549944198710939e+01,-7.406354325961642893e+00,-1.110953148894246425e+02,-9.009415596985947516e+00,-1.157776802178486264e+01,-1.736665203267729396e+02,4.444444444444444198e-01,7.555555555555556468e-01,1.133333333333333393e+01,3.514430879964587362e-01,3.781346197541045617e-01,5.672019296311568759e+00,2.863226724635188347e-01,3.363234250238074652e-01,5.044851375357112033e+00,-1.698652133345603943e-01,-3.889402683669080374e-01,-5.834104025503620505e+00,-4.280686378479003906e-02,-3.980685869852702147e-02,-5.971028804779052734e-01,-2.774298699254557077e-02,-1.791830231935047091e-01,-3.506087791046100799e-01,-2.763320788534459616e-03,-2.250486548259911582e-02,-2.250486548259911582e-02,-9.104525816562794192e-04,-1.009242429086916332e-01,-3.593164371709561822e-01,-5.644409599693321233e+00,-9.882311637759412903e+00,-2.455683162935196506e+01,-1.261463292252290147e+00,-1.643106038821550374e+00,-1.643106038821550374e+00,-4.339708135733579830e+00,-7.488683120272930260e+00,-2.172134905178261377e+01,1.000000000000000000e+00,1.000000000000000000e+00,1.255555555555555891e+01,8.038353920564582644e-01,5.066329081410710922e-01,7.599493622116066049e+00,5.323157834147234091e-01,4.024611978521775435e-01,6.036917967782662764e+00,-0.000000000000000000e+00,-4.530265471694292639e-02,-6.795398207541438751e-01,-1.198124885559082031e-02,-1.927413940429687639e-02,-3.969097137451171875e-02,-3.983462424777833633e+00,-3.425752973004956292e+00,-5.138629459507434660e+01,-3.873019752519420322e+00,-3.359142057560617012e+00,-5.038713086340925429e+01,-6.410309599820982474e-01,-4.934875053734333883e-01,-7.402312580601500436e+00,-6.347760764367917119e+01,-4.893758721427089142e+01,-7.340638082140633287e+02,-8.410836352419784134e+01,-7.397217692823615209e+01,-1.109582653923542239e+03,-2.961092943580203851e+01,-2.470472242583340616e+01,-3.705708363875011173e+02,1.111111111111111049e-01,1.851851851851851749e-01,2.777777777777777679e+00,2.813829831626079581e-01,2.611671555859082505e-01,3.917507333788623924e+00,1.992029903659430501e-01,2.254256318848882612e-01,3.381384478273323779e+00,-6.241991892457008362e-01,-6.482334189737836150e-01,-9.723501284606754780e+00,-6.023355209827423096e+02,-4.019885908762613980e+01,-6.029828863143920898e+02
8.350000000000000000e+03,1.500000000000000000e+01,-1.376823442432587030e-01,-2.583841518661279535e-01,-3.875762277991919191e+00,-3.513871170310626374e-02,-5.289772575297990026e-02,-7.934658862946984970e-01,-1.364267658748736511e-01,-1.819592152619679548e-01,-2.729388228929519489e+00,-5.031215501312330218e+01,-3.683556022971004040e+01,-5.525334034456506060e+02,-5.759060336629897847e+01,-5.110199883563009848e+01,-7.665299825344515057e+02,-9.095040504169165985e+00,-9.874162513847378975e+00,-1.481124377077106828e+02,8.888888888888888395e-01,7.111111111111111382e-01,1.066666666666666785e+01,4.680934133140013387e-01,4.111366090333903878e-01,6.167049135500855428e+00,4.415894742225555114e-01,3.660815699377908405e-01,5.491223549066862830e+00,-1.761940531432628632e-01,-5.303515765039871210e-01,-7.955273647559806705e+00,-6.564807891845703125e-02,-6.629869947433471111e+01,-9.944804921150207520e+02,-2.774298699254557077e-02,-1.791830231935047091e-01,-3.506087791046100799e-01,-2.763320788534459616e-03,-2.250486548259911582e-02,-2.250486548259911582e-02,-9.104525816562794192e-04,-1.009242429086916332e-01,-3.593164371709561822e-01,-5.644409599693321233e+00,-9.882311637759412903e+00,-2.455683162935196506e+01,-1.261463292252290147e+00,-1.643106038821550374e+00,-1.643106038821550374e+00,-4.339708135733579830e+00,-7.488683120272930260e+00,-2.172134905178261377e+01,1.000000000000000000e+00,1.000000000000000000e+00,1.255555555555555891e+01,8.038353920564582644e-01,5.066329081410710922e-01,7.599493622116066049e+00,5.323157834147234091e-01,4.024611978521775435e-01,6.036917967782662764e+00,-0.000000000000000000e+00,-4.530265471694292639e-02,-6.795398207541438751e-01,-1.025581359863281250e-02,-1.927413940429687639e-02,-3.969097137451171875e-02,-3.986655781382954622e+00,-3.425752973004956292e+00,-5.138629459507434660e+01,-3.873019752519420322e+00,-3.359142057560617012e+00,-5.038713086340925429e+01,-6.410309599820982474e-01,-4.934875053734333883e-01,-7.402312580601500436e+00,-6.347760764367917119e+01,-4.893758721427089142e+01,-7.340638082140633287e+02,-8.410836352419784134e+01,-7.397217692823615209e+01,-1.109582653923542239e+03,-2.961092943580203851e+01,-2.470472242583340616e+01,-3.705708363875011173e+02,1.111111111111111049e-01,1.851851851851851749e-01,2.777777777777777679e+00,2.813829831626079581e-01,2.611671555859082505e-01,3.917507333788623924e+00,1.992029903659430501e-01,2.254256318848882612e-01,3.381384478273323779e+00,-6.241991892457008362e-01,-6.482334189737836150e-01,-9.723501284606754780e+00,-6.023355209827423096e+02,-4.019885908762613980e+01,-6.029828863143920898e+02
8.508000000000000000e+03,1.500000000000000000e+01,-8.511363044436321967e-01,-4.462995249682518706e-01,-6.694492874523778170e+00,-2.458650917191834151e-01,-1.008499265453081384e-01,-1.512748898179621992e+00,-1.698772096394944309e-01,-2.101597276940151415e-01,-3.152395915410227012e+00,-4.398600244231334244e+01,-3.662886623772426020e+01,-5.494329935658638533e+02,-5.195679014958401609e+01,-4.161434099187767544e+01,-6.242151148781650818e+02,-8.325312134152095922e+00,-1.074277038691799291e+01,-1.611415558037699043e+02,6.666666666666666297e-01,6.962962962962961910e-01,1.044444444444444287e+01,4.598815588178513103e-01,4.039688064459244776e-01,6.059532096688867497e+00,3.871980201586037729e-01,3.560009546965814953e-01,5.340014320448722707e+00,-1.665856502950191498e-01,-4.106358147381494184e-01,-6.159537221072241664e+00,-5.043983459472656250e-02,-6.725370429356892998e+01,-1.008805564403533936e+03,-2.774298699254557077e-02,-1.791830231935047091e-01,-3.506087791046100799e-01,-2.763320788534459616e-03,-2.250486548259911582e-02,-2.250486548259911582e-02,-9.104525816562794192e-04,-1.009242429086916332e-01,-3.593164371709561822e-01,-5.644409599693321233e+00,-9.882311637759412903e+00,-2.455683162935196506e+01,-1.261463292252290147e+00,-1.643106038821550374e+00,-1.643106038821550374e+00,-4.339708135733579830e+00,-7.488683120272930260e+00,-2.172134905178261377e+01,1.000000000000000000e+00,1.000000000000000000e+00,1.255555555555555891e+01,8.038353920564582644e-01,5.066329081410710922e-01,7.599493622116066049e+00,5.323157834147234091e-01,4.024611978521775435e-01,6.036917967782662764e+00,-0.000000000000000000e+00,-4.530265471694292639e-02,-6.795398207541438751e-01,-1.025581359863281250e-02,-1.927413940429687639e-02,-3.969097137451171875e-02,-3.986655781382954622e+00,-3.425752973004956292e+00,-5.138629459507434660e+01,-3.873019752519420322e+00,-3.359142057560617012e+00,-5.038713086340925429e+01,-6.410309599820982474e-01,-4.934875053734333883e-01,-7.402312580601500436e+00,-6.347760764367917119e+01,-4.893758721427089142e+01,-7.340638082140633287e+02,-8.410836352419784134e+01,-7.397217692823615209e+01,-1.109582653923542239e+03,-2.961092943580203851e+01,-2.470472242583340616e+01,-3.705708363875011173e+02,1.111111111111111049e-01,1.851851851851851749e-01,2.777777777777777679e+00,2.813829831626079581e-01,2.611671555859082505e-01,3.917507333788623924e+00,1.992029903659430501e-01,2.254256318848882612e-01,3.381384478273323779e+00,-6.241991892457008362e-01,-6.482334189737836150e-01,-9.723501284606754780e+00,-6.023355209827423096e+02,-6.629869947433471111e+01,-9.944804921150207520e+02
8.511000000000000000e+03,1.500000000000000000e+01,-1.779513508528022703e+00,-1.238193617126051471e+00,-1.857290425689077296e+01,-1.091822110325354700e+00,-7.140308828330588220e-01,-1.071046324249588189e+01,-1.788585743100478687e-01,-2.064792827100117856e-01,-3.097189240650176867e+00,-4.974979557028154886e+01,-4.115683018717642483e+01,-6.173524528076463866e+02,-1.428525742581040170e+01,-1.065552238866261092e+01,-1.598328358299391709e+02,-3.032954343830365218e+01,-2.366916061615434685e+01,-3.550374092423152206e+02,8.888888888888888395e-01,7.259259259259260855e-01,1.088888888888889106e+01,4.358345502456895115e-01,4.248916745979449128e-01,6.373375118969173414e+00,4.042141452440854432e-01,3.766504410951769799e-01,5.649756616427654698e+00,-1.074110679328441620e-01,-3.240464892238378303e-01,-4.860697338357567787e+00,-5.772995948791503906e-02,-6.252349217732747211e-02,-9.378523826599121094e-01,-2.774298699254557077e-02,-1.791830231935047091e-01,-3.506087791046100799e-01,-2.763320788534459616e-03,-2.250486548259911582e-02,-2.250486548259911582e-02,-9.104525816562794192e-04,-1.009242429086916332e-01,-3.593164371709561822e-01,-5.644409599693321233e+00,-9.882311637759412903e+00,-2.455683162935196506e+01,-1.261463292252290147e+00,-1.643106038821550374e+00,-1.643106038821550374e+00,-4.339708135733579830e+00,-7.488683120272930260e+00,-2.172134905178261377e+01,1.000000000000000000e+00,1.000000000000000000e+00,1.255555555555555891e+01,8.038353920564582644e-01,5.066329081410710922e-01,7.599493622116066049e+00,5.323157834147234091e-01,4.024611978521775435e-01,6.036917967782662764e+00,-0.000000000000000000e+00,-4.530265471694292639e-02,-6.795398207541438751e-01,-1.025581359863281250e-02,-1.927413940429687639e-02,-3.969097137451171875e-02,-3.986655781382954622e+00,-3.425752973004956292e+00,-5.138629459507434660e+01,-3.873019752519420322e+00,-3.359142057560617012e+00,-5.038713086340925429e+01,-6.410309599820982474e-01,-4.934875053734333883e-01,-7.402312580601500436e+00,-6.347760764367917119e+01,-4.893758721427089142e+01,-7.340638082140633287e+02,-8.410836352419784134e+01,-7.397217692823615209e+01,-1.109582653923542239e+03,-2.961092943580203851e+01,-2.470472242583340616e+01,-3.705708363875011173e+02,1.111111111111111049e-01,1.851851851851851749e-01,2.777777777777777679e+00,2.813829831626079581e-01,2.611671555859082505e-01,3.917507333788623924e+00,1.992029903659430501e-01,2.254256318848882612e-01,3.381384478273323779e+00,-6.241991892457008362e-01,-6.482334189737836150e-01,-9.723501284606754780e+00,-6.023355209827423096e+02,-6.725370429356892998e+01,-1.008805564403533936e+03
8.513000000000000000e+03,1.500000000000000000e+01,-1.955562423223843993e+00,-1.350306080672736719e+00,-2.025459121009104990e+01,-1.421415162964758672e+00,-8.600347431066829307e-01,-1.290052114660024429e+01,-1.564977427458595916e-01,-1.884302470502099425e-01,-2.826453705753149137e+00,-4.939572093622683724e+01,-4.144449716897655378e+01,-6.216674575346482925e+02,-1.424927080925612977e+01,-1.088618928290555132e+01,-1.632928392435832734e+02,-2.970847820214044788e+01,-2.453083602936918695e+01,-3.679625404405377935e+02,8.888888888888888395e-01,8.148148148148151027e-01,1.222222222222222676e+01,4.435936502322779251e-01,4.202152210099109331e-01,6.303228315148664329e+00,4.135244692059499294e-01,3.861091053925981287e-01,5.791636580888972041e+00,-6.682090647518634796e-02,-2.999151652368406418e-01,-4.498727478552609682e+00,-6.298112869262695312e-02,-6.992275352478027628e+01,-1.048841302871704102e+03,-2.774298699254557077e-02,-1.791830231935047091e-01,-3.506087791046100799e-01,-2.763320788534459616e-03,-2.250486548259911582e-02,-2.250486548259911582e-02,-9.104525816562794192e-04,-1.009242429086916332e-01,-3.593164371709561822e-01,-5.644409599693321233e+00,-9.882311637759412903e+00,-2.455683162935196506e+01,-1.261463292252290147e+00,-1.643106038821550374e+00,-1.643106038821550374e+00,-4.339708135733579830e+00,-7.488683120272930260e+00,-2.172134905178261377e+01,1.000000000000000000e+00,1.000000000000000000e+00,1.255555555555555891e+01,8.038353920564582644e-01,5.066329081410710922e-01,7.599493622116066049e+00,5.323157834147234091e-01,4.024611978521775435e-01,6.036917967782662764e+00,-0.000000000000000000e+00,-4.530265471694292639e-02,-6.795398207541438751e-01,-1.025581359863281250e-02,-1.927413940429687639e-02,-3.969097137451171875e-02,-3.986655781382954622e+00,-3.425752973004956292e+00,-5.138629459507434660e+01,-3.873019752519420322e+00,-3.359142057560617012e+00,-5.038713086340925429e+01,-6.410309599820982474e-01,-4.934875053734333883e-01,-7.402312580601500436e+00,-6.347760764367917119e+01,-4.893758721427089142e+01,-7.340638082140633287e+02,-8.410836352419784134e+01,-7.397217692823615209e+01,-1.109582653923542239e+03,-3.032954343830365218e+01,-2.470472242583340616e+01,-3.705708363875011173e+02,1.111111111111111049e-01,1.851851851851851749e-01,2.777777777777777679e+00,2.813829831626079581e-01,2.611671555859082505e-01,3.917507333788623924e+00,1.992029903659430501e-01,2.254256318848882612e-01,3.381384478273323779e+00,-6.241991892457008362e-01,-6.482334189737836150e-01,-9.723501284606754780e+00,-6.023355209827423096e+02,-6.725370429356892998e+01,-1.008805564403533936e+03
8.519000000000000000e+03,1.500000000000000000e+01,-1.769080799176390384e+00,-1.687117091017616533e+00,-2.530675636526424910e+01,-1.083922343971636337e+00,-1.124693291413818796e+00,-1.687039937120728084e+01,-2.079346803892082041e-01,-1.968410122720740674e-01,-2.952615184081111011e+00,-4.918390438585969093e+01,-4.274633296024948947e+01,-6.411949944037423847e+02,-1.436331532256470922e+01,-1.212785814613066471e+01,-1.819178721919599582e+02,-3.002369751960775801e+01,-2.500419177302268636e+01,-3.750628765953402990e+02,8.888888888888888395e-01,7.777777777777779011e-01,1.166666666666666785e+01,4.384735240237571663e-01,4.221279641302780328e-01,6.331919461954170103e+00,4.071071850586737151e-01,3.811474722711578056e-01,5.717212084067367250e+00,-9.048233181238174438e-02,-3.158210848768552292e-01,-4.737316273152828217e+00,-6.897711753845214844e-02,-6.919182480176290539e+01,-1.037877372026443481e+03,-2.774298699254557077e-02,-1.791830231935047091e-01,-3.506087791046100799e-01,-2.763320788534459616e-03,-2.250486548259911582e-02,-2.250486548259911582e-02,-9.104525816562794192e-04,-1.009242429086916332e-01,-3.593164371709561822e-01,-5.644409599693321233e+00,-9.882311637759412903e+00,-2.455683162935196506e+01,-1.261463292252290147e+00,-1.643106038821550374e+00,-1.643106038821550374e+00,-4.339708135733579830e+00,-7.488683120272930260e+00,-2.172134905178261377e+01,1.000000000000000000e+00,1.000000000000000000e+00,1.255555555555555891e+01,8.038353920564582644e-01,5.066329081410710922e-01,7.599493622116066049e+00,5.323157834147234091e-01,4.024611978521775435e-01,6.036917967782662764e+00,-0.000000000000000000e+00,-4.530265471694292639e-02,-6.795398207541438751e-01,-1.025581359863281250e-02,-1.927413940429687639e-02,-3.969097137451171875e-02,-3.986655781382954622e+00,-3.425752973004956292e+00,-5.138629459507434660e+01,-3.873019752519420322e+00,-3.359142057560617012e+00,-5.038713086340925429e+01,-6.410309599820982474e-01,-4.934875053734333883e-01,-7.402312580601500436e+00,-6.347760764367917119e+01,-4.893758721427089142e+01,-7.340638082140633287e+02,-8.410836352419784134e+01,-7.397217692823615209e+01,-1.109582653923542239e+03,-3.032954343830365218e+01,-2.470472242583340616e+01,-3.705708363875011173e+02,1.111111111111111049e-01,1.851851851851851749e-01,2.777777777777777679e+00,2.813829831626079581e-01,2.611671555859082505e-01,3.917507333788623924e+00,1.992029903659430501e-01,2.254256318848882612e-01,3.381384478273323779e+00,-6.241991892457008362e-01,-6.482334189737836150e-01,-9.723501284606754780e+00,-6.023355209827423096e+02,-6.992275352478027628e+01,-1.048841302871704102e+03
8.520000000000000000e+03,1.500000000000000000e+01,-1.777582276314658705e+00,-1.637180799485301597e+00,-2.455771199227952550e+01,-1.056504300704387944e+00,-1.043854253998372394e+00,-1.565781380997558614e+01,-1.817109439023233408e-01,-2.042742809111970648e-01,-3.064114213667955777e+00,-5.181051502428775279e+01,-4.315457060920070376e+01,-6.473185591380105279e+02,-1.442803875063452779e+01,-1.188874292031316671e+01,-1.783311438046974899e+02,-3.285794718314713236e+01,-2.565909716701304433e+01,-3.848864575051956649e+02,8.888888888888888395e-01,7.777777777777779011e-01,1.166666666666666785e+01,4.339155296377606996e-01,4.228612083712173786e-01,6.342918125568260734e+00,4.043791142130062632e-01,3.841761370721022972e-01,5.762642056081534570e+00,-1.097676195204257965e-01,-3.178254945048441527e-01,-4.767382417572662234e+00,-6.199502944946289062e-02,-6.255788803100585660e-02,-9.383683204650878906e-01,-2.774298699254557077e-02,-1.791830231935047091e-01,-3.506087791046100799e-01,-2.763320788534459616e-03,-2.250486548259911582e-02,-2.250486548259911582e-02,-9.104525816562794192e-04,-1.009242429086916332e-01,-3.593164371709561822e-01,-5.644409599693321233e+00,-9.882311637759412903e+00,-2.455683162935196506e+01,-1.261463292252290147e+00,-1.643106038821550374e+00,-1.643106038821550374e+00,-4.339708135733579830e+00,-7.488683120272930260e+00,-2.172134905178261377e+01,1.000000000000000000e+00,1.000000000000000000e+00,1.255555555555555891e+01,8.038353920564582644e-01,5.066329081410710922e-01,7.599493622116066049e+00,5.323157834147234091e-01,4.024611978521775435e-01,6.036917967782662764e+00,-0.000000000000000000e+00,-4.530265471694292639e-02,-6.795398207541438751e-01,-1.025581359863281250e-02,-1.927413940429687639e-02,-3.969097137451171875e-02,-3.986655781382954622e+00,-3.425752973004956292e+00,-5.138629459507434660e+01,-3.873019752519420322e+00,-3.359142057560617012e+00,-5.038713086340925429e+01,-6.410309599820982474e-01,-4.934875053734333883e-01,-7.402312580601500436e+00,-6.347760764367917119e+01,-4.893758721427089142e+01,-7.340638082140633287e+02,-8.410836352419784134e+01,-7.397217692823615209e+01,-1.109582653923542239e+03,-3.032954343830365218e+01,-2.500419177302268636e+01,-3.750628765953402990e+02,1.111111111111111049e-01,1.851851851851851749e-01,2.777777777777777679e+00,2.813829831626079581e-01,2.611671555859082505e-01,3.917507333788623924e+00,1.992029903659430501e-01,2.254256318848882612e-01,3.381384478273323779e+00,-6.241991892457008362e-01,-6.482334189737836150e-01,-9.723501284606754780e+00,-6.023355209827423096e+02,-6.992275352478027628e+01,-1.048841302871704102e+03
8.526000000000000000e+03,1.500000000000000000e+01,-1.710679669695521099e+00,-1.478768802924323778e+00,-2.218153204386485555e+01,-1.049598452764606726e+00,-9.591281669144291477e-01,-1.438692250371643766e+01,-1.924966424888692185e-01,-1.963771311194356939e-01,-2.945656966791535325e+00,-4.730205076653957263e+01,-4.335202579454529825e+01,-6.502803869181794880e+02,-1.371184315013643307e+01,-1.143701121998692294e+01,-1.715551682998038530e+02,-2.807981932238142520e+01,-2.601153665898842249e+01,-3.901730498848263551e+02,8.888888888888888395e-01,8.074074074074073515e-01,1.211111111111111072e+01,4.423145558847956238e-01,4.230163076486904705e-01,6.345244614730357391e+00,4.113456501967835965e-01,3.883218179307066920e-01,5.824827268960600435e+00,-6.261520087718963623e-02,-3.052093546837568172e-01,-4.578140320256352425e+00,-1.048982363939285278e+03,-6.998822536468506428e+01,-1.049823380470275879e+03,-2.774298699254557077e-02,-1.791830231935047091e-01,-3.506087791046100799e-01,-2.763320788534459616e-03,-2.250486548259911582e-02,-2.250486548259911582e-02,-9.104525816562794192e-04,-1.009242429086916332e-01,-3.593164371709561822e-01,-5.644409599693321233e+00,-9.882311637759412903e+00,-2.455683162935196506e+01,-1.261463292252290147e+00,-1.643106038821550374e+00,-1.643106038821550374e+00,-4.339708135733579830e+00,-7.488683120272930260e+00,-2.172134905178261377e+01,1.000000000000000000e+00,1.000000000000000000e+00,1.255555555555555891e+01,8.038353920564582644e-01,5.066329081410710922e-01,7.599493622116066049e+00,5.323157834147234091e-01,4.024611978521775435e-01,6.036917967782662764e+00,-0.000000000000000000e+00,-4.530265471694292639e-02,-6.795398207541438751e-01,-1.025581359863281250e-02,-1.927413940429687639e-02,-3.969097137451171875e-02,-3.986655781382954622e+00,-3.425752973004956292e+00,-5.138629459507434660e+01,-3.873019752519420322e+00,-3.359142057560617012e+00,-5.038713086340925429e+01,-6.410309599820982474e-01,-4.934875053734333883e-01,-7.402312580601500436e+00,-6.347760764367917119e+01,-4.893758721427089142e+01,-7.340638082140633287e+02,-8.410836352419784134e+01,-7.397217692823615209e+01,-1.109582653923542239e+03,-3.285794718314713236e+01,-2.565909716701304433e+01,-3.848864575051956649e+02,1.111111111111111049e-01,1.851851851851851749e-01,2.777777777777777679e+00,2.813829831626079581e-01,2.611671555859082505e-01,3.917507333788623924e+00,1.992029903659430501e-01,2.254256318848882612e-01,3.381384478273323779e+00,-6.241991892457008362e-01,-6.482334189737836150e-01,-9.723501284606754780e+00,-6.023355209827423096e+02,-6.992275352478027628e+01,-1.048841302871704102e+03
8.546000000000000000e+03,1.500000000000000000e+01,-8.238118977999921988e-01,-5.561163774997389675e-01,-8.341745662496084179e+00,-2.555452561094997965e-01,-2.456468902564531709e-01,-3.684703353846797480e+00,-1.595572878917284887e-01,-1.584489259403198402e-01,-2.376733889104797548e+00,-4.443627057679965731e+01,-3.683963342163311694e+01,-5.525945013244967186e+02,-5.192804602440314454e+01,-4.198213485991968241e+01,-6.297320228987952078e+02,-6.971937648561457479e+00,-1.010231459382819352e+01,-1.515347189074228993e+02,6.666666666666666297e-01,6.888888888888886619e-01,1.033333333333333037e+01,4.528730859830100708e-01,4.096570963373263874e-01,6.144856445059895478e+00,3.702963234849188656e-01,3.507134698002172257e-01,5.260702047003258386e+00,-2.664567064493894577e-01,-5.206140420089165888e-01,-7.809210630133748055e+00,-5.544090270996093750e-02,-7.011818997065226711e+01,-1.051772849559783936e+03,-2.774298699254557077e-02,-1.791830231935047091e-01,-3.506087791046100799e-01,-2.763320788534459616e-03,-2.250486548259911582e-02,-2.250486548259911582e-02,-9.104525816562794192e-04,-1.009242429086916332e-01,-3.593164371709561822e-01,-5.644409599693321233e+00,-9.882311637759412903e+00,-2.455683162935196506e+01,-1.261463292252290147e+00,-1.643106038821550374e+00,-1.643106038821550374e+00,-4.339708135733579830e+00,-7.488683120272930260e+00,-2.172134905178261377e+01,1.000000000000000000e+00,1.000000000000000000e+00,1.255555555555555891e+01,8.038353920564582644e-01,5.066329081410710922e-01,7.599493622116066049e+00,5.323157834147234091e-01,4.024611978521775435e-01,6.036917967782662764e+00,-0.000000000000000000e+00,-4.530265471694292639e-02,-6.795398207541438751e-01,-1.025581359863281250e-02,-1.927413940429687639e-02,-3.969097137451171875e-02,-3.986655781382954622e+00,-3.425752973004956292e+00,-5.138629459507434660e+01,-3.873019752519420322e+00,-3.359142057560617012e+00,-5.038713086340925429e+01,-6.410309599820982474e-01,-4.934875053734333883e-01,-7.402312580601500436e+00,-6.347760764367917119e+01,-4.893758721427089142e+01,-7.340638082140633287e+02,-8.410836352419784134e+01,-7.397217692823615209e+01,-1.109582653923542239e+03,-3.285794718314713236e+01,-2.601153665898842249e+01,-3.901730498848263551e+02,1.111111111111111049e-01,1.851851851851851749e-01,2.777777777777777679e+00,2.813829831626079581e-01,2.611671555859082505e-01,3.917507333788623924e+00,1.992029903659430501e-01,2.254256318848882612e-01,3.381384478273323779e+00,-6.241991892457008362e-01,-6.482334189737836150e-01,-9.723501284606754780e+00,-1.048982363939285278e+03,-6.998822536468506428e+01,-1.049823380470275879e+03
8.587000000000000000e+03,1.500000000000000000e+01,-1.665334198333544569e+00,-1.561441231863734735e+00,-2.342161847795602014e+01,-1.086761741836108630e+00,-9.943311834701716867e-01,-1.491496775205257563e+01,-1.802659633723039945e-01,-2.188829015951305468e-01,-3.283243523926958396e+00,-4.718245262780202864e+01,-4.349508255562481196e+01,-6.524262383343722149e+02,-1.417242775876957595e+01,-1.171504665445887561e+01,-1.757256998168831217e+02,-2.677304078868346693e+01,-2.686302412330612555e+01,-4.029453618495919045e+02,8.888888888888888395e-01,7.925925925925928484e-01,1.188888888888889284e+01,4.462264928928090235e-01,4.215744787200115806e-01,6.323617180800173543e+00,4.133447237466755242e-01,3.840966304912184492e-01,5.761449457368276406e+00,-6.310487538576126099e-02,-3.170224136983355034e-01,-4.755336205475032330e+00,-5.348682403564453125e-02,-6.297375361124674109e-02,-9.446063041687011719e-01,-2.774298699254557077e-02,-1.791830231935047091e-01,-3.506087791046100799e-01,-2.763320788534459616e-03,-2.250486548259911582e-02,-2.250486548259911582e-02,-9.104525816562794192e-04,-1.009242429086916332e-01,-3.593164371709561822e-01,-5.644409599693321233e+00,-9.882311637759412903e+00,-2.455683162935196506e+01,-1.261463292252290147e+00,-1.643106038821550374e+00,-1.643106038821550374e+00,-4.339708135733579830e+00,-7.488683120272930260e+00,-2.172134905178261377e+01,1.000000000000000000e+00,1.000000000000000000e+00,1.255555555555555891e+01,8.038353920564582644e-01,5.066329081410710922e-01,7.599493622116066049e+00,5.323157834147234091e-01,4.024611978521775435e-01,6.036917967782662764e+00,-0.000000000000000000e+00,-4.530265471694292639e-02,-6.795398207541438751e-01,-1.025581359863281250e-02,-1.927413940429687639e-02,-3.969097137451171875e-02,-3.986655781382954622e+00,-3.425752973004956292e+00,-5.138629459507434660e+01,-3.873019752519420322e+00,-3.359142057560617012e+00,-5.038713086340925429e+01,-6.410309599820982474e-01,-4.934875053734333883e-01,-7.402312580601500436e+00,-6.347760764367917119e+01,-4.893758721427089142e+01,-7.340638082140633287e+02,-8.410836352419784134e+01,-7.397217692823615209e+01,-1.109582653923542239e+03,-3.285794718314713236e+01,-2.601153665898842249e+01,-3.901730498848263551e+02,1.111111111111111049e-01,1.851851851851851749e-01,2.777777777777777679e+00,2.813829831626079581e-01,2.611671555859082505e-01,3.917507333788623924e+00,1.992029903659430501e-01,2.254256318848882612e-01,3.381384478273323779e+00,-6.241991892457008362e-01,-6.482334189737836150e-01,-9.723501284606754780e+00,-1.048982363939285278e+03,-7.011818997065226711e+01,-1.051772849559783936e+03
8.832000000000000000e+03,1.500000000000000000e+01,-4.673863148848959037e-01,-3.773053763827923790e-01,-5.659580645741885796e+00,-3.596577602083318725e-02,-1.078633399313448232e-01,-1.617950098970172279e+00,-1.431161543890911991e-01,-2.247569335194972984e-01,-3.371354002792459337e+00,-4.492873991304610826e+01,-2.899921288307853473e+01,-4.349881932461780139e+02,-6.902444680842026514e+01,-2.988051754834658880e+01,-4.482077632251988462e+02,-7.930233009865889748e+00,-1.072027159167718224e+01,-1.608040738751577408e+02,6.666666666666666297e-01,6.888888888888888840e-01,1.033333333333333393e+01,3.854091893908309641e-01,3.828875479050304897e-01,5.743313218575456958e+00,3.473589461205868756e-01,3.373913103578729533e-01,5.060869655368094300e+00,-6.846123933792114258e-01,-5.237283572244147978e-01,-7.855925358366221189e+00,-5.423617362976074219e-02,-4.524777730305989260e-02,-6.787166595458984375e-01,-2.774298699254557077e-02,-1.791830231935047091e-01,-3.506087791046100799e-01,-2.763320788534459616e-03,-2.250486548259911582e-02,-2.250486548259911582e-02,-9.104525816562794192e-04,-1.009242429086916332e-01,-3.593164371709561822e-01,-4.161708111550282752e+00,-9.882311637759412903e+00,-2.455683162935196506e+01,-1.261463292252290147e+00,-1.643106038821550374e+00,-1.643106038821550374e+00,-4.339708135733579830e+00,-7.488683120272930260e+00,-2.172134905178261377e+01,1.000000000000000000e+00,1.000000000000000000e+00,1.255555555555555891e+01,8.038353920564582644e-01,5.066329081410710922e-01,7.599493622116066049e+00,5.323157834147234091e-01,4.024611978521775435e-01,6.036917967782662764e+00,-0.000000000000000000e+00,-4.530265471694292639e-02,-6.795398207541438751e-01,-1.025581359863281250e-02,-1.927413940429687639e-02,-3.969097137451171875e-02,-3.986655781382954622e+00,-3.425752973004956292e+00,-5.138629459507434660e+01,-3.873019752519420322e+00,-3.359142057560617012e+00,-5.038713086340925429e+01,-6.410309599820982474e-01,-4.934875053734333883e-01,-7.402312580601500436e+00,-6.347760764367917119e+01,-4.893758721427089142e+01,-7.340638082140633287e+02,-8.410836352419784134e+01,-7.397217692823615209e+01,-1.109582653923542239e+03,-3.285794718314713236e+01,-2.686302412330612555e+01,-4.029453618495919045e+02,1.111111111111111049e-01,1.851851851851851749e-01,2.777777777777777679e+00,2.813829831626079581e-01,2.611671555859082505e-01,3.917507333788623924e+00,1.992029903659430501e-01,2.254256318848882612e-01,3.381384478273323779e+00,-6.241991892457008362e-01,-6.482334189737836150e-01,-9.723501284606754780e+00,-1.048982363939285278e+03,-7.011818997065226711e+01,-1.051772849559783936e+03
1.526400000000000000e+04,1.500000000000000000e+01,-4.086070847873180867e+00,-1.759156507631414401e+00,-2.638734761447121713e+01,-3.862729207466809811e+00,-1.413304236886619325e+00,-2.119956355329928854e+01,-3.082996383097897364e-01,-2.703627527843353584e-01,-4.055441291765029987e+00,-2.560892678578018078e+01,-2.073783373769312632e+01,-3.110675060653969126e+02,-1.350837296833461032e+01,-7.218411769256793953e+00,-1.082761765388519137e+02,-9.844744151257810216e+00,-1.168519163000271632e+01,-1.752778744500407413e+02,5.555555555555555802e-01,5.555555555555555802e-01,8.333333333333333925e+00,3.537148250238167924e-01,3.611099045083778214e-01,5.416648567625667710e+00,2.908876998058872454e-01,3.020367268597580201e-01,4.530550902896369969e+00,-1.363784782588481903e-01,-4.112457407483210425e-01,-6.168686111224815249e+00,-1.559109687805175781e-01,-1.246493975321451841e-01,-1.869740962982177734e+00,-2.774298699254557077e-02,-1.791830231935047091e-01,-3.250044931488896838e-01,-2.763320788534459616e-03,-1.997518060645240776e-02,-1.997518060645240776e-02,-9.104525816562794192e-04,-1.009242429086916332e-01,-3.221341404503704209e-01,-4.161708111550282752e+00,-9.882311637759412903e+00,-2.214308989780319337e+01,-7.823175653496333704e-01,-7.823175653496333704e-01,-7.823175653496333704e-01,-3.593762096812739060e+00,-7.488683120272930260e+00,-1.936500686051454778e+01,1.000000000000000000e+00,1.000000000000000000e+00,1.266666666666667140e+01,9.344373796202881666e-01,5.408561034312076021e-01,8.112841551468113366e+00,5.323157834147234091e-01,4.024611978521775435e-01,6.036917967782662764e+00,-0.000000000000000000e+00,-4.530265471694292639e-02,-6.795398207541438751e-01,-1.025581359863281250e-02,-1.927413940429687639e-02,-3.969097137451171875e-02,-3.986655781382954622e+00,-3.425752973004956292e+00,-5.138629459507434660e+01,-3.873019752519420322e+00,-3.359142057560617012e+00,-5.038713086340925429e+01,-6.410309599820982474e-01,-4.934875053734333883e-01,-7.402312580601500436e+00,-6.347760764367917119e+01,-4.893758721427089142e+01,-7.340638082140633287e+02,-8.410836352419784134e+01,-7.397217692823615209e+01,-1.109582653923542239e+03,-3.285794718314713236e+01,-2.686302412330612555e+01,-4.029453618495919045e+02,1.111111111111111049e-01,1.851851851851851749e-01,2.777777777777777679e+00,2.813829831626079581e-01,2.611671555859082505e-01,3.917507333788623924e+00,1.992029903659430501e-01,2.254256318848882612e-01,3.381384478273323779e+00,-6.846123933792114258e-01,-6.482334189737836150e-01,-9.723501284606754780e+00,-1.048982363939285278e+03,-7.011818997065226711e+01,-1.051772849559783936e+03
2.321900000000000000e+04,1.500000000000000000e+01,-1.351271935863273432e+00,-1.834859408980308304e+00,-2.752289113470462567e+01,-1.024666942777534562e+00,-1.508551735399512816e+00,-2.262827603099269069e+01,-1.649384571195882943e-01,-1.626740491940008304e-01,-2.440110737910012428e+00,-4.310062723975416787e+01,-3.065107150408442749e+01,-4.597660725612664123e+02,-8.456862065092849434e+01,-5.657153801182187891e+01,-8.485730701773281908e+02,-7.178662727068283900e+00,-1.108887883232709903e+01,-1.663331824849064731e+02,6.666666666666666297e-01,6.074074074074073959e-01,9.111111111111110716e+00,5.799025995233451081e-01,4.528582414396812861e-01,6.792873621595219014e+00,4.494948569391586379e-01,3.484639370043000617e-01,5.226959055064501314e+00,-4.374789111316204071e-01,-5.468343436717987283e-01,-8.202515155076980591e+00,-1.029229164123535156e-01,-1.030439217885335268e-01,-1.545658826828002930e+00,-1.608417058731864344e-02,-1.747491313572884508e-01,-2.672285844197432869e-01,-2.763320788534459616e-03,-1.997518060645240776e-02,-1.997518060645240776e-02,-9.104525816562794192e-04,-8.844157500829180618e-02,-2.686078950251259423e-01,-4.161708111550282752e+00,-9.882311637759412903e+00,-1.979863492388457402e+01,-7.823175653496333704e-01,-7.823175653496333704e-01,-7.823175653496333704e-01,-3.593762096812739060e+00,-7.488683120272930260e+00,-1.782261663797703477e+01,1.000000000000000000e+00,1.000000000000000000e+00,1.277777777777778034e+01,9.344373796202881666e-01,5.448769833409390362e-01,8.173154750114084877e+00,5.510109486007702673e-01,4.034943004354630269e-01,6.052414506531945015e+00,-0.000000000000000000e+00,-4.530265471694292639e-02,-6.795398207541438751e-01,-1.025581359863281250e-02,-1.927413940429687639e-02,-3.969097137451171875e-02,-4.086070847873180867e+00,-3.425752973004956292e+00,-5.138629459507434660e+01,-3.873019752519420322e+00,-3.359142057560617012e+00,-5.038713086340925429e+01,-6.410309599820982474e-01,-4.934875053734333883e-01,-7.402312580601500436e+00,-6.347760764367917119e+01,-4.893758721427089142e+01,-7.340638082140633287e+02,-8.410836352419784134e+01,-7.397217692823615209e+01,-1.109582653923542239e+03,-3.285794718314713236e+01,-2.686302412330612555e+01,-4.029453618495919045e+02,1.111111111111111049e-01,1.851851851851851749e-01,2.777777777777777679e+00,2.813829831626079581e-01,2.611671555859082505e-01,3.917507333788623924e+00,1.992029903659430501e-01,2.254256318848882612e-01,3.381384478273323779e+00,-6.846123933792114258e-01,-6.482334189737836150e-01,-9.723501284606754780e+00,-1.048982363939285278e+03,-7.011818997065226711e+01,-1.051772849559783936e+03
2.325800000000000000e+04,1.500000000000000000e+01,-1.003399997633131202e-01,-1.218317921753682365e+00,-1.827476882630523392e+01,-2.751477921636218127e-02,-1.005524471228210759e+00,-1.508286706842316072e+01,-9.742867343203046038e-02,-1.553005478963555008e-01,-2.329508218445332624e+00,-4.563545995599619687e+01,-4.129299065869849272e+01,-6.193948598804773837e+02,-8.149615112201782097e+01,-7.745327873912096095e+01,-1.161799181086814315e+03,-7.114657980800511261e+00,-1.187498614074679004e+01,-1.781247921112018560e+02,6.666666666666666297e-01,5.999999999999999778e-01,9.000000000000000000e+00,5.887454953242258204e-01,4.716879576026030141e-01,7.075319364039045489e+00,4.461392892512887065e-01,3.691562167177673270e-01,5.537343250766509684e+00,-2.551887296140193939e-01,-6.192591533064841780e-01,-9.288887299597263336e+00,-1.012070178985595703e-01,-1.139984766642252595e-01,-1.709977149963378906e+00,-1.608417058731864344e-02,-1.747491313572884508e-01,-2.672285844197432869e-01,-2.763320788534459616e-03,-1.997518060645240776e-02,-1.997518060645240776e-02,-9.104525816562794192e-04,-8.844157500829180618e-02,-2.686078950251259423e-01,-4.161708111550282752e+00,-9.882311637759412903e+00,-1.979863492388457402e+01,-7.823175653496333704e-01,-7.823175653496333704e-01,-7.823175653496333704e-01,-3.593762096812739060e+00,-7.488683120272930260e+00,-1.782261663797703477e+01,1.000000000000000000e+00,1.000000000000000000e+00,1.277777777777778034e+01,9.344373796202881666e-01,5.448769833409390362e-01,8.173154750114084877e+00,5.510109486007702673e-01,4.034943004354630269e-01,6.052414506531945015e+00,-0.000000000000000000e+00,-4.530265471694292639e-02,-6.795398207541438751e-01,-1.025581359863281250e-02,-1.927413940429687639e-02,-3.969097137451171875e-02,-4.086070847873180867e+00,-3.425752973004956292e+00,-5.138629459507434660e+01,-3.873019752519420322e+00,-3.359142057560617012e+00,-5.038713086340925429e+01,-6.410309599820982474e-01,-4.934875053734333883e-01,-7.402312580601500436e+00,-6.347760764367917119e+01,-4.893758721427089142e+01,-7.340638082140633287e+02,-8.456862065092849434e+01,-7.397217692823615209e+01,-1.109582653923542239e+03,-3.285794718314713236e+01,-2.686302412330612555e+01,-4.029453618495919045e+02,1.111111111111111049e-01,1.851851851851851749e-01,2.777777777777777679e+00,2.813829831626079581e-01,2.611671555859082505e-01,3.917507333788623924e+00,1.992029903659430501e-01,2.254256318848882612e-01,3.381384478273323779e+00,-6.846123933792114258e-01,-6.482334189737836150e-01,-9.723501284606754780e+00,-1.048982363939285278e+03,-7.011818997065226711e+01,-1.051772849559783936e+03
2.325900000000000000e+04,1.500000000000000000e+01,-1.422814147914617688e+00,-1.654589055855720137e+00,-2.481883583783580249e+01,-7.211718748488538111e-01,-1.214951861336514893e+00,-1.822427792004772229e+01,-1.755354797646740683e-01,-1.877386159494270068e-01,-2.816079239241405130e+00,-5.118781097199998698e+01,-4.314806706411268777e+01,-6.472210059616903663e+02,-5.420196073338421883e+01,-7.492001313369630111e+01,-1.123800197005444488e+03,-5.561754649139644791e+00,-1.107034641253073559e+01,-1.660551961879610303e+02,7.777777777777777901e-01,5.555555555555555802e-01,8.333333333333333925e+00,5.435841094794856554e-01,4.747363551684254390e-01,7.121045327526381641e+00,4.572195645501690442e-01,3.618932543988611639e-01,5.428398815982917291e+00,-4.367645718157291412e-01,-6.531352726742625237e-01,-9.797029090113937855e+00,-2.322909832000732422e-01,-1.410810788472493527e-01,-2.116216182708740234e+00,-1.608417058731864344e-02,-1.747491313572884508e-01,-2.672285844197432869e-01,-2.763320788534459616e-03,-1.997518060645240776e-02,-1.997518060645240776e-02,-9.104525816562794192e-04,-8.844157500829180618e-02,-2.686078950251259423e-01,-4.161708111550282752e+00,-9.882311637759412903e+00,-1.979863492388457402e+01,-7.823175653496333704e-01,-7.823175653496333704e-01,-7.823175653496333704e-01,-3.593762096812739060e+00,-7.488683120272930260e+00,-1.782261663797703477e+01,1.000000000000000000e+00,1.000000000000000000e+00,1.277777777777778034e+01,9.344373796202881666e-01,5.448769833409390362e-01,8.173154750114084877e+00,5.510109486007702673e-01,4.034943004354630269e-01,6.052414506531945015e+00,-0.000000000000000000e+00,-4.530265471694292639e-02,-6.795398207541438751e-01,-1.025581359863281250e-02,-1.927413940429687639e-02,-3.969097137451171875e-02,-4.086070847873180867e+00,-3.425752973004956292e+00,-5.138629459507434660e+01,-3.873019752519420322e+00,-3.359142057560617012e+00,-5.038713086340925429e+01,-6.410309599820982474e-01,-4.934875053734333883e-01,-7.402312580601500436e+00,-6.347760764367917119e+01,-4.893758721427089142e+01,-7.340638082140633287e+02,-8.456862065092849434e+01,-7.745327873912096095e+01,-1.161799181086814315e+03,-3.285794718314713236e+01,-2.686302412330612555e+01,-4.029453618495919045e+02,1.111111111111111049e-01,1.851851851851851749e-01,2.777777777777777679e+00,2.813829831626079581e-01,2.611671555859082505e-01,3.917507333788623924e+00,1.992029903659430501e-01,2.254256318848882612e-01,3.381384478273323779e+00,-6.846123933792114258e-01,-6.482334189737836150e-01,-9.723501284606754780e+00,-1.048982363939285278e+03,-7.011818997065226711e+01,-1.051772849559783936e+03
2.326300000000000000e+04,1.500000000000000000e+01,-8.511354709316329425e-02,-1.114148053726241150e+00,-1.671222080589361880e+01,-2.604727184803025050e-02,-9.298540361520865050e-01,-1.394781054228129769e+01,-9.394554066874634402e-02,-1.565103960908357517e-01,-2.347655941362536414e+00,-4.899018810481679509e+01,-4.226633825944600176e+01,-6.339950738916900264e+02,-8.268200991698921598e+01,-8.009459158874844320e+01,-1.201418873831226620e+03,-6.940480190050887899e+00,-1.248784495667085359e+01,-1.873176743500628163e+02,6.666666666666666297e-01,5.925925925925926707e-01,8.888888888888889284e+00,6.040947589560533570e-01,4.678777671851319653e-01,7.018166507776979479e+00,4.661977213848087498e-01,3.691821234581503797e-01,5.537731851872255362e+00,-2.494853623211383820e-01,-6.112552650272846666e-01,-9.168828975409269333e+00,-1.176476478576660156e-01,-1.216394265492757171e-01,-1.824591398239135742e+00,-1.608417058731864344e-02,-1.747491313572884508e-01,-2.672285844197432869e-01,-2.763320788534459616e-03,-1.997518060645240776e-02,-1.997518060645240776e-02,-9.104525816562794192e-04,-8.844157500829180618e-02,-2.686078950251259423e-01,-4.161708111550282752e+00,-9.882311637759412903e+00,-1.979863492388457402e+01,-7.823175653496333704e-01,-7.823175653496333704e-01,-7.823175653496333704e-01,-3.593762096812739060e+00,-7.488683120272930260e+00,-1.782261663797703477e+01,1.000000000000000000e+00,1.000000000000000000e+00,1.277777777777778034e+01,9.344373796202881666e-01,5.448769833409390362e-01,8.173154750114084877e+00,5.510109486007702673e-01,4.034943004354630269e-01,6.052414506531945015e+00,-0.000000000000000000e+00,-4.530265471694292639e-02,-6.795398207541438751e-01,-1.025581359863281250e-02,-1.927413940429687639e-02,-3.969097137451171875e-02,-4.086070847873180867e+00,-3.425752973004956292e+00,-5.138629459507434660e+01,-3.873019752519420322e+00,-3.359142057560617012e+00,-5.038713086340925429e+01,-6.410309599820982474e-01,-4.934875053734333883e-01,-7.402312580601500436e+00,-6.347760764367917119e+01,-4.893758721427089142e+01,-7.340638082140633287e+02,-8.456862065092849434e+01,-7.745327873912096095e+01,-1.161799181086814315e+03,-3.285794718314713236e+01,-2.686302412330612555e+01,-4.029453618495919045e+02,1.111111111111111049e-01,1.851851851851851749e-01,2.777777777777777679e+00,2.813829831626079581e-01,2.611671555859082505e-01,3.917507333788623924e+00,1.992029903659430501e-01,2.254256318848882612e-01,3.381384478273323779e+00,-6.846123933792114258e-01,-6.531352726742625237e-01,-9.797029090113937855e+00,-1.048982363939285278e+03,-7.011818997065226711e+01,-1.051772849559783936e+03
2.326400000000000000e+04,1.500000000000000000e+01,-9.598731833448023720e-02,-1.125115560032005302e+00,-1.687673340048008086e+01,-2.691904469961324889e-02,-9.365407428970292658e-01,-1.404811114345543821e+01,-9.691402193675073551e-02,-1.461420147947809223e-01,-2.192130221921714028e+00,-4.866069620685932051e+01,-4.186014669974024827e+01,-6.279022004961037737e+02,-8.256893252207760270e+01,-8.029241714938464725e+01,-1.204386257240769737e+03,-7.785732383557141922e+00,-1.140599450051207597e+01,-1.710899175076811503e+02,6.666666666666666297e-01,5.703703703703703054e-01,8.555555555555555358e+00,5.932278236849591879e-01,4.833985223798024089e-01,7.250977835697035800e+00,4.569373322786842717e-01,3.680640771358377750e-01,5.520961157037566736e+00,-2.493910267949104309e-01,-6.055018569032351028e-01,-9.082527853548526764e+00,-1.438360214233398438e-01,-1.421021779378255079e-01,-2.131532669067382812e+00,-1.608417058731864344e-02,-1.747491313572884508e-01,-2.672285844197432869e-01,-2.763320788534459616e-03,-1.997518060645240776e-02,-1.997518060645240776e-02,-9.104525816562794192e-04,-8.844157500829180618e-02,-2.686078950251259423e-01,-4.161708111550282752e+00,-9.882311637759412903e+00,-1.979863492388457402e+01,-7.823175653496333704e-01,-7.823175653496333704e-01,-7.823175653496333704e-01,-3.593762096812739060e+00,-7.488683120272930260e+00,-1.782261663797703477e+01,1.000000000000000000e+00,1.000000000000000000e+00,1.277777777777778034e+01,9.344373796202881666e-01,5.448769833409390362e-01,8.173154750114084877e+00,5.510109486007702673e-01,4.034943004354630269e-01,6.052414506531945015e+00,-0.000000000000000000e+00,-4.530265471694292639e-02,-6.795398207541438751e-01,-1.025581359863281250e-02,-1.927413940429687639e-02,-3.969097137451171875e-02,-4.086070847873180867e+00,-3.425752973004956292e+00,-5.138629459507434660e+01,-3.873019752519420322e+00,-3.359142057560617012e+00,-5.038713086340925429e+01,-6.410309599820982474e-01,-4.934875053734333883e-01,-7.402312580601500436e+00,-6.347760764367917119e+01,-4.893758721427089142e+01,-7.340638082140633287e+02,-8.456862065092849434e+01,-8.009459158874844320e+01,-1.201418873831226620e+03,-3.285794718314713236e+01,-2.686302412330612555e+01,-4.029453618495919045e+02,1.111111111111111049e-01,1.851851851851851749e-01,2.777777777777777679e+00,2.813829831626079581e-01,2.611671555859082505e-01,3.917507333788623924e+00,1.992029903659430501e-01,2.254256318848882612e-01,3.381384478273323779e+00,-6.846123933792114258e-01,-6.531352726742625237e-01,-9.797029090113937855e+00,-1.048982363939285278e+03,-7.011818997065226711e+01,-1.051772849559783936e+03
2.327000000000000000e+04,1.500000000000000000e+01,-9.957482989023733744e-01,-1.201647661425622182e+00,-1.802471492138433362e+01,-4.603194029996456882e-01,-8.392229967201643159e-01,-1.258834495080246541e+01,-1.862629588023348992e-01,-1.865050690386968746e-01,-2.797576035580453091e+00,-4.456139520206994575e+01,-4.148162539534097704e+01,-6.222243809301146484e+02,-8.845767560415721675e+01,-7.532869834306168855e+01,-1.129930475145925357e+03,-6.450436262921608765e+00,-1.049138811214162459e+01,-1.573708216821243582e+02,6.666666666666666297e-01,5.407407407407407440e-01,8.111111111111110716e+00,5.415764993661275062e-01,4.831022374993780288e-01,7.246533562490670377e+00,4.100919992782470214e-01,3.549725632098307271e-01,5.324588448147460795e+00,-4.244539421051740646e-01,-6.444816882411639192e-01,-9.667225323617458344e+00,-9.039807319641113281e-02,-1.145475705464680943e-01,-1.718213558197021484e+00,-1.608417058731864344e-02,-1.747491313572884508e-01,-2.672285844197432869e-01,-2.763320788534459616e-03,-1.997518060645240776e-02,-1.997518060645240776e-02,-9.104525816562794192e-04,-8.844157500829180618e-02,-2.686078950251259423e-01,-4.161708111550282752e+00,-9.882311637759412903e+00,-1.979863492388457402e+01,-7.823175653496333704e-01,-7.823175653496333704e-01,-7.823175653496333704e-01,-3.593762096812739060e+00,-7.488683120272930260e+00,-1.782261663797703477e+01,1.000000000000000000e+00,1.000000000000000000e+00,1.277777777777778034e+01,9.344373796202881666e-01,5.448769833409390362e-01,8.173154750114084877e+00,5.510109486007702673e-01,4.034943004354630269e-01,6.052414506531945015e+00,-0.000000000000000000e+00,-4.530265471694292639e-02,-6.795398207541438751e-01,-1.025581359863281250e-02,-1.927413940429687639e-02,-3.969097137451171875e-02,-4.086070847873180867e+00,-3.425752973004956292e+00,-5.138629459507434660e+01,-3.873019752519420322e+00,-3.359142057560617012e+00,-5.038713086340925429e+01,-6.410309599820982474e-01,-4.934875053734333883e-01,-7.402312580601500436e+00,-6.347760764367917119e+01,-4.893758721427089142e+01,-7.340638082140633287e+02,-8.456862065092849434e+01,-8.029241714938464725e+01,-1.204386257240769737e+03,-3.285794718314713236e+01,-2.686302412330612555e+01,-4.029453618495919045e+02,1.111111111111111049e-01,1.851851851851851749e-01,2.777777777777777679e+00,2.813829831626079581e-01,2.611671555859082505e-01,3.917507333788623924e+00,1.992029903659430501e-01,2.254256318848882612e-01,3.381384478273323779e+00,-6.846123933792114258e-01,-6.531352726742625237e-01,-9.797029090113937855e+00,-1.048982363939285278e+03,-7.011818997065226711e+01,-1.051772849559783936e+03
2.901400000000000000e+04,1.500000000000000000e+01,-1.695439475180317679e+00,-1.070706954198926475e+00,-1.606060431298389801e+01,-3.428027509877993761e+00,-1.181296903774497142e+00,-1.771945355661745580e+01,-4.154603897249993238e-01,-2.462363863142234821e-01,-3.693545794713352315e+00,-4.350760566135076601e+01,-3.358356161687113683e+01,-5.037534242530670099e+02,-7.609958527201521861e+01,-2.258541918761143208e+01,-3.387812878141714918e+02,-6.948322934849269217e+00,-1.549451276419190471e+01,-2.324176914628785653e+02,2.222222222222222099e-01,6.370370370370369573e-01,9.555555555555553582e+00,2.786219632297184390e-01,3.738598976758680803e-01,5.607898465138021038e+00,2.118199492568398068e-01,3.320760770648186755e-01,4.981141155972280465e+00,-3.158959746360778809e-01,-4.276527640720208523e-01,-6.414791461080312729e+00,-5.824398994445800781e-02,-5.610618591308593611e-02,-8.415927886962890625e-01,-1.608417058731864344e-02,-1.747491313572884508e-01,-2.672285844197432869e-01,-2.186390293202580132e-03,-1.997518060645240776e-02,-1.997518060645240776e-02,-9.104525816562794192e-04,-8.844157500829180618e-02,-2.686078950251259423e-01,-4.161708111550282752e+00,-9.882311637759412903e+00,-1.979863492388457402e+01,-7.823175653496333704e-01,-7.823175653496333704e-01,-7.823175653496333704e-01,-3.593762096812739060e+00,-7.488683120272930260e+00,-1.782261663797703477e+01,1.000000000000000000e+00,1.000000000000000000e+00,1.277777777777778212e+01,9.344373796202881666e-01,5.448769833409390362e-01,8.173154750114084877e+00,5.510109486007702673e-01,4.068644542904407690e-01,6.102966814356611813e+00,-0.000000000000000000e+00,-4.530265471694292639e-02,-6.795398207541438751e-01,-1.025581359863281250e-02,-1.927413940429687639e-02,-3.969097137451171875e-02,-4.086070847873180867e+00,-3.425752973004956292e+00,-5.138629459507434660e+01,-3.873019752519420322e+00,-3.359142057560617012e+00,-5.038713086340925429e+01,-6.410309599820982474e-01,-4.934875053734333883e-01,-7.402312580601500436e+00,-6.347760764367917119e+01,-4.893758721427089142e+01,-7.340638082140633287e+02,-8.845767560415721675e+01,-8.029241714938464725e+01,-1.204386257240769737e+03,-3.285794718314713236e+01,-2.686302412330612555e+01,-4.029453618495919045e+02,1.111111111111111049e-01,1.851851851851851749e-01,2.777777777777777679e+00,2.813829831626079581e-01,2.611671555859082505e-01,3.917507333788623924e+00,1.992029903659430501e-01,2.254256318848882612e-01,3.381384478273323779e+00,-6.846123933792114258e-01,-6.531352726742625237e-01,-9.797029090113937855e+00,-1.048982363939285278e+03,-7.011818997065226711e+01,-1.051772849559783936e+03
