MongoDB observer connected: localhost:27017/env_poisoning
INFO - environment_poisoning_attack - Running command 'sacred_main'
INFO - environment_poisoning_attack - Started run with ID "39"
INFO - victim_tracking - Running command 'victim_main'
INFO - victim_tracking - Started run with ID "30"
Starting Sacred experiment: 39
Configuration: {'__doc__': 'Default experiment configuration.', 'experiment_name': 'env_poisoning_attack', 'privacy_mode': 'full_whitebox', 'seed': 0, 'max_episodes': 12000, 'max_timesteps': 15, 'eval_freq_episode': 20, 'eps_greedy_start_episodes': 30, 'victim_n_episodes': 80, 'keep_checkpoints': 3, 'batch_size': 256, 'discount': 0.9, 'tau': 0.005, 'expl_noise': 0.1, 'policy_noise': 0.2, 'noise_clip': 0.5, 'policy_freq': 2, 'ae_embedding_size': 5, 'ae_seq_len': 5, 'ae_n_epochs': 10, 'victim_memory_size': 50, 'victim_discount_factor': 1.0, 'victim_alpha': 0.1, 'victim_epsilon': 0.1, 'model_dir': None, 'num_victims': 1, 'victim_algo': 'qlearning', 'attack_algo': 'ddpg', 'env': 'grid3d', 'env_shape': None, 'grid_size': 6, 'encoder_mode': 'whitebox'}
Victim MongoDB observer connected: localhost:27017/env_poisoning_victims
Victim Sacred experiment started: run_id=30
[    1/12000]  acc=0.4000  min=0.3333  best=0.4000  reward=8.13
[    2/12000]  acc=0.4000  min=0.4000  best=0.4000  reward=7.60
[    3/12000]  acc=0.2667  min=0.0667  best=0.4000  reward=4.67
[    4/12000]  acc=0.4000  min=0.3333  best=0.4000  reward=7.07
[    5/12000]  acc=0.4667  min=0.3333  best=0.4667  reward=6.47
[    6/12000]  acc=0.4667  min=0.4000  best=0.4667  reward=7.20
[    7/12000]  acc=0.3333  min=0.3333  best=0.4667  reward=7.00
[    8/12000]  acc=0.2000  min=0.2000  best=0.4667  reward=5.80
[    9/12000]  acc=0.6000  min=0.2667  best=0.6000  reward=5.67
[   10/12000]  acc=0.3333  min=0.2000  best=0.6000  reward=4.93
[   11/12000]  acc=0.4667  min=0.3333  best=0.6000  reward=7.60
[   12/12000]  acc=0.6000  min=0.4000  best=0.6000  reward=8.33
[   13/12000]  acc=0.6000  min=0.3333  best=0.6000  reward=7.47
[   14/12000]  acc=0.2667  min=0.2667  best=0.6000  reward=6.80
[   15/12000]  acc=0.3333  min=0.2000  best=0.6000  reward=5.33
[   16/12000]  acc=0.3333  min=0.3333  best=0.6000  reward=6.00
[   17/12000]  acc=0.3333  min=0.2667  best=0.6000  reward=6.60
[   18/12000]  acc=0.5333  min=0.2667  best=0.6000  reward=6.93
[   19/12000]  acc=0.4000  min=0.3333  best=0.6000  reward=7.07
[   20/12000]  acc=0.3333  min=0.2000  best=0.6000  reward=5.40 [ckpt]
[   21/12000]  acc=0.4000  min=0.2667  best=0.6000  reward=6.27
[   22/12000]  acc=0.4000  min=0.2667  best=0.6000  reward=6.80
[   23/12000]  acc=0.3333  min=0.3333  best=0.6000  reward=6.67
[   24/12000]  acc=0.3333  min=0.2000  best=0.6000  reward=5.40
[   25/12000]  acc=0.4000  min=0.3333  best=0.6000  reward=7.67
[   26/12000]  acc=0.4000  min=0.2000  best=0.6000  reward=6.00
[   27/12000]  acc=0.3333  min=0.2000  best=0.6000  reward=5.07
[   28/12000]  acc=0.2667  min=0.2000  best=0.6000  reward=4.73
[   29/12000]  acc=0.5333  min=0.4000  best=0.6000  reward=7.73
[   30/12000]  acc=0.5333  min=0.2000  best=0.6000  reward=6.40
[   31/12000]  acc=0.4667  min=0.3333  best=0.6000  reward=7.87
[   32/12000]  acc=0.4000  min=0.1333  best=0.6000  reward=6.00
[   33/12000]  acc=0.3333  min=0.1333  best=0.6000  reward=4.53
[   34/12000]  acc=0.6000  min=0.2667  best=0.6000  reward=7.60
[   35/12000]  acc=0.3333  min=0.2000  best=0.6000  reward=4.87
[   36/12000]  acc=0.4000  min=0.2000  best=0.6000  reward=4.80
[   37/12000]  acc=0.3333  min=0.2667  best=0.6000  reward=4.80
[   38/12000]  acc=0.4000  min=0.2667  best=0.6000  reward=5.80
[   39/12000]  acc=0.4667  min=0.2667  best=0.6000  reward=6.27
[   40/12000]  acc=0.3333  min=0.2667  best=0.6000  reward=5.40 [ckpt]
[   41/12000]  acc=0.2667  min=0.2000  best=0.6000  reward=4.47
[   42/12000]  acc=0.2667  min=0.2000  best=0.6000  reward=4.53
[   43/12000]  acc=0.3333  min=0.2667  best=0.6000  reward=5.40
[   44/12000]  acc=0.3333  min=0.2000  best=0.6000  reward=4.67
[   45/12000]  acc=0.4000  min=0.1333  best=0.6000  reward=4.80
[   46/12000]  acc=0.2667  min=0.2000  best=0.6000  reward=4.73
[   47/12000]  acc=0.4000  min=0.2667  best=0.6000  reward=5.40
[   48/12000]  acc=0.4000  min=0.2667  best=0.6000  reward=5.33
[   49/12000]  acc=0.4000  min=0.2000  best=0.6000  reward=4.80
[   50/12000]  acc=0.4000  min=0.2667  best=0.6000  reward=6.20
[   51/12000]  acc=0.3333  min=0.1333  best=0.6000  reward=4.73
[   52/12000]  acc=0.4667  min=0.4000  best=0.6000  reward=7.47
[   53/12000]  acc=0.4000  min=0.3333  best=0.6000  reward=7.00
[   54/12000]  acc=0.5333  min=0.2667  best=0.6000  reward=7.40
[   55/12000]  acc=0.4667  min=0.3333  best=0.6000  reward=7.40
[   56/12000]  acc=0.5333  min=0.3333  best=0.6000  reward=7.53
[   57/12000]  acc=0.6000  min=0.3333  best=0.6000  reward=7.60
[   58/12000]  acc=0.4667  min=0.4000  best=0.6000  reward=7.73
[   59/12000]  acc=0.5333  min=0.2667  best=0.6000  reward=7.53
[   60/12000]  acc=0.4667  min=0.2667  best=0.6000  reward=7.27 [ckpt]
[   61/12000]  acc=0.4000  min=0.3333  best=0.6000  reward=7.67
[   62/12000]  acc=0.4000  min=0.3333  best=0.6000  reward=7.33
[   63/12000]  acc=0.4667  min=0.3333  best=0.6000  reward=6.93
[   64/12000]  acc=0.4667  min=0.3333  best=0.6000  reward=7.27
[   65/12000]  acc=0.5333  min=0.4000  best=0.6000  reward=8.00
[   66/12000]  acc=0.5333  min=0.3333  best=0.6000  reward=7.93
[   67/12000]  acc=0.6667  min=0.4667  best=0.6667  reward=9.47
[   68/12000]  acc=0.6000  min=0.2667  best=0.6667  reward=8.80
[   69/12000]  acc=0.6667  min=0.4667  best=0.6667  reward=9.27
[   70/12000]  acc=0.6000  min=0.4667  best=0.6667  reward=9.13
[   71/12000]  acc=0.6000  min=0.3333  best=0.6667  reward=8.80
[   72/12000]  acc=0.6000  min=0.2667  best=0.6667  reward=8.80
[   73/12000]  acc=0.6000  min=0.3333  best=0.6667  reward=8.80
[   74/12000]  acc=0.6667  min=0.2667  best=0.6667  reward=9.00
[   75/12000]  acc=0.6000  min=0.4000  best=0.6667  reward=9.13
[   76/12000]  acc=0.5333  min=0.3333  best=0.6667  reward=8.47
[   77/12000]  acc=0.6667  min=0.3333  best=0.6667  reward=8.07
[   78/12000]  acc=0.6667  min=0.3333  best=0.6667  reward=8.47
[   79/12000]  acc=0.6000  min=0.3333  best=0.6667  reward=8.53
[   80/12000]  acc=0.6000  min=0.3333  best=0.6667  reward=8.33 [ckpt]
[   81/12000]  acc=0.6667  min=0.4667  best=0.6667  reward=9.20
[   82/12000]  acc=0.5333  min=0.4000  best=0.6667  reward=8.60
[   83/12000]  acc=0.5333  min=0.3333  best=0.6667  reward=8.67
[   84/12000]  acc=0.5333  min=0.3333  best=0.6667  reward=9.33
[   85/12000]  acc=0.6000  min=0.3333  best=0.6667  reward=8.27
[   86/12000]  acc=0.6000  min=0.4000  best=0.6667  reward=9.53
[   87/12000]  acc=0.5333  min=0.4667  best=0.6667  reward=8.87
[   88/12000]  acc=0.4667  min=0.4000  best=0.6667  reward=7.40
[   89/12000]  acc=0.4667  min=0.3333  best=0.6667  reward=7.80
[   90/12000]  acc=0.4667  min=0.2000  best=0.6667  reward=7.33
[   91/12000]  acc=0.4667  min=0.3333  best=0.6667  reward=6.93
[   92/12000]  acc=0.6000  min=0.3333  best=0.6667  reward=7.27
[   93/12000]  acc=0.4000  min=0.4000  best=0.6667  reward=7.87
[   94/12000]  acc=0.6000  min=0.4000  best=0.6667  reward=7.87
[   95/12000]  acc=0.4667  min=0.4000  best=0.6667  reward=7.53
[   96/12000]  acc=0.4667  min=0.3333  best=0.6667  reward=7.80
[   97/12000]  acc=0.5333  min=0.2667  best=0.6667  reward=7.47
[   98/12000]  acc=0.4667  min=0.4000  best=0.6667  reward=7.40
[   99/12000]  acc=0.4667  min=0.3333  best=0.6667  reward=7.40
[  100/12000]  acc=0.4667  min=0.4667  best=0.6667  reward=7.60 [ckpt]
[  101/12000]  acc=0.4000  min=0.4000  best=0.6667  reward=7.73
[  102/12000]  acc=0.4667  min=0.3333  best=0.6667  reward=6.93
[  103/12000]  acc=0.5333  min=0.4000  best=0.6667  reward=7.60
[  104/12000]  acc=0.3333  min=0.3333  best=0.6667  reward=6.47
[  105/12000]  acc=0.4000  min=0.3333  best=0.6667  reward=6.33
[  106/12000]  acc=0.4667  min=0.3333  best=0.6667  reward=7.00
[  107/12000]  acc=0.3333  min=0.3333  best=0.6667  reward=7.40
[  108/12000]  acc=0.4667  min=0.4000  best=0.6667  reward=7.80
[  109/12000]  acc=0.5333  min=0.3333  best=0.6667  reward=7.47
[  110/12000]  acc=0.5333  min=0.3333  best=0.6667  reward=6.60
[  111/12000]  acc=0.4667  min=0.4667  best=0.6667  reward=7.73
[  112/12000]  acc=0.4000  min=0.4000  best=0.6667  reward=8.00
[  113/12000]  acc=0.4000  min=0.3333  best=0.6667  reward=7.27
[  114/12000]  acc=0.4667  min=0.4000  best=0.6667  reward=7.40
[  115/12000]  acc=0.4667  min=0.4000  best=0.6667  reward=7.40
[  116/12000]  acc=0.4667  min=0.3333  best=0.6667  reward=6.73
[  117/12000]  acc=0.4000  min=0.4000  best=0.6667  reward=7.27
[  118/12000]  acc=0.3333  min=0.3333  best=0.6667  reward=7.33
[  119/12000]  acc=0.4667  min=0.3333  best=0.6667  reward=7.53
[  120/12000]  acc=0.5333  min=0.3333  best=0.6667  reward=7.00 [ckpt]
[  121/12000]  acc=0.4667  min=0.4000  best=0.6667  reward=7.07
[  122/12000]  acc=0.3333  min=0.3333  best=0.6667  reward=7.00
[  123/12000]  acc=0.3333  min=0.3333  best=0.6667  reward=6.53
[  124/12000]  acc=0.4000  min=0.4000  best=0.6667  reward=6.87
[  125/12000]  acc=0.3333  min=0.3333  best=0.6667  reward=6.53
[  126/12000]  acc=0.3333  min=0.3333  best=0.6667  reward=5.93
[  127/12000]  acc=0.4000  min=0.4000  best=0.6667  reward=6.60
[  128/12000]  acc=0.4000  min=0.3333  best=0.6667  reward=6.73
[  129/12000]  acc=0.4000  min=0.4000  best=0.6667  reward=6.87
[  130/12000]  acc=0.5333  min=0.4000  best=0.6667  reward=7.40
[  131/12000]  acc=0.4000  min=0.3333  best=0.6667  reward=6.60
[  132/12000]  acc=0.5333  min=0.4000  best=0.6667  reward=7.20
[  133/12000]  acc=0.4667  min=0.2667  best=0.6667  reward=6.80
[  134/12000]  acc=0.4667  min=0.3333  best=0.6667  reward=7.00
[  135/12000]  acc=0.3333  min=0.3333  best=0.6667  reward=6.53
[  136/12000]  acc=0.6000  min=0.3333  best=0.6667  reward=8.80
[  137/12000]  acc=0.6000  min=0.4000  best=0.6667  reward=9.13
[  138/12000]  acc=0.6667  min=0.4000  best=0.6667  reward=8.73
[  139/12000]  acc=0.6667  min=0.4000  best=0.6667  reward=8.80
[  140/12000]  acc=0.6000  min=0.4667  best=0.6667  reward=8.87 [ckpt]
[  141/12000]  acc=0.6000  min=0.4000  best=0.6667  reward=8.87
[  142/12000]  acc=0.6000  min=0.3333  best=0.6667  reward=8.47
[  143/12000]  acc=0.6000  min=0.2667  best=0.6667  reward=8.20
[  144/12000]  acc=0.6000  min=0.3333  best=0.6667  reward=8.40
[  145/12000]  acc=0.6000  min=0.4000  best=0.6667  reward=8.60
[  146/12000]  acc=0.6667  min=0.4667  best=0.6667  reward=8.93
[  147/12000]  acc=0.5333  min=0.4667  best=0.6667  reward=8.80
[  148/12000]  acc=0.6667  min=0.4000  best=0.6667  reward=8.73
[  149/12000]  acc=0.6000  min=0.4000  best=0.6667  reward=8.67
[  150/12000]  acc=0.5333  min=0.2667  best=0.6667  reward=7.47
[  151/12000]  acc=0.6000  min=0.2667  best=0.6667  reward=8.27
[  152/12000]  acc=0.6000  min=0.4000  best=0.6667  reward=8.47
[  153/12000]  acc=0.6000  min=0.3333  best=0.6667  reward=8.27
[  154/12000]  acc=0.6000  min=0.3333  best=0.6667  reward=8.20
[  155/12000]  acc=0.6000  min=0.3333  best=0.6667  reward=8.67
[  156/12000]  acc=0.6667  min=0.2000  best=0.6667  reward=8.47
[  157/12000]  acc=0.6000  min=0.2667  best=0.6667  reward=8.47
[  158/12000]  acc=0.5333  min=0.2667  best=0.6667  reward=8.07
[  159/12000]  acc=0.5333  min=0.3333  best=0.6667  reward=8.53
[  160/12000]  acc=0.6000  min=0.3333  best=0.6667  reward=8.80 [ckpt]
[  161/12000]  acc=0.6000  min=0.3333  best=0.6667  reward=8.73
[  162/12000]  acc=0.6000  min=0.3333  best=0.6667  reward=8.67
[  163/12000]  acc=0.6667  min=0.3333  best=0.6667  reward=9.00
[  164/12000]  acc=0.6000  min=0.3333  best=0.6667  reward=8.60
[  165/12000]  acc=0.6000  min=0.2667  best=0.6667  reward=8.47
[  166/12000]  acc=0.6000  min=0.4667  best=0.6667  reward=8.93
[  167/12000]  acc=0.6667  min=0.3333  best=0.6667  reward=8.93
[  168/12000]  acc=0.6000  min=0.4667  best=0.6667  reward=8.80
[  169/12000]  acc=0.6000  min=0.2667  best=0.6667  reward=8.53
[  170/12000]  acc=0.6000  min=0.3333  best=0.6667  reward=8.40
[  171/12000]  acc=0.6667  min=0.3333  best=0.6667  reward=8.93
[  172/12000]  acc=0.6000  min=0.3333  best=0.6667  reward=8.67
[  173/12000]  acc=0.5333  min=0.3333  best=0.6667  reward=8.87
[  174/12000]  acc=0.6667  min=0.4000  best=0.6667  reward=9.27
[  175/12000]  acc=0.6667  min=0.2000  best=0.6667  reward=8.87
[  176/12000]  acc=0.6667  min=0.2667  best=0.6667  reward=8.93
[  177/12000]  acc=0.7333  min=0.3333  best=0.7333  reward=10.00
[  178/12000]  acc=0.6667  min=0.4000  best=0.7333  reward=9.40
[  179/12000]  acc=0.6000  min=0.2000  best=0.7333  reward=9.07
[  180/12000]  acc=0.6000  min=0.3333  best=0.7333  reward=9.27 [ckpt]
[  181/12000]  acc=0.6667  min=0.3333  best=0.7333  reward=9.20
[  182/12000]  acc=0.6667  min=0.4667  best=0.7333  reward=9.00
[  183/12000]  acc=0.6000  min=0.2667  best=0.7333  reward=8.87
[  184/12000]  acc=0.6000  min=0.3333  best=0.7333  reward=8.80
[  185/12000]  acc=0.6000  min=0.4000  best=0.7333  reward=9.87
[  186/12000]  acc=0.6000  min=0.4000  best=0.7333  reward=8.93
[  187/12000]  acc=0.6000  min=0.4000  best=0.7333  reward=9.07
[  188/12000]  acc=0.6000  min=0.4000  best=0.7333  reward=9.00
[  189/12000]  acc=0.6667  min=0.4000  best=0.7333  reward=9.20
[  190/12000]  acc=0.6000  min=0.4000  best=0.7333  reward=9.33
[  191/12000]  acc=0.6000  min=0.3333  best=0.7333  reward=9.00
[  192/12000]  acc=0.6667  min=0.3333  best=0.7333  reward=9.07
[  193/12000]  acc=0.7333  min=0.4000  best=0.7333  reward=10.13
[  194/12000]  acc=0.6000  min=0.4000  best=0.7333  reward=9.40
[  195/12000]  acc=0.7333  min=0.4000  best=0.7333  reward=9.73
[  196/12000]  acc=0.6000  min=0.5333  best=0.7333  reward=9.67
[  197/12000]  acc=0.5333  min=0.4667  best=0.7333  reward=9.33
[  198/12000]  acc=0.6667  min=0.4667  best=0.7333  reward=9.67
[  199/12000]  acc=0.6000  min=0.3333  best=0.7333  reward=8.80
[  200/12000]  acc=0.6000  min=0.2667  best=0.7333  reward=8.60 [ckpt]
[  201/12000]  acc=0.6667  min=0.2667  best=0.7333  reward=9.27
[  202/12000]  acc=0.6000  min=0.3333  best=0.7333  reward=8.87
[  203/12000]  acc=0.6667  min=0.2000  best=0.7333  reward=9.00
[  204/12000]  acc=0.6000  min=0.2667  best=0.7333  reward=8.87
[  205/12000]  acc=0.6000  min=0.2000  best=0.7333  reward=8.53
[  206/12000]  acc=0.6000  min=0.4000  best=0.7333  reward=8.73
[  207/12000]  acc=0.6000  min=0.2000  best=0.7333  reward=8.67
[  208/12000]  acc=0.6667  min=0.2667  best=0.7333  reward=8.53
[  209/12000]  acc=0.6000  min=0.2667  best=0.7333  reward=8.67
[  210/12000]  acc=0.6000  min=0.4000  best=0.7333  reward=8.67
[  211/12000]  acc=0.5333  min=0.4000  best=0.7333  reward=8.67
[  212/12000]  acc=0.6000  min=0.3333  best=0.7333  reward=8.93
[  213/12000]  acc=0.6000  min=0.4000  best=0.7333  reward=8.67
[  214/12000]  acc=0.6667  min=0.2667  best=0.7333  reward=8.33
[  215/12000]  acc=0.6667  min=0.3333  best=0.7333  reward=8.40
[  216/12000]  acc=0.5333  min=0.2667  best=0.7333  reward=8.07
[  217/12000]  acc=0.6000  min=0.3333  best=0.7333  reward=7.93
[  218/12000]  acc=0.6667  min=0.2667  best=0.7333  reward=8.33
[  219/12000]  acc=0.6000  min=0.4000  best=0.7333  reward=8.67
[  220/12000]  acc=0.5333  min=0.4000  best=0.7333  reward=7.73 [ckpt]
[  221/12000]  acc=0.5333  min=0.3333  best=0.7333  reward=7.67
[  222/12000]  acc=0.6667  min=0.4000  best=0.7333  reward=8.47
[  223/12000]  acc=0.4667  min=0.3333  best=0.7333  reward=7.40
[  224/12000]  acc=0.6667  min=0.3333  best=0.7333  reward=8.60
[  225/12000]  acc=0.6667  min=0.2000  best=0.7333  reward=7.73
[  226/12000]  acc=0.5333  min=0.1333  best=0.7333  reward=7.67
[  227/12000]  acc=0.5333  min=0.2667  best=0.7333  reward=7.93
[  228/12000]  acc=0.6000  min=0.2000  best=0.7333  reward=7.87
[  229/12000]  acc=0.6667  min=0.3333  best=0.7333  reward=8.67
[  230/12000]  acc=0.6667  min=0.4000  best=0.7333  reward=8.33
[  231/12000]  acc=0.5333  min=0.3333  best=0.7333  reward=8.27
[  232/12000]  acc=0.5333  min=0.2667  best=0.7333  reward=7.80
[  233/12000]  acc=0.6667  min=0.4667  best=0.7333  reward=9.33
[  234/12000]  acc=0.7333  min=0.4667  best=0.7333  reward=10.53
[  235/12000]  acc=0.6667  min=0.4667  best=0.7333  reward=9.87
[  236/12000]  acc=0.7333  min=0.4667  best=0.7333  reward=10.47
[  237/12000]  acc=0.7333  min=0.5333  best=0.7333  reward=10.47
[  238/12000]  acc=0.7333  min=0.4000  best=0.7333  reward=10.20
[  239/12000]  acc=0.6667  min=0.4000  best=0.7333  reward=9.53
[  240/12000]  acc=0.7333  min=0.4000  best=0.7333  reward=10.27 [ckpt]
[  241/12000]  acc=0.6667  min=0.3333  best=0.7333  reward=9.60
[  242/12000]  acc=0.7333  min=0.4000  best=0.7333  reward=10.20
[  243/12000]  acc=0.6667  min=0.5333  best=0.7333  reward=9.93
[  244/12000]  acc=0.6667  min=0.4667  best=0.7333  reward=9.80
[  245/12000]  acc=0.6667  min=0.4667  best=0.7333  reward=9.80
[  246/12000]  acc=0.6667  min=0.4667  best=0.7333  reward=9.73
[  247/12000]  acc=0.7333  min=0.4667  best=0.7333  reward=10.60
[  248/12000]  acc=0.7333  min=0.4667  best=0.7333  reward=10.33
[  249/12000]  acc=0.7333  min=0.4667  best=0.7333  reward=10.40
[  250/12000]  acc=0.6667  min=0.4667  best=0.7333  reward=9.60
[  251/12000]  acc=0.6667  min=0.2667  best=0.7333  reward=9.53
[  252/12000]  acc=0.7333  min=0.5333  best=0.7333  reward=10.53
[  253/12000]  acc=0.7333  min=0.5333  best=0.7333  reward=10.53
[  254/12000]  acc=0.7333  min=0.5333  best=0.7333  reward=10.80
[  255/12000]  acc=0.7333  min=0.5333  best=0.7333  reward=10.53
[  256/12000]  acc=0.7333  min=0.6000  best=0.7333  reward=10.47
[  257/12000]  acc=0.6667  min=0.2667  best=0.7333  reward=9.40
[  258/12000]  acc=0.6667  min=0.4000  best=0.7333  reward=9.67
[  259/12000]  acc=0.7333  min=0.4667  best=0.7333  reward=10.33
[  260/12000]  acc=0.7333  min=0.4667  best=0.7333  reward=10.33 [ckpt]
[  261/12000]  acc=0.7333  min=0.3333  best=0.7333  reward=10.33
[  262/12000]  acc=0.7333  min=0.4667  best=0.7333  reward=10.60
[  263/12000]  acc=0.7333  min=0.4667  best=0.7333  reward=10.47
[  264/12000]  acc=0.7333  min=0.4000  best=0.7333  reward=10.20
[  265/12000]  acc=0.7333  min=0.4667  best=0.7333  reward=10.00
[  266/12000]  acc=0.7333  min=0.4667  best=0.7333  reward=10.47
[  267/12000]  acc=0.7333  min=0.5333  best=0.7333  reward=10.60
[  268/12000]  acc=0.7333  min=0.5333  best=0.7333  reward=11.00
[  269/12000]  acc=0.7333  min=0.4000  best=0.7333  reward=10.20
[  270/12000]  acc=0.7333  min=0.6000  best=0.7333  reward=10.87
[  271/12000]  acc=0.7333  min=0.4667  best=0.7333  reward=10.67
[  272/12000]  acc=0.8000  min=0.4000  best=0.8000  reward=10.60
[  273/12000]  acc=0.6667  min=0.5333  best=0.8000  reward=9.80
[  274/12000]  acc=0.7333  min=0.4667  best=0.8000  reward=10.60
[  275/12000]  acc=0.7333  min=0.3333  best=0.8000  reward=10.27
[  276/12000]  acc=0.6667  min=0.5333  best=0.8000  reward=9.80
[  277/12000]  acc=0.6667  min=0.4667  best=0.8000  reward=9.67
[  278/12000]  acc=0.6667  min=0.5333  best=0.8000  reward=9.60
[  279/12000]  acc=0.7333  min=0.4667  best=0.8000  reward=10.20
[  280/12000]  acc=0.7333  min=0.4667  best=0.8000  reward=10.40 [ckpt]
[  281/12000]  acc=0.6667  min=0.3333  best=0.8000  reward=9.73
[  282/12000]  acc=0.7333  min=0.5333  best=0.8000  reward=10.40
[  283/12000]  acc=0.6667  min=0.4667  best=0.8000  reward=10.00
[  284/12000]  acc=0.8000  min=0.4000  best=0.8000  reward=10.87
[  285/12000]  acc=0.7333  min=0.5333  best=0.8000  reward=10.47
[  286/12000]  acc=0.7333  min=0.5333  best=0.8000  reward=10.40
[  287/12000]  acc=0.7333  min=0.4667  best=0.8000  reward=10.87
[  288/12000]  acc=0.7333  min=0.4667  best=0.8000  reward=10.47
[  289/12000]  acc=0.7333  min=0.4667  best=0.8000  reward=10.33
[  290/12000]  acc=0.7333  min=0.4667  best=0.8000  reward=10.47
[  291/12000]  acc=0.6667  min=0.4000  best=0.8000  reward=9.73
[  292/12000]  acc=0.7333  min=0.4667  best=0.8000  reward=10.33
[  293/12000]  acc=0.8000  min=0.3333  best=0.8000  reward=10.67
[  294/12000]  acc=0.8000  min=0.4667  best=0.8000  reward=10.67
[  295/12000]  acc=0.7333  min=0.4000  best=0.8000  reward=10.47
[  296/12000]  acc=0.7333  min=0.5333  best=0.8000  reward=11.27
[  297/12000]  acc=0.7333  min=0.4000  best=0.8000  reward=10.33
[  298/12000]  acc=0.7333  min=0.4667  best=0.8000  reward=10.40
[  299/12000]  acc=0.7333  min=0.4000  best=0.8000  reward=10.00
[  300/12000]  acc=0.7333  min=0.5333  best=0.8000  reward=10.67 [ckpt]
[  301/12000]  acc=0.7333  min=0.4667  best=0.8000  reward=10.40
[  302/12000]  acc=0.7333  min=0.2667  best=0.8000  reward=10.40
[  303/12000]  acc=0.7333  min=0.4000  best=0.8000  reward=10.47
[  304/12000]  acc=0.7333  min=0.5333  best=0.8000  reward=10.00
[  305/12000]  acc=0.8000  min=0.5333  best=0.8000  reward=11.00
[  306/12000]  acc=0.7333  min=0.5333  best=0.8000  reward=10.20
[  307/12000]  acc=0.8000  min=0.5333  best=0.8000  reward=10.87
[  308/12000]  acc=0.7333  min=0.5333  best=0.8000  reward=10.40
[  309/12000]  acc=0.7333  min=0.5333  best=0.8000  reward=10.67
[  310/12000]  acc=0.7333  min=0.4667  best=0.8000  reward=10.33
[  311/12000]  acc=0.6667  min=0.4667  best=0.8000  reward=9.53
[  312/12000]  acc=0.7333  min=0.4667  best=0.8000  reward=10.47
[  313/12000]  acc=0.6667  min=0.3333  best=0.8000  reward=9.67
[  314/12000]  acc=0.6667  min=0.4000  best=0.8000  reward=10.00
[  315/12000]  acc=0.6667  min=0.4667  best=0.8000  reward=9.80
[  316/12000]  acc=0.6667  min=0.3333  best=0.8000  reward=9.53
[  317/12000]  acc=0.6667  min=0.3333  best=0.8000  reward=10.00
[  318/12000]  acc=0.7333  min=0.5333  best=0.8000  reward=10.13
[  319/12000]  acc=0.7333  min=0.5333  best=0.8000  reward=10.33
[  320/12000]  acc=0.7333  min=0.4667  best=0.8000  reward=10.33 [ckpt]
[  321/12000]  acc=0.6667  min=0.4000  best=0.8000  reward=9.87
[  322/12000]  acc=0.7333  min=0.4667  best=0.8000  reward=10.53
[  323/12000]  acc=0.7333  min=0.4667  best=0.8000  reward=10.47
[  324/12000]  acc=0.8000  min=0.5333  best=0.8000  reward=10.47
[  325/12000]  acc=0.6667  min=0.5333  best=0.8000  reward=9.93
[  326/12000]  acc=0.6667  min=0.5333  best=0.8000  reward=9.87
[  327/12000]  acc=0.8000  min=0.5333  best=0.8000  reward=11.27
[  328/12000]  acc=0.6667  min=0.5333  best=0.8000  reward=10.13
[  329/12000]  acc=0.7333  min=0.3333  best=0.8000  reward=10.13
[  330/12000]  acc=0.7333  min=0.5333  best=0.8000  reward=10.13
[  331/12000]  acc=0.6667  min=0.4000  best=0.8000  reward=9.73
[  332/12000]  acc=0.6667  min=0.4000  best=0.8000  reward=10.00
[  333/12000]  acc=0.7333  min=0.4000  best=0.8000  reward=10.00
[  334/12000]  acc=0.8000  min=0.4000  best=0.8000  reward=10.20
[  335/12000]  acc=0.7333  min=0.3333  best=0.8000  reward=10.27
[  336/12000]  acc=0.6667  min=0.4667  best=0.8000  reward=9.73
[  337/12000]  acc=0.7333  min=0.5333  best=0.8000  reward=10.20
[  338/12000]  acc=0.7333  min=0.4667  best=0.8000  reward=10.47
[  339/12000]  acc=0.7333  min=0.5333  best=0.8000  reward=10.27
[  340/12000]  acc=0.7333  min=0.6667  best=0.8000  reward=10.73 [ckpt]
[  341/12000]  acc=0.7333  min=0.3333  best=0.8000  reward=9.80
[  342/12000]  acc=0.6667  min=0.4000  best=0.8000  reward=10.20
[  343/12000]  acc=0.6667  min=0.3333  best=0.8000  reward=9.73
[  344/12000]  acc=0.7333  min=0.4000  best=0.8000  reward=10.20
[  345/12000]  acc=0.8000  min=0.4000  best=0.8000  reward=10.13
[  346/12000]  acc=0.7333  min=0.4667  best=0.8000  reward=10.20
[  347/12000]  acc=0.7333  min=0.4667  best=0.8000  reward=10.07
[  348/12000]  acc=0.7333  min=0.5333  best=0.8000  reward=10.67
[  349/12000]  acc=0.8000  min=0.4667  best=0.8000  reward=10.53
[  350/12000]  acc=0.6667  min=0.4000  best=0.8000  reward=9.73
[  351/12000]  acc=0.6667  min=0.4667  best=0.8000  reward=10.07
[  352/12000]  acc=0.7333  min=0.4667  best=0.8000  reward=10.47
[  353/12000]  acc=0.6667  min=0.5333  best=0.8000  reward=9.80
[  354/12000]  acc=0.7333  min=0.2667  best=0.8000  reward=10.67
[  355/12000]  acc=0.7333  min=0.4667  best=0.8000  reward=10.40
[  356/12000]  acc=0.6667  min=0.5333  best=0.8000  reward=9.87
[  357/12000]  acc=0.6667  min=0.4000  best=0.8000  reward=10.07
[  358/12000]  acc=0.6667  min=0.4000  best=0.8000  reward=9.60
[  359/12000]  acc=0.6667  min=0.2667  best=0.8000  reward=9.47
[  360/12000]  acc=0.7333  min=0.5333  best=0.8000  reward=10.67 [ckpt]
[  361/12000]  acc=0.6667  min=0.6000  best=0.8000  reward=10.20
[  362/12000]  acc=0.8000  min=0.4000  best=0.8000  reward=10.80
[  363/12000]  acc=0.7333  min=0.5333  best=0.8000  reward=11.07
[  364/12000]  acc=0.6667  min=0.4667  best=0.8000  reward=10.20
[  365/12000]  acc=0.6667  min=0.4667  best=0.8000  reward=10.20
[  366/12000]  acc=0.7333  min=0.6000  best=0.8000  reward=10.93
[  367/12000]  acc=0.7333  min=0.6000  best=0.8000  reward=10.27
[  368/12000]  acc=0.6667  min=0.3333  best=0.8000  reward=10.40
[  369/12000]  acc=0.6667  min=0.4667  best=0.8000  reward=10.40
[  370/12000]  acc=0.6667  min=0.6000  best=0.8000  reward=10.13
[  371/12000]  acc=0.7333  min=0.5333  best=0.8000  reward=10.33
[  372/12000]  acc=0.7333  min=0.4667  best=0.8000  reward=10.27
[  373/12000]  acc=0.6667  min=0.4000  best=0.8000  reward=9.87
[  374/12000]  acc=0.6667  min=0.4667  best=0.8000  reward=9.80
[  375/12000]  acc=0.7333  min=0.3333  best=0.8000  reward=10.13
[  376/12000]  acc=0.7333  min=0.5333  best=0.8000  reward=10.47
[  377/12000]  acc=0.6667  min=0.4000  best=0.8000  reward=9.60
[  378/12000]  acc=0.6667  min=0.4000  best=0.8000  reward=9.87
[  379/12000]  acc=0.7333  min=0.5333  best=0.8000  reward=10.47
[  380/12000]  acc=0.6667  min=0.5333  best=0.8000  reward=10.20 [ckpt]
[  381/12000]  acc=0.7333  min=0.4667  best=0.8000  reward=10.00
[  382/12000]  acc=0.7333  min=0.4667  best=0.8000  reward=10.47
[  383/12000]  acc=0.6667  min=0.4000  best=0.8000  reward=10.00
[  384/12000]  acc=0.6667  min=0.4000  best=0.8000  reward=9.60
[  385/12000]  acc=0.7333  min=0.4000  best=0.8000  reward=10.27
[  386/12000]  acc=0.6667  min=0.2667  best=0.8000  reward=9.80
[  387/12000]  acc=0.7333  min=0.4667  best=0.8000  reward=10.13
[  388/12000]  acc=0.8000  min=0.2667  best=0.8000  reward=10.40
[  389/12000]  acc=0.7333  min=0.5333  best=0.8000  reward=9.93
[  390/12000]  acc=0.7333  min=0.2667  best=0.8000  reward=9.93
[  391/12000]  acc=0.6667  min=0.5333  best=0.8000  reward=9.87
[  392/12000]  acc=0.7333  min=0.4667  best=0.8000  reward=10.27
[  393/12000]  acc=0.6667  min=0.3333  best=0.8000  reward=9.73
[  394/12000]  acc=0.6000  min=0.4000  best=0.8000  reward=9.00
[  395/12000]  acc=0.4667  min=0.3333  best=0.8000  reward=8.07
[  396/12000]  acc=0.6000  min=0.3333  best=0.8000  reward=8.20
[  397/12000]  acc=0.7333  min=0.3333  best=0.8000  reward=10.20
[  398/12000]  acc=0.6667  min=0.4667  best=0.8000  reward=9.33
[  399/12000]  acc=0.6667  min=0.4000  best=0.8000  reward=9.53
[  400/12000]  acc=0.7333  min=0.3333  best=0.8000  reward=9.93 [ckpt]
[  401/12000]  acc=0.6667  min=0.4000  best=0.8000  reward=9.33
[  402/12000]  acc=0.6667  min=0.5333  best=0.8000  reward=9.53
[  403/12000]  acc=0.6667  min=0.2667  best=0.8000  reward=9.00
[  404/12000]  acc=0.7333  min=0.4667  best=0.8000  reward=10.07
[  405/12000]  acc=0.7333  min=0.4667  best=0.8000  reward=10.07
[  406/12000]  acc=0.6667  min=0.4000  best=0.8000  reward=9.60
[  407/12000]  acc=0.5333  min=0.4667  best=0.8000  reward=8.27
[  408/12000]  acc=0.7333  min=0.4667  best=0.8000  reward=10.40
[  409/12000]  acc=0.7333  min=0.4000  best=0.8000  reward=10.20
[  410/12000]  acc=0.6667  min=0.4000  best=0.8000  reward=9.20
[  411/12000]  acc=0.6667  min=0.4000  best=0.8000  reward=9.60
[  412/12000]  acc=0.7333  min=0.4667  best=0.8000  reward=9.93
[  413/12000]  acc=0.7333  min=0.4667  best=0.8000  reward=9.93
[  414/12000]  acc=0.8000  min=0.3333  best=0.8000  reward=9.87
[  415/12000]  acc=0.6000  min=0.4000  best=0.8000  reward=8.53
[  416/12000]  acc=0.7333  min=0.3333  best=0.8000  reward=9.27
[  417/12000]  acc=0.6667  min=0.4000  best=0.8000  reward=9.27
[  418/12000]  acc=0.6667  min=0.5333  best=0.8000  reward=9.73
[  419/12000]  acc=0.6000  min=0.4000  best=0.8000  reward=8.53
[  420/12000]  acc=0.6667  min=0.4667  best=0.8000  reward=9.60 [ckpt]
[  421/12000]  acc=0.6667  min=0.4000  best=0.8000  reward=9.40
[  422/12000]  acc=0.6667  min=0.3333  best=0.8000  reward=9.27
[  423/12000]  acc=0.6667  min=0.5333  best=0.8000  reward=10.20
[  424/12000]  acc=0.6667  min=0.4667  best=0.8000  reward=9.87
[  425/12000]  acc=0.6667  min=0.4667  best=0.8000  reward=9.60
[  426/12000]  acc=0.6667  min=0.4667  best=0.8000  reward=9.40
[  427/12000]  acc=0.6667  min=0.4667  best=0.8000  reward=9.53
[  428/12000]  acc=0.7333  min=0.4000  best=0.8000  reward=9.93
[  429/12000]  acc=0.6667  min=0.4667  best=0.8000  reward=9.60
[  430/12000]  acc=0.6667  min=0.4667  best=0.8000  reward=9.33
[  431/12000]  acc=0.6667  min=0.4000  best=0.8000  reward=9.47
[  432/12000]  acc=0.6667  min=0.4667  best=0.8000  reward=9.27
[  433/12000]  acc=0.6667  min=0.3333  best=0.8000  reward=9.67
[  434/12000]  acc=0.7333  min=0.4667  best=0.8000  reward=10.73
[  435/12000]  acc=0.6667  min=0.4000  best=0.8000  reward=9.60
[  436/12000]  acc=0.6667  min=0.3333  best=0.8000  reward=9.67
[  437/12000]  acc=0.7333  min=0.4667  best=0.8000  reward=9.73
[  438/12000]  acc=0.6667  min=0.3333  best=0.8000  reward=9.67
[  439/12000]  acc=0.6667  min=0.3333  best=0.8000  reward=9.13
[  440/12000]  acc=0.6667  min=0.4667  best=0.8000  reward=9.60 [ckpt]
[  441/12000]  acc=0.6667  min=0.4000  best=0.8000  reward=9.47
[  442/12000]  acc=0.6667  min=0.3333  best=0.8000  reward=9.33
[  443/12000]  acc=0.6667  min=0.3333  best=0.8000  reward=8.53
[  444/12000]  acc=0.6000  min=0.3333  best=0.8000  reward=8.33
[  445/12000]  acc=0.5333  min=0.3333  best=0.8000  reward=7.13
[  446/12000]  acc=0.6000  min=0.3333  best=0.8000  reward=7.80
[  447/12000]  acc=0.6000  min=0.2667  best=0.8000  reward=7.87
[  448/12000]  acc=0.4000  min=0.2667  best=0.8000  reward=6.93
[  449/12000]  acc=0.6667  min=0.3333  best=0.8000  reward=8.87
[  450/12000]  acc=0.5333  min=0.2667  best=0.8000  reward=7.47
[  451/12000]  acc=0.4667  min=0.3333  best=0.8000  reward=7.40
[  452/12000]  acc=0.7333  min=0.3333  best=0.8000  reward=9.40
[  453/12000]  acc=0.6000  min=0.4000  best=0.8000  reward=8.13
[  454/12000]  acc=0.6667  min=0.3333  best=0.8000  reward=8.73
[  455/12000]  acc=0.6667  min=0.2667  best=0.8000  reward=8.20
[  456/12000]  acc=0.4667  min=0.3333  best=0.8000  reward=7.27
[  457/12000]  acc=0.6667  min=0.3333  best=0.8000  reward=8.60
[  458/12000]  acc=0.6667  min=0.4000  best=0.8000  reward=8.93
[  459/12000]  acc=0.6000  min=0.2667  best=0.8000  reward=7.67
[  460/12000]  acc=0.6667  min=0.2667  best=0.8000  reward=8.53 [ckpt]
[  461/12000]  acc=0.4667  min=0.4000  best=0.8000  reward=7.27
[  462/12000]  acc=0.6667  min=0.2000  best=0.8000  reward=8.67
[  463/12000]  acc=0.7333  min=0.3333  best=0.8000  reward=9.13
[  464/12000]  acc=0.7333  min=0.4000  best=0.8000  reward=9.67
[  465/12000]  acc=0.7333  min=0.4667  best=0.8000  reward=9.67
[  466/12000]  acc=0.6667  min=0.4000  best=0.8000  reward=9.67
[  467/12000]  acc=0.6667  min=0.3333  best=0.8000  reward=9.73
[  468/12000]  acc=0.6667  min=0.3333  best=0.8000  reward=9.60
[  469/12000]  acc=0.6667  min=0.4667  best=0.8000  reward=9.87
[  470/12000]  acc=0.6667  min=0.4000  best=0.8000  reward=10.20
[  471/12000]  acc=0.6667  min=0.4000  best=0.8000  reward=10.20
[  472/12000]  acc=0.8000  min=0.3333  best=0.8000  reward=10.60
[  473/12000]  acc=0.7333  min=0.4667  best=0.8000  reward=10.40
[  474/12000]  acc=0.8000  min=0.4667  best=0.8000  reward=10.33
[  475/12000]  acc=0.7333  min=0.4667  best=0.8000  reward=10.27
[  476/12000]  acc=0.7333  min=0.4000  best=0.8000  reward=10.13
[  477/12000]  acc=0.7333  min=0.4667  best=0.8000  reward=10.33
[  478/12000]  acc=0.7333  min=0.5333  best=0.8000  reward=10.20
[  479/12000]  acc=0.6667  min=0.4667  best=0.8000  reward=9.80
[  480/12000]  acc=0.6667  min=0.4000  best=0.8000  reward=9.80 [ckpt]
[  481/12000]  acc=0.8000  min=0.6000  best=0.8000  reward=10.93
[  482/12000]  acc=0.6667  min=0.4667  best=0.8000  reward=9.40
[  483/12000]  acc=0.8000  min=0.4000  best=0.8000  reward=10.73
[  484/12000]  acc=0.6667  min=0.4000  best=0.8000  reward=9.40
[  485/12000]  acc=0.7333  min=0.5333  best=0.8000  reward=10.53
[  486/12000]  acc=0.6667  min=0.5333  best=0.8000  reward=9.80
[  487/12000]  acc=0.6667  min=0.3333  best=0.8000  reward=10.00
[  488/12000]  acc=0.6667  min=0.4667  best=0.8000  reward=9.67
[  489/12000]  acc=0.7333  min=0.4667  best=0.8000  reward=9.80
[  490/12000]  acc=0.6667  min=0.6000  best=0.8000  reward=10.13
[  491/12000]  acc=0.7333  min=0.4667  best=0.8000  reward=10.33
[  492/12000]  acc=0.7333  min=0.4667  best=0.8000  reward=10.60
[  493/12000]  acc=0.7333  min=0.4667  best=0.8000  reward=10.40
[  494/12000]  acc=0.6667  min=0.4667  best=0.8000  reward=9.73
[  495/12000]  acc=0.7333  min=0.3333  best=0.8000  reward=10.20
[  496/12000]  acc=0.7333  min=0.4000  best=0.8000  reward=10.07
[  497/12000]  acc=0.7333  min=0.4000  best=0.8000  reward=10.07
[  498/12000]  acc=0.7333  min=0.4667  best=0.8000  reward=10.00
[  499/12000]  acc=0.7333  min=0.4000  best=0.8000  reward=10.40
[  500/12000]  acc=0.6667  min=0.4667  best=0.8000  reward=9.60 [ckpt]
[  501/12000]  acc=0.6667  min=0.3333  best=0.8000  reward=9.40
[  502/12000]  acc=0.7333  min=0.4000  best=0.8000  reward=10.33
[  503/12000]  acc=0.8000  min=0.4000  best=0.8000  reward=10.80
[  504/12000]  acc=0.6667  min=0.5333  best=0.8000  reward=10.13
[  505/12000]  acc=0.6667  min=0.4000  best=0.8000  reward=9.87
[  506/12000]  acc=0.7333  min=0.4667  best=0.8000  reward=10.73
[  507/12000]  acc=0.6667  min=0.5333  best=0.8000  reward=9.67
[  508/12000]  acc=0.7333  min=0.4667  best=0.8000  reward=9.80
[  509/12000]  acc=0.7333  min=0.5333  best=0.8000  reward=10.13
[  510/12000]  acc=0.8000  min=0.4667  best=0.8000  reward=10.93
[  511/12000]  acc=0.6667  min=0.2667  best=0.8000  reward=9.67
[  512/12000]  acc=0.6667  min=0.5333  best=0.8000  reward=10.20
[  513/12000]  acc=0.7333  min=0.3333  best=0.8000  reward=10.27
[  514/12000]  acc=0.8000  min=0.5333  best=0.8000  reward=10.73
[  515/12000]  acc=0.7333  min=0.3333  best=0.8000  reward=10.07
[  516/12000]  acc=0.7333  min=0.4667  best=0.8000  reward=10.20
[  517/12000]  acc=0.6667  min=0.4667  best=0.8000  reward=10.00
[  518/12000]  acc=0.6667  min=0.5333  best=0.8000  reward=10.20
[  519/12000]  acc=0.7333  min=0.4667  best=0.8000  reward=10.47
[  520/12000]  acc=0.8000  min=0.4667  best=0.8000  reward=11.00 [ckpt]
[  521/12000]  acc=0.7333  min=0.4667  best=0.8000  reward=10.47
[  522/12000]  acc=0.6667  min=0.5333  best=0.8000  reward=9.93
[  523/12000]  acc=0.7333  min=0.5333  best=0.8000  reward=10.40
[  524/12000]  acc=0.7333  min=0.4000  best=0.8000  reward=10.53
[  525/12000]  acc=0.8000  min=0.6000  best=0.8000  reward=10.33
[  526/12000]  acc=0.6667  min=0.4667  best=0.8000  reward=9.93
[  527/12000]  acc=0.6667  min=0.4000  best=0.8000  reward=10.27
[  528/12000]  acc=0.6667  min=0.4667  best=0.8000  reward=9.87
[  529/12000]  acc=0.7333  min=0.4667  best=0.8000  reward=9.93
[  530/12000]  acc=0.7333  min=0.3333  best=0.8000  reward=10.20
[  531/12000]  acc=0.6667  min=0.4000  best=0.8000  reward=9.73
[  532/12000]  acc=0.8000  min=0.6000  best=0.8000  reward=11.20
[  533/12000]  acc=0.7333  min=0.4667  best=0.8000  reward=10.13
[  534/12000]  acc=0.7333  min=0.2667  best=0.8000  reward=10.27
[  535/12000]  acc=0.6667  min=0.4667  best=0.8000  reward=9.67
[  536/12000]  acc=0.6667  min=0.4667  best=0.8000  reward=9.67
[  537/12000]  acc=0.6667  min=0.5333  best=0.8000  reward=9.93
[  538/12000]  acc=0.6667  min=0.4000  best=0.8000  reward=10.27
[  539/12000]  acc=0.6667  min=0.5333  best=0.8000  reward=9.87
[  540/12000]  acc=0.6667  min=0.4667  best=0.8000  reward=10.00 [ckpt]
[  541/12000]  acc=0.6667  min=0.4000  best=0.8000  reward=10.07
[  542/12000]  acc=0.8000  min=0.4000  best=0.8000  reward=11.20
[  543/12000]  acc=0.6667  min=0.4667  best=0.8000  reward=9.67
[  544/12000]  acc=0.7333  min=0.4000  best=0.8000  reward=10.40
[  545/12000]  acc=0.7333  min=0.4667  best=0.8000  reward=9.87
[  546/12000]  acc=0.8000  min=0.4000  best=0.8000  reward=10.20
[  547/12000]  acc=0.7333  min=0.3333  best=0.8000  reward=10.33
[  548/12000]  acc=0.6667  min=0.4667  best=0.8000  reward=9.80
[  549/12000]  acc=0.6667  min=0.4667  best=0.8000  reward=9.87
[  550/12000]  acc=0.7333  min=0.3333  best=0.8000  reward=9.80
[  551/12000]  acc=0.7333  min=0.3333  best=0.8000  reward=10.53
[  552/12000]  acc=0.6667  min=0.6000  best=0.8000  reward=10.13
[  553/12000]  acc=0.7333  min=0.4000  best=0.8000  reward=10.40
[  554/12000]  acc=0.6667  min=0.4667  best=0.8000  reward=10.20
[  555/12000]  acc=0.6667  min=0.4667  best=0.8000  reward=9.87
[  556/12000]  acc=0.6667  min=0.4667  best=0.8000  reward=9.93
[  557/12000]  acc=0.6667  min=0.4667  best=0.8000  reward=10.20
[  558/12000]  acc=0.7333  min=0.5333  best=0.8000  reward=10.60
[  559/12000]  acc=0.7333  min=0.4000  best=0.8000  reward=10.80
[  560/12000]  acc=0.6667  min=0.4000  best=0.8000  reward=9.87 [ckpt]
[  561/12000]  acc=0.6667  min=0.5333  best=0.8000  reward=9.87
[  562/12000]  acc=0.8000  min=0.4667  best=0.8000  reward=10.67
[  563/12000]  acc=0.7333  min=0.4667  best=0.8000  reward=10.27
[  564/12000]  acc=0.7333  min=0.4667  best=0.8000  reward=10.47
[  565/12000]  acc=0.7333  min=0.4000  best=0.8000  reward=9.67
[  566/12000]  acc=0.7333  min=0.4000  best=0.8000  reward=10.27
[  567/12000]  acc=0.8000  min=0.3333  best=0.8000  reward=10.40
[  568/12000]  acc=0.7333  min=0.4667  best=0.8000  reward=10.27
[  569/12000]  acc=0.7333  min=0.4000  best=0.8000  reward=10.20
[  570/12000]  acc=0.6667  min=0.4000  best=0.8000  reward=9.67
[  571/12000]  acc=0.7333  min=0.4667  best=0.8000  reward=10.33
[  572/12000]  acc=0.7333  min=0.4667  best=0.8000  reward=10.60
[  573/12000]  acc=0.8000  min=0.3333  best=0.8000  reward=10.67
[  574/12000]  acc=0.7333  min=0.5333  best=0.8000  reward=10.73
[  575/12000]  acc=0.7333  min=0.5333  best=0.8000  reward=10.53
[  576/12000]  acc=0.8000  min=0.4000  best=0.8000  reward=11.00
[  577/12000]  acc=0.6667  min=0.4000  best=0.8000  reward=9.53
[  578/12000]  acc=0.7333  min=0.5333  best=0.8000  reward=10.67
[  579/12000]  acc=0.6667  min=0.5333  best=0.8000  reward=9.87
[  580/12000]  acc=0.7333  min=0.4000  best=0.8000  reward=10.00 [ckpt]
[  581/12000]  acc=0.6667  min=0.5333  best=0.8000  reward=10.40
[  582/12000]  acc=0.6667  min=0.4000  best=0.8000  reward=10.47
[  583/12000]  acc=0.6667  min=0.4667  best=0.8000  reward=10.33
[  584/12000]  acc=0.6667  min=0.2667  best=0.8000  reward=9.27
[  585/12000]  acc=0.7333  min=0.2667  best=0.8000  reward=10.20
[  586/12000]  acc=0.6667  min=0.4667  best=0.8000  reward=10.20
[  587/12000]  acc=0.6667  min=0.4000  best=0.8000  reward=9.67
[  588/12000]  acc=0.6667  min=0.4667  best=0.8000  reward=9.80
[  589/12000]  acc=0.7333  min=0.4000  best=0.8000  reward=10.73
[  590/12000]  acc=0.7333  min=0.5333  best=0.8000  reward=10.60
[  591/12000]  acc=0.7333  min=0.4667  best=0.8000  reward=10.47
[  592/12000]  acc=0.6667  min=0.3333  best=0.8000  reward=9.67
[  593/12000]  acc=0.6667  min=0.4667  best=0.8000  reward=9.80
[  594/12000]  acc=0.6667  min=0.5333  best=0.8000  reward=10.07
[  595/12000]  acc=0.6667  min=0.5333  best=0.8000  reward=10.13
[  596/12000]  acc=0.6667  min=0.4667  best=0.8000  reward=10.33
[  597/12000]  acc=0.8000  min=0.3333  best=0.8000  reward=10.40
[  598/12000]  acc=0.7333  min=0.4667  best=0.8000  reward=10.27
[  599/12000]  acc=0.7333  min=0.4000  best=0.8000  reward=10.13
[  600/12000]  acc=0.6667  min=0.2000  best=0.8000  reward=9.53 [ckpt]
[  601/12000]  acc=0.6667  min=0.2667  best=0.8000  reward=9.47
[  602/12000]  acc=0.6667  min=0.3333  best=0.8000  reward=9.60
[  603/12000]  acc=0.8000  min=0.4000  best=0.8000  reward=10.73
[  604/12000]  acc=0.6667  min=0.4000  best=0.8000  reward=9.73
[  605/12000]  acc=0.6667  min=0.4667  best=0.8000  reward=9.80
[  606/12000]  acc=0.7333  min=0.5333  best=0.8000  reward=10.20
[  607/12000]  acc=0.7333  min=0.3333  best=0.8000  reward=9.80
[  608/12000]  acc=0.7333  min=0.4667  best=0.8000  reward=10.40
[  609/12000]  acc=0.7333  min=0.3333  best=0.8000  reward=10.47
[  610/12000]  acc=0.6667  min=0.4000  best=0.8000  reward=9.67
[  611/12000]  acc=0.8000  min=0.4000  best=0.8000  reward=10.13
[  612/12000]  acc=0.8000  min=0.3333  best=0.8000  reward=10.47
[  613/12000]  acc=0.7333  min=0.4667  best=0.8000  reward=10.00
[  614/12000]  acc=0.6667  min=0.4667  best=0.8000  reward=9.60
[  615/12000]  acc=0.7333  min=0.4000  best=0.8000  reward=10.53
[  616/12000]  acc=0.7333  min=0.4667  best=0.8000  reward=10.60
[  617/12000]  acc=0.6667  min=0.4000  best=0.8000  reward=9.53
[  618/12000]  acc=0.7333  min=0.2667  best=0.8000  reward=9.93
[  619/12000]  acc=0.6667  min=0.3333  best=0.8000  reward=9.40
[  620/12000]  acc=0.6667  min=0.4667  best=0.8000  reward=9.73 [ckpt]
[  621/12000]  acc=0.7333  min=0.4667  best=0.8000  reward=10.53
[  622/12000]  acc=0.7333  min=0.3333  best=0.8000  reward=10.47
[  623/12000]  acc=0.6667  min=0.5333  best=0.8000  reward=9.87
[  624/12000]  acc=0.7333  min=0.5333  best=0.8000  reward=10.33
[  625/12000]  acc=0.7333  min=0.4000  best=0.8000  reward=10.00
[  626/12000]  acc=0.7333  min=0.4000  best=0.8000  reward=10.53
[  627/12000]  acc=0.7333  min=0.4000  best=0.8000  reward=9.87
[  628/12000]  acc=0.7333  min=0.2667  best=0.8000  reward=10.27
[  629/12000]  acc=0.7333  min=0.4000  best=0.8000  reward=10.07
[  630/12000]  acc=0.7333  min=0.4667  best=0.8000  reward=10.53
[  631/12000]  acc=0.7333  min=0.2667  best=0.8000  reward=10.27
[  632/12000]  acc=0.7333  min=0.5333  best=0.8000  reward=10.07
[  633/12000]  acc=0.7333  min=0.3333  best=0.8000  reward=10.60
[  634/12000]  acc=0.7333  min=0.3333  best=0.8000  reward=10.20
[  635/12000]  acc=0.7333  min=0.4000  best=0.8000  reward=10.53
[  636/12000]  acc=0.6667  min=0.4667  best=0.8000  reward=9.87
[  637/12000]  acc=0.6667  min=0.4667  best=0.8000  reward=9.93
[  638/12000]  acc=0.7333  min=0.4000  best=0.8000  reward=10.47
[  639/12000]  acc=0.7333  min=0.4000  best=0.8000  reward=10.53
[  640/12000]  acc=0.7333  min=0.4667  best=0.8000  reward=10.67 [ckpt]
[  641/12000]  acc=0.7333  min=0.4000  best=0.8000  reward=10.73
[  642/12000]  acc=0.7333  min=0.4000  best=0.8000  reward=9.93
[  643/12000]  acc=0.6667  min=0.4667  best=0.8000  reward=9.73
[  644/12000]  acc=0.7333  min=0.4667  best=0.8000  reward=10.33
[  645/12000]  acc=0.7333  min=0.4667  best=0.8000  reward=10.60
[  646/12000]  acc=0.6667  min=0.4667  best=0.8000  reward=9.67
[  647/12000]  acc=0.8000  min=0.4000  best=0.8000  reward=10.33
[  648/12000]  acc=0.7333  min=0.4667  best=0.8000  reward=10.33
[  649/12000]  acc=0.6667  min=0.4667  best=0.8000  reward=9.80
[  650/12000]  acc=0.6667  min=0.3333  best=0.8000  reward=9.67
[  651/12000]  acc=0.7333  min=0.5333  best=0.8000  reward=10.73
[  652/12000]  acc=0.6667  min=0.5333  best=0.8000  reward=10.27
[  653/12000]  acc=0.6667  min=0.4000  best=0.8000  reward=9.80
[  654/12000]  acc=0.6667  min=0.4667  best=0.8000  reward=9.80
[  655/12000]  acc=0.6667  min=0.4667  best=0.8000  reward=9.67
[  656/12000]  acc=0.7333  min=0.4000  best=0.8000  reward=10.27
[  657/12000]  acc=0.6667  min=0.3333  best=0.8000  reward=10.07
[  658/12000]  acc=0.7333  min=0.4000  best=0.8000  reward=10.07
[  659/12000]  acc=0.6667  min=0.4000  best=0.8000  reward=9.73
[  660/12000]  acc=0.8000  min=0.4667  best=0.8000  reward=10.27 [ckpt]
[  661/12000]  acc=0.7333  min=0.2667  best=0.8000  reward=10.20
[  662/12000]  acc=0.6667  min=0.4667  best=0.8000  reward=9.73
[  663/12000]  acc=0.7333  min=0.4000  best=0.8000  reward=10.20
[  664/12000]  acc=0.7333  min=0.4000  best=0.8000  reward=10.00
[  665/12000]  acc=0.6667  min=0.4000  best=0.8000  reward=9.87
[  666/12000]  acc=0.8000  min=0.4000  best=0.8000  reward=10.73
[  667/12000]  acc=0.7333  min=0.4000  best=0.8000  reward=10.33
[  668/12000]  acc=0.7333  min=0.4667  best=0.8000  reward=10.07
[  669/12000]  acc=0.7333  min=0.4667  best=0.8000  reward=10.27
[  670/12000]  acc=0.6667  min=0.4000  best=0.8000  reward=9.53
[  671/12000]  acc=0.6667  min=0.5333  best=0.8000  reward=10.33
[  672/12000]  acc=0.6667  min=0.4000  best=0.8000  reward=9.73
[  673/12000]  acc=0.6667  min=0.2000  best=0.8000  reward=9.40
[  674/12000]  acc=0.7333  min=0.2667  best=0.8000  reward=10.00
[  675/12000]  acc=0.6667  min=0.4000  best=0.8000  reward=9.67
[  676/12000]  acc=0.6667  min=0.4667  best=0.8000  reward=9.53
[  677/12000]  acc=0.6667  min=0.4000  best=0.8000  reward=9.53
[  678/12000]  acc=0.7333  min=0.4667  best=0.8000  reward=10.60
[  679/12000]  acc=0.6667  min=0.2667  best=0.8000  reward=9.53
[  680/12000]  acc=0.7333  min=0.4000  best=0.8000  reward=10.13 [ckpt]
[  681/12000]  acc=0.6667  min=0.4667  best=0.8000  reward=9.80
[  682/12000]  acc=0.8000  min=0.4000  best=0.8000  reward=10.07
[  683/12000]  acc=0.6667  min=0.4667  best=0.8000  reward=9.53
[  684/12000]  acc=0.6667  min=0.4000  best=0.8000  reward=9.53
[  685/12000]  acc=0.6667  min=0.2000  best=0.8000  reward=9.20
[  686/12000]  acc=0.6667  min=0.3333  best=0.8000  reward=9.60
[  687/12000]  acc=0.7333  min=0.4667  best=0.8000  reward=10.20
[  688/12000]  acc=0.6667  min=0.4667  best=0.8000  reward=9.80
[  689/12000]  acc=0.6667  min=0.4000  best=0.8000  reward=10.00
[  690/12000]  acc=0.7333  min=0.3333  best=0.8000  reward=10.27
[  691/12000]  acc=0.7333  min=0.4667  best=0.8000  reward=10.20
[  692/12000]  acc=0.7333  min=0.3333  best=0.8000  reward=10.07
[  693/12000]  acc=0.6667  min=0.4667  best=0.8000  reward=9.87
[  694/12000]  acc=0.8000  min=0.5333  best=0.8000  reward=10.93
[  695/12000]  acc=0.6667  min=0.4000  best=0.8000  reward=9.40
[  696/12000]  acc=0.6667  min=0.4000  best=0.8000  reward=10.07
[  697/12000]  acc=0.7333  min=0.4667  best=0.8000  reward=10.13
[  698/12000]  acc=0.6667  min=0.3333  best=0.8000  reward=9.67
[  699/12000]  acc=0.7333  min=0.5333  best=0.8000  reward=10.07
[  700/12000]  acc=0.7333  min=0.3333  best=0.8000  reward=10.33 [ckpt]
[  701/12000]  acc=0.7333  min=0.4667  best=0.8000  reward=10.73
[  702/12000]  acc=0.6667  min=0.4000  best=0.8000  reward=9.47
[  703/12000]  acc=0.8000  min=0.4000  best=0.8000  reward=10.13
[  704/12000]  acc=0.7333  min=0.4000  best=0.8000  reward=10.27
[  705/12000]  acc=0.6667  min=0.4000  best=0.8000  reward=9.80
[  706/12000]  acc=0.6667  min=0.3333  best=0.8000  reward=9.73
[  707/12000]  acc=0.6667  min=0.4667  best=0.8000  reward=9.80
[  708/12000]  acc=0.7333  min=0.4667  best=0.8000  reward=10.53
[  709/12000]  acc=0.6667  min=0.5333  best=0.8000  reward=9.60
[  710/12000]  acc=0.7333  min=0.5333  best=0.8000  reward=10.40
[  711/12000]  acc=0.7333  min=0.4000  best=0.8000  reward=10.33
[  712/12000]  acc=0.6667  min=0.2667  best=0.8000  reward=9.67
[  713/12000]  acc=0.6667  min=0.4667  best=0.8000  reward=9.67
[  714/12000]  acc=0.6667  min=0.4667  best=0.8000  reward=9.87
[  715/12000]  acc=0.6667  min=0.4667  best=0.8000  reward=9.80
[  716/12000]  acc=0.6667  min=0.3333  best=0.8000  reward=9.47
[  717/12000]  acc=0.6667  min=0.4000  best=0.8000  reward=10.07
[  718/12000]  acc=0.6667  min=0.4667  best=0.8000  reward=9.67
[  719/12000]  acc=0.6667  min=0.4667  best=0.8000  reward=9.53
[  720/12000]  acc=0.6667  min=0.3333  best=0.8000  reward=9.87 [ckpt]
[  721/12000]  acc=0.6667  min=0.4000  best=0.8000  reward=9.67
[  722/12000]  acc=0.7333  min=0.4667  best=0.8000  reward=10.60
[  723/12000]  acc=0.6667  min=0.4667  best=0.8000  reward=10.20
[  724/12000]  acc=0.6667  min=0.4000  best=0.8000  reward=9.67
[  725/12000]  acc=0.7333  min=0.4667  best=0.8000  reward=10.53
[  726/12000]  acc=0.6667  min=0.4667  best=0.8000  reward=9.73
[  727/12000]  acc=0.6667  min=0.4000  best=0.8000  reward=9.40
[  728/12000]  acc=0.6667  min=0.5333  best=0.8000  reward=9.80
[  729/12000]  acc=0.7333  min=0.3333  best=0.8000  reward=10.53
[  730/12000]  acc=0.6667  min=0.2667  best=0.8000  reward=10.07
[  731/12000]  acc=0.6667  min=0.2667  best=0.8000  reward=9.40
[  732/12000]  acc=0.7333  min=0.4667  best=0.8000  reward=10.00
[  733/12000]  acc=0.7333  min=0.4000  best=0.8000  reward=10.27
[  734/12000]  acc=0.6667  min=0.5333  best=0.8000  reward=10.13
[  735/12000]  acc=0.6667  min=0.5333  best=0.8000  reward=9.93
[  736/12000]  acc=0.7333  min=0.4667  best=0.8000  reward=10.40
[  737/12000]  acc=0.7333  min=0.4000  best=0.8000  reward=10.53
[  738/12000]  acc=0.6667  min=0.3333  best=0.8000  reward=9.40
[  739/12000]  acc=0.6667  min=0.4667  best=0.8000  reward=9.73
[  740/12000]  acc=0.7333  min=0.3333  best=0.8000  reward=10.13 [ckpt]
[  741/12000]  acc=0.7333  min=0.4667  best=0.8000  reward=10.47
[  742/12000]  acc=0.6667  min=0.4667  best=0.8000  reward=9.80
[  743/12000]  acc=0.7333  min=0.4000  best=0.8000  reward=10.53
[  744/12000]  acc=0.6667  min=0.4667  best=0.8000  reward=9.67
[  745/12000]  acc=0.8000  min=0.5333  best=0.8000  reward=10.87
[  746/12000]  acc=0.7333  min=0.2667  best=0.8000  reward=10.27
[  747/12000]  acc=0.6667  min=0.5333  best=0.8000  reward=10.00
[  748/12000]  acc=0.6667  min=0.5333  best=0.8000  reward=9.87
[  749/12000]  acc=0.7333  min=0.4000  best=0.8000  reward=10.53
[  750/12000]  acc=0.6667  min=0.5333  best=0.8000  reward=10.00
[  751/12000]  acc=0.7333  min=0.5333  best=0.8000  reward=10.27
[  752/12000]  acc=0.7333  min=0.4667  best=0.8000  reward=10.40
[  753/12000]  acc=0.7333  min=0.4000  best=0.8000  reward=9.73
[  754/12000]  acc=0.7333  min=0.4000  best=0.8000  reward=10.20
[  755/12000]  acc=0.7333  min=0.4667  best=0.8000  reward=10.40
[  756/12000]  acc=0.7333  min=0.2667  best=0.8000  reward=9.80
[  757/12000]  acc=0.6667  min=0.4000  best=0.8000  reward=9.73
[  758/12000]  acc=0.7333  min=0.5333  best=0.8000  reward=9.80
[  759/12000]  acc=0.6667  min=0.3333  best=0.8000  reward=9.80
[  760/12000]  acc=0.6667  min=0.4000  best=0.8000  reward=9.60 [ckpt]
[  761/12000]  acc=0.6667  min=0.4667  best=0.8000  reward=9.87
[  762/12000]  acc=0.6667  min=0.4000  best=0.8000  reward=9.80
[  763/12000]  acc=0.7333  min=0.4000  best=0.8000  reward=10.47
[  764/12000]  acc=0.7333  min=0.4667  best=0.8000  reward=10.13
[  765/12000]  acc=0.7333  min=0.4000  best=0.8000  reward=10.60
[  766/12000]  acc=0.6667  min=0.4000  best=0.8000  reward=9.60
[  767/12000]  acc=0.7333  min=0.4000  best=0.8000  reward=10.73
[  768/12000]  acc=0.7333  min=0.4000  best=0.8000  reward=10.33
[  769/12000]  acc=0.6667  min=0.5333  best=0.8000  reward=10.33
[  770/12000]  acc=0.7333  min=0.3333  best=0.8000  reward=10.27
[  771/12000]  acc=0.7333  min=0.4667  best=0.8000  reward=10.47
[  772/12000]  acc=0.6667  min=0.4667  best=0.8000  reward=9.80
[  773/12000]  acc=0.6667  min=0.4667  best=0.8000  reward=9.60
[  774/12000]  acc=0.6667  min=0.4000  best=0.8000  reward=9.73
[  775/12000]  acc=0.6667  min=0.4667  best=0.8000  reward=10.20
[  776/12000]  acc=0.7333  min=0.3333  best=0.8000  reward=10.33
[  777/12000]  acc=0.6667  min=0.5333  best=0.8000  reward=10.13
[  778/12000]  acc=0.7333  min=0.4000  best=0.8000  reward=10.33
[  779/12000]  acc=0.7333  min=0.4667  best=0.8000  reward=10.07
[  780/12000]  acc=0.7333  min=0.4000  best=0.8000  reward=10.07 [ckpt]
[  781/12000]  acc=0.6667  min=0.4000  best=0.8000  reward=9.73
[  782/12000]  acc=0.6667  min=0.4667  best=0.8000  reward=9.87
[  783/12000]  acc=0.6667  min=0.4000  best=0.8000  reward=9.80
[  784/12000]  acc=0.6667  min=0.2667  best=0.8000  reward=9.67
[  785/12000]  acc=0.6667  min=0.4667  best=0.8000  reward=9.87
[  786/12000]  acc=0.7333  min=0.4667  best=0.8000  reward=10.20
[  787/12000]  acc=0.6667  min=0.5333  best=0.8000  reward=10.33
[  788/12000]  acc=0.7333  min=0.2667  best=0.8000  reward=10.20
[  789/12000]  acc=0.7333  min=0.4000  best=0.8000  reward=9.73
[  790/12000]  acc=0.7333  min=0.6000  best=0.8000  reward=10.53
[  791/12000]  acc=0.6667  min=0.3333  best=0.8000  reward=9.73
[  792/12000]  acc=0.7333  min=0.2667  best=0.8000  reward=10.00
[  793/12000]  acc=0.7333  min=0.4667  best=0.8000  reward=10.40
[  794/12000]  acc=0.7333  min=0.5333  best=0.8000  reward=11.00
[  795/12000]  acc=0.7333  min=0.5333  best=0.8000  reward=10.53
[  796/12000]  acc=0.7333  min=0.3333  best=0.8000  reward=10.47
[  797/12000]  acc=0.7333  min=0.4667  best=0.8000  reward=10.67
[  798/12000]  acc=0.6667  min=0.4667  best=0.8000  reward=10.07
[  799/12000]  acc=0.7333  min=0.4000  best=0.8000  reward=10.40
[  800/12000]  acc=0.7333  min=0.3333  best=0.8000  reward=10.40 [ckpt]
[  801/12000]  acc=0.6667  min=0.4000  best=0.8000  reward=9.67
[  802/12000]  acc=0.7333  min=0.5333  best=0.8000  reward=10.13
[  803/12000]  acc=0.6667  min=0.4000  best=0.8000  reward=9.80
[  804/12000]  acc=0.6667  min=0.5333  best=0.8000  reward=9.87
[  805/12000]  acc=0.6667  min=0.3333  best=0.8000  reward=9.67
[  806/12000]  acc=0.7333  min=0.3333  best=0.8000  reward=10.33
[  807/12000]  acc=0.7333  min=0.3333  best=0.8000  reward=10.13
[  808/12000]  acc=0.6667  min=0.4667  best=0.8000  reward=9.73
[  809/12000]  acc=0.6667  min=0.3333  best=0.8000  reward=9.60
[  810/12000]  acc=0.7333  min=0.4000  best=0.8000  reward=10.40
[  811/12000]  acc=0.6667  min=0.4667  best=0.8000  reward=10.00
[  812/12000]  acc=0.6667  min=0.4667  best=0.8000  reward=10.00
[  813/12000]  acc=0.6667  min=0.4000  best=0.8000  reward=9.53
[  814/12000]  acc=0.6667  min=0.5333  best=0.8000  reward=9.93
[  815/12000]  acc=0.6667  min=0.5333  best=0.8000  reward=10.20
[  816/12000]  acc=0.6667  min=0.2000  best=0.8000  reward=9.47
[  817/12000]  acc=0.6667  min=0.4667  best=0.8000  reward=10.13
[  818/12000]  acc=0.7333  min=0.3333  best=0.8000  reward=9.87
[  819/12000]  acc=0.7333  min=0.2667  best=0.8000  reward=9.73
[  820/12000]  acc=0.7333  min=0.4667  best=0.8000  reward=10.60 [ckpt]
[  821/12000]  acc=0.6667  min=0.3333  best=0.8000  reward=9.73
[  822/12000]  acc=0.7333  min=0.2667  best=0.8000  reward=10.33
[  823/12000]  acc=0.6667  min=0.4667  best=0.8000  reward=10.00
[  824/12000]  acc=0.7333  min=0.3333  best=0.8000  reward=10.27
[  825/12000]  acc=0.6667  min=0.4000  best=0.8000  reward=10.33
[  826/12000]  acc=0.6667  min=0.4000  best=0.8000  reward=9.87
[  827/12000]  acc=0.7333  min=0.5333  best=0.8000  reward=10.60
[  828/12000]  acc=0.7333  min=0.4667  best=0.8000  reward=9.93
[  829/12000]  acc=0.6667  min=0.4667  best=0.8000  reward=10.33
[  830/12000]  acc=0.6667  min=0.4667  best=0.8000  reward=9.73
[  831/12000]  acc=0.7333  min=0.4000  best=0.8000  reward=10.53
[  832/12000]  acc=0.7333  min=0.4667  best=0.8000  reward=10.27
[  833/12000]  acc=0.7333  min=0.4667  best=0.8000  reward=10.33
[  834/12000]  acc=0.6667  min=0.4000  best=0.8000  reward=9.87
[  835/12000]  acc=0.6667  min=0.4667  best=0.8000  reward=10.27
[  836/12000]  acc=0.7333  min=0.4667  best=0.8000  reward=10.40
[  837/12000]  acc=0.6667  min=0.4000  best=0.8000  reward=9.53
[  838/12000]  acc=0.7333  min=0.4667  best=0.8000  reward=10.27
[  839/12000]  acc=0.7333  min=0.4000  best=0.8000  reward=10.07
[  840/12000]  acc=0.6667  min=0.3333  best=0.8000  reward=9.40 [ckpt]
[  841/12000]  acc=0.6667  min=0.4000  best=0.8000  reward=10.00
[  842/12000]  acc=0.7333  min=0.4667  best=0.8000  reward=10.53
[  843/12000]  acc=0.6667  min=0.4000  best=0.8000  reward=9.73
[  844/12000]  acc=0.7333  min=0.4000  best=0.8000  reward=10.13
[  845/12000]  acc=0.7333  min=0.4000  best=0.8000  reward=10.27
[  846/12000]  acc=0.7333  min=0.4667  best=0.8000  reward=10.60
[  847/12000]  acc=0.7333  min=0.2667  best=0.8000  reward=9.87
[  848/12000]  acc=0.7333  min=0.4667  best=0.8000  reward=10.47
[  849/12000]  acc=0.6667  min=0.4667  best=0.8000  reward=9.47
[  850/12000]  acc=0.6667  min=0.3333  best=0.8000  reward=9.40
[  851/12000]  acc=0.6667  min=0.4000  best=0.8000  reward=9.53
[  852/12000]  acc=0.7333  min=0.4667  best=0.8000  reward=10.73
[  853/12000]  acc=0.7333  min=0.6000  best=0.8000  reward=10.40
[  854/12000]  acc=0.7333  min=0.5333  best=0.8000  reward=11.07
[  855/12000]  acc=0.6667  min=0.4000  best=0.8000  reward=10.20
[  856/12000]  acc=0.6000  min=0.4667  best=0.8000  reward=9.87
[  857/12000]  acc=0.7333  min=0.4667  best=0.8000  reward=10.40
[  858/12000]  acc=0.7333  min=0.4667  best=0.8000  reward=10.27
[  859/12000]  acc=0.8000  min=0.4667  best=0.8000  reward=11.00
[  860/12000]  acc=0.7333  min=0.5333  best=0.8000  reward=10.27 [ckpt]
[  861/12000]  acc=0.6667  min=0.4667  best=0.8000  reward=9.73
[  862/12000]  acc=0.6667  min=0.5333  best=0.8000  reward=10.13
[  863/12000]  acc=0.7333  min=0.4000  best=0.8000  reward=10.13
[  864/12000]  acc=0.6667  min=0.4667  best=0.8000  reward=9.80
[  865/12000]  acc=0.7333  min=0.5333  best=0.8000  reward=10.40
[  866/12000]  acc=0.6667  min=0.3333  best=0.8000  reward=9.80
[  867/12000]  acc=0.6667  min=0.4000  best=0.8000  reward=9.60
[  868/12000]  acc=0.7333  min=0.5333  best=0.8000  reward=10.40
[  869/12000]  acc=0.6667  min=0.4667  best=0.8000  reward=9.60
[  870/12000]  acc=0.7333  min=0.4000  best=0.8000  reward=10.13
[  871/12000]  acc=0.7333  min=0.4000  best=0.8000  reward=10.47
[  872/12000]  acc=0.6667  min=0.5333  best=0.8000  reward=10.53
[  873/12000]  acc=0.8000  min=0.4667  best=0.8000  reward=10.07
[  874/12000]  acc=0.6667  min=0.4667  best=0.8000  reward=9.80
[  875/12000]  acc=0.7333  min=0.4667  best=0.8000  reward=10.13
[  876/12000]  acc=0.7333  min=0.3333  best=0.8000  reward=10.07
[  877/12000]  acc=0.7333  min=0.4667  best=0.8000  reward=10.07
[  878/12000]  acc=0.7333  min=0.4667  best=0.8000  reward=10.20
[  879/12000]  acc=0.6000  min=0.5333  best=0.8000  reward=9.80
[  880/12000]  acc=0.7333  min=0.5333  best=0.8000  reward=10.27 [ckpt]
[  881/12000]  acc=0.6667  min=0.5333  best=0.8000  reward=9.67
[  882/12000]  acc=0.6667  min=0.6000  best=0.8000  reward=9.87
[  883/12000]  acc=0.7333  min=0.2667  best=0.8000  reward=9.80
[  884/12000]  acc=0.6667  min=0.3333  best=0.8000  reward=9.13
[  885/12000]  acc=0.7333  min=0.4000  best=0.8000  reward=10.40
[  886/12000]  acc=0.6667  min=0.4000  best=0.8000  reward=9.80
[  887/12000]  acc=0.6667  min=0.4000  best=0.8000  reward=9.60
[  888/12000]  acc=0.6000  min=0.4000  best=0.8000  reward=9.00
[  889/12000]  acc=0.7333  min=0.4000  best=0.8000  reward=9.67
[  890/12000]  acc=0.8000  min=0.4667  best=0.8000  reward=10.67
[  891/12000]  acc=0.6667  min=0.3333  best=0.8000  reward=9.80
[  892/12000]  acc=0.7333  min=0.4000  best=0.8000  reward=10.40
[  893/12000]  acc=0.7333  min=0.4667  best=0.8000  reward=10.40
[  894/12000]  acc=0.6667  min=0.5333  best=0.8000  reward=9.60
[  895/12000]  acc=0.6667  min=0.4000  best=0.8000  reward=9.60
[  896/12000]  acc=0.6000  min=0.5333  best=0.8000  reward=9.60
[  897/12000]  acc=0.6667  min=0.4000  best=0.8000  reward=9.47
[  898/12000]  acc=0.7333  min=0.4667  best=0.8000  reward=10.33
[  899/12000]  acc=0.6667  min=0.3333  best=0.8000  reward=9.93
[  900/12000]  acc=0.6667  min=0.4667  best=0.8000  reward=9.33 [ckpt]
[  901/12000]  acc=0.6667  min=0.3333  best=0.8000  reward=9.47
[  902/12000]  acc=0.6667  min=0.4667  best=0.8000  reward=9.93
[  903/12000]  acc=0.7333  min=0.3333  best=0.8000  reward=9.27
[  904/12000]  acc=0.7333  min=0.4667  best=0.8000  reward=10.27
[  905/12000]  acc=0.6667  min=0.4667  best=0.8000  reward=9.47
[  906/12000]  acc=0.7333  min=0.4000  best=0.8000  reward=10.13
[  907/12000]  acc=0.7333  min=0.3333  best=0.8000  reward=9.87
[  908/12000]  acc=0.8000  min=0.4000  best=0.8000  reward=9.73
[  909/12000]  acc=0.6667  min=0.4000  best=0.8000  reward=9.40
[  910/12000]  acc=0.6000  min=0.3333  best=0.8000  reward=9.47
[  911/12000]  acc=0.7333  min=0.4667  best=0.8000  reward=10.40
[  912/12000]  acc=0.6667  min=0.3333  best=0.8000  reward=9.93
[  913/12000]  acc=0.6667  min=0.3333  best=0.8000  reward=10.20
[  914/12000]  acc=0.6667  min=0.4667  best=0.8000  reward=9.60
[  915/12000]  acc=0.6000  min=0.4667  best=0.8000  reward=9.93
[  916/12000]  acc=0.7333  min=0.4000  best=0.8000  reward=10.27
[  917/12000]  acc=0.6667  min=0.4667  best=0.8000  reward=9.73
[  918/12000]  acc=0.7333  min=0.3333  best=0.8000  reward=10.80
[  919/12000]  acc=0.6667  min=0.4667  best=0.8000  reward=9.87
[  920/12000]  acc=0.7333  min=0.2667  best=0.8000  reward=10.40 [ckpt]
[  921/12000]  acc=0.8000  min=0.4000  best=0.8000  reward=10.40
[  922/12000]  acc=0.7333  min=0.4667  best=0.8000  reward=10.13
[  923/12000]  acc=0.7333  min=0.3333  best=0.8000  reward=10.33
[  924/12000]  acc=0.6667  min=0.5333  best=0.8000  reward=9.67
[  925/12000]  acc=0.6667  min=0.4667  best=0.8000  reward=10.20
[  926/12000]  acc=0.7333  min=0.4667  best=0.8000  reward=9.87
[  927/12000]  acc=0.8000  min=0.4667  best=0.8000  reward=11.00
[  928/12000]  acc=0.6000  min=0.4000  best=0.8000  reward=9.47
[  929/12000]  acc=0.6667  min=0.4000  best=0.8000  reward=10.13
[  930/12000]  acc=0.8000  min=0.2667  best=0.8000  reward=10.40
[  931/12000]  acc=0.6667  min=0.3333  best=0.8000  reward=9.80
[  932/12000]  acc=0.6667  min=0.4667  best=0.8000  reward=10.13
[  933/12000]  acc=0.7333  min=0.4000  best=0.8000  reward=9.93
[  934/12000]  acc=0.7333  min=0.5333  best=0.8000  reward=10.47
[  935/12000]  acc=0.7333  min=0.4667  best=0.8000  reward=10.47
[  936/12000]  acc=0.6667  min=0.5333  best=0.8000  reward=9.80
[  937/12000]  acc=0.6667  min=0.4667  best=0.8000  reward=9.93
[  938/12000]  acc=0.6667  min=0.4000  best=0.8000  reward=9.33
[  939/12000]  acc=0.6667  min=0.4667  best=0.8000  reward=9.60
[  940/12000]  acc=0.6667  min=0.4000  best=0.8000  reward=9.53 [ckpt]
[  941/12000]  acc=0.6667  min=0.4667  best=0.8000  reward=9.93
[  942/12000]  acc=0.6667  min=0.4667  best=0.8000  reward=9.87
[  943/12000]  acc=0.7333  min=0.4000  best=0.8000  reward=10.33
[  944/12000]  acc=0.7333  min=0.3333  best=0.8000  reward=10.40
[  945/12000]  acc=0.7333  min=0.5333  best=0.8000  reward=10.67
[  946/12000]  acc=0.6667  min=0.4000  best=0.8000  reward=9.80
[  947/12000]  acc=0.6667  min=0.3333  best=0.8000  reward=9.73
[  948/12000]  acc=0.7333  min=0.4000  best=0.8000  reward=10.47
[  949/12000]  acc=0.6667  min=0.4000  best=0.8000  reward=9.53
[  950/12000]  acc=0.6667  min=0.4667  best=0.8000  reward=9.80
[  951/12000]  acc=0.7333  min=0.4667  best=0.8000  reward=10.00
[  952/12000]  acc=0.6667  min=0.4000  best=0.8000  reward=9.73
[  953/12000]  acc=0.7333  min=0.4000  best=0.8000  reward=10.93
[  954/12000]  acc=0.7333  min=0.4000  best=0.8000  reward=10.47
[  955/12000]  acc=0.6667  min=0.4000  best=0.8000  reward=10.13
[  956/12000]  acc=0.7333  min=0.4667  best=0.8000  reward=10.20
[  957/12000]  acc=0.6667  min=0.4667  best=0.8000  reward=10.47
[  958/12000]  acc=0.6667  min=0.4000  best=0.8000  reward=9.80
[  959/12000]  acc=0.7333  min=0.4667  best=0.8000  reward=10.53
[  960/12000]  acc=0.7333  min=0.4667  best=0.8000  reward=10.47 [ckpt]
[  961/12000]  acc=0.6667  min=0.4667  best=0.8000  reward=9.73
[  962/12000]  acc=0.7333  min=0.4667  best=0.8000  reward=10.67
[  963/12000]  acc=0.6667  min=0.4667  best=0.8000  reward=9.87
[  964/12000]  acc=0.6667  min=0.3333  best=0.8000  reward=9.87
[  965/12000]  acc=0.7333  min=0.4000  best=0.8000  reward=10.13
[  966/12000]  acc=0.6667  min=0.4667  best=0.8000  reward=9.73
[  967/12000]  acc=0.7333  min=0.4000  best=0.8000  reward=10.40
[  968/12000]  acc=0.6667  min=0.4000  best=0.8000  reward=9.60
[  969/12000]  acc=0.6667  min=0.6667  best=0.8000  reward=10.07
[  970/12000]  acc=0.6667  min=0.4667  best=0.8000  reward=9.87
[  971/12000]  acc=0.6667  min=0.4667  best=0.8000  reward=9.73
[  972/12000]  acc=0.6667  min=0.6000  best=0.8000  reward=10.07
[  973/12000]  acc=0.6667  min=0.4667  best=0.8000  reward=9.73
[  974/12000]  acc=0.6667  min=0.4667  best=0.8000  reward=9.93
[  975/12000]  acc=0.7333  min=0.6000  best=0.8000  reward=11.20
[  976/12000]  acc=0.7333  min=0.5333  best=0.8000  reward=10.60
[  977/12000]  acc=0.7333  min=0.4000  best=0.8000  reward=10.47
[  978/12000]  acc=0.6667  min=0.4667  best=0.8000  reward=9.80
[  979/12000]  acc=0.7333  min=0.4667  best=0.8000  reward=10.27
[  980/12000]  acc=0.6667  min=0.4667  best=0.8000  reward=9.93 [ckpt]
[  981/12000]  acc=0.7333  min=0.3333  best=0.8000  reward=10.33
[  982/12000]  acc=0.8000  min=0.4000  best=0.8000  reward=11.00
[  983/12000]  acc=0.7333  min=0.5333  best=0.8000  reward=10.47
[  984/12000]  acc=0.7333  min=0.4667  best=0.8000  reward=10.27
[  985/12000]  acc=0.6667  min=0.3333  best=0.8000  reward=9.73
[  986/12000]  acc=0.7333  min=0.4667  best=0.8000  reward=10.40
[  987/12000]  acc=0.6667  min=0.3333  best=0.8000  reward=9.73
[  988/12000]  acc=0.7333  min=0.4667  best=0.8000  reward=10.13
[  989/12000]  acc=0.6667  min=0.4000  best=0.8000  reward=9.80
[  990/12000]  acc=0.6667  min=0.4667  best=0.8000  reward=9.80
[  991/12000]  acc=0.7333  min=0.5333  best=0.8000  reward=10.40
[  992/12000]  acc=0.6667  min=0.6000  best=0.8000  reward=9.80
[  993/12000]  acc=0.7333  min=0.5333  best=0.8000  reward=10.93
[  994/12000]  acc=0.8000  min=0.5333  best=0.8000  reward=10.93
[  995/12000]  acc=0.6667  min=0.4000  best=0.8000  reward=10.07
[  996/12000]  acc=0.7333  min=0.4667  best=0.8000  reward=9.73
[  997/12000]  acc=0.8000  min=0.4667  best=0.8000  reward=11.27
[  998/12000]  acc=0.7333  min=0.4000  best=0.8000  reward=10.13
[  999/12000]  acc=0.6667  min=0.4000  best=0.8000  reward=9.60
[ 1000/12000]  acc=0.8000  min=0.4000  best=0.8000  reward=11.53 [ckpt]
[ 1001/12000]  acc=0.7333  min=0.4667  best=0.8000  reward=10.53
[ 1002/12000]  acc=0.6667  min=0.4667  best=0.8000  reward=9.93
[ 1003/12000]  acc=0.7333  min=0.5333  best=0.8000  reward=10.67
[ 1004/12000]  acc=0.7333  min=0.4000  best=0.8000  reward=10.20
[ 1005/12000]  acc=0.7333  min=0.4000  best=0.8000  reward=10.47
[ 1006/12000]  acc=0.6667  min=0.4667  best=0.8000  reward=9.87
[ 1007/12000]  acc=0.7333  min=0.4667  best=0.8000  reward=10.47
[ 1008/12000]  acc=0.7333  min=0.4667  best=0.8000  reward=10.53
[ 1009/12000]  acc=0.7333  min=0.4667  best=0.8000  reward=10.07
[ 1010/12000]  acc=0.6667  min=0.4000  best=0.8000  reward=9.73
[ 1011/12000]  acc=0.7333  min=0.5333  best=0.8000  reward=10.67
[ 1012/12000]  acc=0.7333  min=0.4667  best=0.8000  reward=10.67
[ 1013/12000]  acc=0.7333  min=0.5333  best=0.8000  reward=10.60
[ 1014/12000]  acc=0.6667  min=0.5333  best=0.8000  reward=9.87
[ 1015/12000]  acc=0.7333  min=0.4667  best=0.8000  reward=10.53
[ 1016/12000]  acc=0.6667  min=0.5333  best=0.8000  reward=9.93
[ 1017/12000]  acc=0.6667  min=0.6000  best=0.8000  reward=10.47
[ 1018/12000]  acc=0.6667  min=0.4667  best=0.8000  reward=9.87
[ 1019/12000]  acc=0.7333  min=0.3333  best=0.8000  reward=10.07
[ 1020/12000]  acc=0.6667  min=0.5333  best=0.8000  reward=9.87 [ckpt]
[ 1021/12000]  acc=0.7333  min=0.4667  best=0.8000  reward=10.33
[ 1022/12000]  acc=0.7333  min=0.4667  best=0.8000  reward=10.60
[ 1023/12000]  acc=0.7333  min=0.4000  best=0.8000  reward=10.47
[ 1024/12000]  acc=0.7333  min=0.4000  best=0.8000  reward=10.53
[ 1025/12000]  acc=0.8000  min=0.5333  best=0.8000  reward=10.73
[ 1026/12000]  acc=0.7333  min=0.3333  best=0.8000  reward=10.47
[ 1027/12000]  acc=0.7333  min=0.4667  best=0.8000  reward=10.73
[ 1028/12000]  acc=0.7333  min=0.4667  best=0.8000  reward=10.67
[ 1029/12000]  acc=0.6667  min=0.4667  best=0.8000  reward=10.13
[ 1030/12000]  acc=0.6667  min=0.6000  best=0.8000  reward=10.07
[ 1031/12000]  acc=0.6667  min=0.2667  best=0.8000  reward=9.73
[ 1032/12000]  acc=0.7333  min=0.4000  best=0.8000  reward=10.60
[ 1033/12000]  acc=0.7333  min=0.5333  best=0.8000  reward=10.67
[ 1034/12000]  acc=0.7333  min=0.4667  best=0.8000  reward=10.60
[ 1035/12000]  acc=0.6667  min=0.5333  best=0.8000  reward=9.87
[ 1036/12000]  acc=0.7333  min=0.5333  best=0.8000  reward=10.60
[ 1037/12000]  acc=0.7333  min=0.4667  best=0.8000  reward=10.60
[ 1038/12000]  acc=0.7333  min=0.4667  best=0.8000  reward=9.80
[ 1039/12000]  acc=0.7333  min=0.4667  best=0.8000  reward=10.53
[ 1040/12000]  acc=0.7333  min=0.5333  best=0.8000  reward=10.53 [ckpt]
[ 1041/12000]  acc=0.6667  min=0.6000  best=0.8000  reward=10.40
[ 1042/12000]  acc=0.7333  min=0.2667  best=0.8000  reward=10.27
[ 1043/12000]  acc=0.7333  min=0.4667  best=0.8000  reward=10.40
[ 1044/12000]  acc=0.7333  min=0.4000  best=0.8000  reward=10.27
[ 1045/12000]  acc=0.6667  min=0.4000  best=0.8000  reward=9.80
[ 1046/12000]  acc=0.7333  min=0.4667  best=0.8000  reward=10.27
[ 1047/12000]  acc=0.7333  min=0.4000  best=0.8000  reward=10.47
[ 1048/12000]  acc=0.6667  min=0.5333  best=0.8000  reward=10.47
[ 1049/12000]  acc=0.7333  min=0.5333  best=0.8000  reward=10.73
[ 1050/12000]  acc=0.7333  min=0.4667  best=0.8000  reward=10.67
[ 1051/12000]  acc=0.7333  min=0.6000  best=0.8000  reward=10.73
[ 1052/12000]  acc=0.7333  min=0.5333  best=0.8000  reward=10.13
[ 1053/12000]  acc=0.6667  min=0.4667  best=0.8000  reward=9.80
[ 1054/12000]  acc=0.7333  min=0.4000  best=0.8000  reward=10.60
[ 1055/12000]  acc=0.7333  min=0.5333  best=0.8000  reward=10.60
[ 1056/12000]  acc=0.7333  min=0.4667  best=0.8000  reward=10.47
[ 1057/12000]  acc=0.7333  min=0.5333  best=0.8000  reward=10.60
[ 1058/12000]  acc=0.6667  min=0.4667  best=0.8000  reward=10.00
[ 1059/12000]  acc=0.6667  min=0.5333  best=0.8000  reward=9.73
[ 1060/12000]  acc=0.6667  min=0.4000  best=0.8000  reward=9.67 [ckpt]
[ 1061/12000]  acc=0.6667  min=0.5333  best=0.8000  reward=10.20
[ 1062/12000]  acc=0.6667  min=0.4667  best=0.8000  reward=10.20
[ 1063/12000]  acc=0.6667  min=0.5333  best=0.8000  reward=10.07
[ 1064/12000]  acc=0.6667  min=0.5333  best=0.8000  reward=9.87
[ 1065/12000]  acc=0.6667  min=0.4000  best=0.8000  reward=9.80
[ 1066/12000]  acc=0.7333  min=0.4667  best=0.8000  reward=10.60
[ 1067/12000]  acc=0.7333  min=0.4667  best=0.8000  reward=10.73
[ 1068/12000]  acc=0.6667  min=0.4667  best=0.8000  reward=10.13
[ 1069/12000]  acc=0.6667  min=0.4000  best=0.8000  reward=9.53
[ 1070/12000]  acc=0.7333  min=0.4667  best=0.8000  reward=11.33
[ 1071/12000]  acc=0.7333  min=0.3333  best=0.8000  reward=10.40
[ 1072/12000]  acc=0.6667  min=0.6000  best=0.8000  reward=10.00
[ 1073/12000]  acc=0.6667  min=0.4667  best=0.8000  reward=9.80
[ 1074/12000]  acc=0.6667  min=0.5333  best=0.8000  reward=9.93
[ 1075/12000]  acc=0.6667  min=0.5333  best=0.8000  reward=11.00
[ 1076/12000]  acc=0.7333  min=0.5333  best=0.8000  reward=10.80
[ 1077/12000]  acc=0.6667  min=0.4667  best=0.8000  reward=9.93
[ 1078/12000]  acc=0.7333  min=0.6000  best=0.8000  reward=10.80
[ 1079/12000]  acc=0.6667  min=0.4000  best=0.8000  reward=10.40
[ 1080/12000]  acc=0.6667  min=0.4000  best=0.8000  reward=9.73 [ckpt]
[ 1081/12000]  acc=0.6667  min=0.4667  best=0.8000  reward=9.93
[ 1082/12000]  acc=0.6667  min=0.5333  best=0.8000  reward=10.13
[ 1083/12000]  acc=0.7333  min=0.4667  best=0.8000  reward=10.47
[ 1084/12000]  acc=0.7333  min=0.4667  best=0.8000  reward=10.60
[ 1085/12000]  acc=0.6667  min=0.4667  best=0.8000  reward=9.67
[ 1086/12000]  acc=0.7333  min=0.4000  best=0.8000  reward=10.33
[ 1087/12000]  acc=0.8000  min=0.4667  best=0.8000  reward=10.87
[ 1088/12000]  acc=0.8000  min=0.4667  best=0.8000  reward=10.60
[ 1089/12000]  acc=0.7333  min=0.3333  best=0.8000  reward=10.40
[ 1090/12000]  acc=0.6667  min=0.6000  best=0.8000  reward=9.87
[ 1091/12000]  acc=0.7333  min=0.4667  best=0.8000  reward=10.40
[ 1092/12000]  acc=0.7333  min=0.5333  best=0.8000  reward=10.73
[ 1093/12000]  acc=0.7333  min=0.4667  best=0.8000  reward=10.07
[ 1094/12000]  acc=0.6667  min=0.4667  best=0.8000  reward=10.27
[ 1095/12000]  acc=0.7333  min=0.5333  best=0.8000  reward=10.40
[ 1096/12000]  acc=0.6667  min=0.4667  best=0.8000  reward=9.67
[ 1097/12000]  acc=0.7333  min=0.4667  best=0.8000  reward=10.60
[ 1098/12000]  acc=0.6667  min=0.4667  best=0.8000  reward=9.93
[ 1099/12000]  acc=0.7333  min=0.4000  best=0.8000  reward=10.40
[ 1100/12000]  acc=0.7333  min=0.4000  best=0.8000  reward=10.27 [ckpt]
[ 1101/12000]  acc=0.7333  min=0.5333  best=0.8000  reward=10.67
[ 1102/12000]  acc=0.7333  min=0.6000  best=0.8000  reward=10.33
[ 1103/12000]  acc=0.6667  min=0.6000  best=0.8000  reward=10.00
[ 1104/12000]  acc=0.7333  min=0.2667  best=0.8000  reward=10.67
[ 1105/12000]  acc=0.6667  min=0.3333  best=0.8000  reward=9.67
[ 1106/12000]  acc=0.7333  min=0.4000  best=0.8000  reward=10.53
[ 1107/12000]  acc=0.7333  min=0.5333  best=0.8000  reward=10.60
[ 1108/12000]  acc=0.6667  min=0.4000  best=0.8000  reward=9.73
[ 1109/12000]  acc=0.6667  min=0.4667  best=0.8000  reward=9.80
[ 1110/12000]  acc=0.6667  min=0.4000  best=0.8000  reward=10.00
[ 1111/12000]  acc=0.7333  min=0.3333  best=0.8000  reward=10.53
[ 1112/12000]  acc=0.7333  min=0.5333  best=0.8000  reward=10.73
[ 1113/12000]  acc=0.6667  min=0.2667  best=0.8000  reward=9.47
[ 1114/12000]  acc=0.6667  min=0.3333  best=0.8000  reward=9.53
[ 1115/12000]  acc=0.6667  min=0.4667  best=0.8000  reward=9.80
[ 1116/12000]  acc=0.6667  min=0.4000  best=0.8000  reward=9.60
[ 1117/12000]  acc=0.6667  min=0.4667  best=0.8000  reward=9.80
[ 1118/12000]  acc=0.6667  min=0.4667  best=0.8000  reward=10.40
[ 1119/12000]  acc=0.7333  min=0.5333  best=0.8000  reward=10.47
[ 1120/12000]  acc=0.7333  min=0.4667  best=0.8000  reward=10.53 [ckpt]
[ 1121/12000]  acc=0.6667  min=0.3333  best=0.8000  reward=9.53
[ 1122/12000]  acc=0.6667  min=0.4667  best=0.8000  reward=9.60
[ 1123/12000]  acc=0.7333  min=0.3333  best=0.8000  reward=10.53
[ 1124/12000]  acc=0.6667  min=0.3333  best=0.8000  reward=9.93
[ 1125/12000]  acc=0.7333  min=0.4667  best=0.8000  reward=9.80
[ 1126/12000]  acc=0.6667  min=0.4000  best=0.8000  reward=9.60
[ 1127/12000]  acc=0.7333  min=0.4000  best=0.8000  reward=10.40
[ 1128/12000]  acc=0.6667  min=0.4000  best=0.8000  reward=9.67
[ 1129/12000]  acc=0.6667  min=0.5333  best=0.8000  reward=10.33
[ 1130/12000]  acc=0.6667  min=0.2667  best=0.8000  reward=10.33
[ 1131/12000]  acc=0.7333  min=0.4667  best=0.8000  reward=10.60
[ 1132/12000]  acc=0.7333  min=0.4000  best=0.8000  reward=10.47
[ 1133/12000]  acc=0.7333  min=0.4000  best=0.8000  reward=10.47
[ 1134/12000]  acc=0.7333  min=0.3333  best=0.8000  reward=10.60
[ 1135/12000]  acc=0.8000  min=0.4667  best=0.8000  reward=10.00
[ 1136/12000]  acc=0.6667  min=0.4000  best=0.8000  reward=10.07
[ 1137/12000]  acc=0.7333  min=0.4667  best=0.8000  reward=10.80
[ 1138/12000]  acc=0.6667  min=0.5333  best=0.8000  reward=9.80
[ 1139/12000]  acc=0.7333  min=0.6000  best=0.8000  reward=10.13
[ 1140/12000]  acc=0.7333  min=0.5333  best=0.8000  reward=10.67 [ckpt]
[ 1141/12000]  acc=0.6667  min=0.6000  best=0.8000  reward=10.00
[ 1142/12000]  acc=0.6667  min=0.4667  best=0.8000  reward=9.87
[ 1143/12000]  acc=0.7333  min=0.4667  best=0.8000  reward=10.47
[ 1144/12000]  acc=0.6667  min=0.5333  best=0.8000  reward=9.87
[ 1145/12000]  acc=0.7333  min=0.5333  best=0.8000  reward=10.60
[ 1146/12000]  acc=0.7333  min=0.4667  best=0.8000  reward=10.73
[ 1147/12000]  acc=0.6667  min=0.4667  best=0.8000  reward=9.67
[ 1148/12000]  acc=0.7333  min=0.5333  best=0.8000  reward=10.73
[ 1149/12000]  acc=0.7333  min=0.5333  best=0.8000  reward=10.67
[ 1150/12000]  acc=0.7333  min=0.6000  best=0.8000  reward=10.73
[ 1151/12000]  acc=0.7333  min=0.6000  best=0.8000  reward=10.67
[ 1152/12000]  acc=0.6667  min=0.4667  best=0.8000  reward=9.67
[ 1153/12000]  acc=0.7333  min=0.4667  best=0.8000  reward=10.67
[ 1154/12000]  acc=0.7333  min=0.4667  best=0.8000  reward=10.33
[ 1155/12000]  acc=0.6667  min=0.4000  best=0.8000  reward=9.80
[ 1156/12000]  acc=0.7333  min=0.5333  best=0.8000  reward=10.73
[ 1157/12000]  acc=0.6667  min=0.5333  best=0.8000  reward=10.07
[ 1158/12000]  acc=0.7333  min=0.4667  best=0.8000  reward=10.60
[ 1159/12000]  acc=0.8000  min=0.5333  best=0.8000  reward=10.47
[ 1160/12000]  acc=0.7333  min=0.3333  best=0.8000  reward=10.67 [ckpt]
[ 1161/12000]  acc=0.8000  min=0.4667  best=0.8000  reward=11.13
[ 1162/12000]  acc=0.7333  min=0.2667  best=0.8000  reward=10.33
[ 1163/12000]  acc=0.7333  min=0.2667  best=0.8000  reward=10.47
[ 1164/12000]  acc=0.6667  min=0.4667  best=0.8000  reward=10.07
[ 1165/12000]  acc=0.6667  min=0.6000  best=0.8000  reward=9.87
[ 1166/12000]  acc=0.7333  min=0.4000  best=0.8000  reward=10.60
[ 1167/12000]  acc=0.7333  min=0.4000  best=0.8000  reward=10.47
[ 1168/12000]  acc=0.7333  min=0.3333  best=0.8000  reward=10.07
[ 1169/12000]  acc=0.7333  min=0.2667  best=0.8000  reward=10.13
[ 1170/12000]  acc=0.7333  min=0.4667  best=0.8000  reward=10.53
[ 1171/12000]  acc=0.6667  min=0.4000  best=0.8000  reward=10.07
[ 1172/12000]  acc=0.7333  min=0.5333  best=0.8000  reward=10.93
[ 1173/12000]  acc=0.7333  min=0.4667  best=0.8000  reward=10.53
[ 1174/12000]  acc=0.7333  min=0.5333  best=0.8000  reward=10.87
[ 1175/12000]  acc=0.7333  min=0.4667  best=0.8000  reward=10.60
[ 1176/12000]  acc=0.6667  min=0.4667  best=0.8000  reward=9.80
[ 1177/12000]  acc=0.7333  min=0.5333  best=0.8000  reward=10.67
[ 1178/12000]  acc=0.7333  min=0.4667  best=0.8000  reward=10.00
[ 1179/12000]  acc=0.7333  min=0.4667  best=0.8000  reward=10.60
[ 1180/12000]  acc=0.6667  min=0.4000  best=0.8000  reward=9.73 [ckpt]
[ 1181/12000]  acc=0.7333  min=0.5333  best=0.8000  reward=10.80
[ 1182/12000]  acc=0.6667  min=0.4000  best=0.8000  reward=9.80
[ 1183/12000]  acc=0.7333  min=0.5333  best=0.8000  reward=10.13
[ 1184/12000]  acc=0.6667  min=0.4000  best=0.8000  reward=9.73
[ 1185/12000]  acc=0.6667  min=0.4000  best=0.8000  reward=9.73
[ 1186/12000]  acc=0.8000  min=0.6000  best=0.8000  reward=11.20
[ 1187/12000]  acc=0.6667  min=0.4000  best=0.8000  reward=9.87
[ 1188/12000]  acc=0.7333  min=0.4667  best=0.8000  reward=10.47
[ 1189/12000]  acc=0.6667  min=0.4667  best=0.8000  reward=10.13
[ 1190/12000]  acc=0.6667  min=0.4667  best=0.8000  reward=9.80
[ 1191/12000]  acc=0.7333  min=0.5333  best=0.8000  reward=10.60
[ 1192/12000]  acc=0.6667  min=0.4667  best=0.8000  reward=10.20
[ 1193/12000]  acc=0.7333  min=0.4667  best=0.8000  reward=10.40
[ 1194/12000]  acc=0.7333  min=0.4667  best=0.8000  reward=10.60
[ 1195/12000]  acc=0.7333  min=0.4000  best=0.8000  reward=10.27
[ 1196/12000]  acc=0.7333  min=0.5333  best=0.8000  reward=10.67
[ 1197/12000]  acc=0.7333  min=0.5333  best=0.8000  reward=10.60
[ 1198/12000]  acc=0.6667  min=0.4000  best=0.8000  reward=9.67
[ 1199/12000]  acc=0.6667  min=0.4667  best=0.8000  reward=9.80
[ 1200/12000]  acc=0.7333  min=0.4667  best=0.8000  reward=10.60 [ckpt]
[ 1201/12000]  acc=0.7333  min=0.4667  best=0.8000  reward=10.87
[ 1202/12000]  acc=0.6667  min=0.4667  best=0.8000  reward=9.87
[ 1203/12000]  acc=0.7333  min=0.4000  best=0.8000  reward=10.33
[ 1204/12000]  acc=0.7333  min=0.4667  best=0.8000  reward=10.93
[ 1205/12000]  acc=0.7333  min=0.4000  best=0.8000  reward=10.20
[ 1206/12000]  acc=0.7333  min=0.4000  best=0.8000  reward=10.47
[ 1207/12000]  acc=0.6667  min=0.5333  best=0.8000  reward=9.87
[ 1208/12000]  acc=0.7333  min=0.3333  best=0.8000  reward=10.47
[ 1209/12000]  acc=0.7333  min=0.4667  best=0.8000  reward=10.67
[ 1210/12000]  acc=0.7333  min=0.4667  best=0.8000  reward=10.73
[ 1211/12000]  acc=0.7333  min=0.6000  best=0.8000  reward=10.80
[ 1212/12000]  acc=0.7333  min=0.5333  best=0.8000  reward=10.13
[ 1213/12000]  acc=0.6667  min=0.4667  best=0.8000  reward=10.47
[ 1214/12000]  acc=0.7333  min=0.5333  best=0.8000  reward=10.73
[ 1215/12000]  acc=0.7333  min=0.5333  best=0.8000  reward=10.67
[ 1216/12000]  acc=0.7333  min=0.4667  best=0.8000  reward=10.60
[ 1217/12000]  acc=0.7333  min=0.6000  best=0.8000  reward=10.80
[ 1218/12000]  acc=0.6667  min=0.4667  best=0.8000  reward=9.80
[ 1219/12000]  acc=0.6667  min=0.4000  best=0.8000  reward=10.40
[ 1220/12000]  acc=0.6667  min=0.3333  best=0.8000  reward=9.47 [ckpt]
[ 1221/12000]  acc=0.6667  min=0.4000  best=0.8000  reward=9.67
[ 1222/12000]  acc=0.6667  min=0.5333  best=0.8000  reward=10.20
[ 1223/12000]  acc=0.6667  min=0.4667  best=0.8000  reward=10.53
[ 1224/12000]  acc=0.7333  min=0.4667  best=0.8000  reward=10.60
[ 1225/12000]  acc=0.7333  min=0.4000  best=0.8000  reward=10.13
[ 1226/12000]  acc=0.6667  min=0.4667  best=0.8000  reward=9.80
[ 1227/12000]  acc=0.7333  min=0.5333  best=0.8000  reward=10.80
[ 1228/12000]  acc=0.7333  min=0.5333  best=0.8000  reward=10.60
[ 1229/12000]  acc=0.6667  min=0.4667  best=0.8000  reward=10.00
[ 1230/12000]  acc=0.6667  min=0.4667  best=0.8000  reward=9.87
[ 1231/12000]  acc=0.6667  min=0.4667  best=0.8000  reward=9.67
[ 1232/12000]  acc=0.7333  min=0.4667  best=0.8000  reward=10.87
[ 1233/12000]  acc=0.7333  min=0.5333  best=0.8000  reward=10.53
[ 1234/12000]  acc=0.7333  min=0.5333  best=0.8000  reward=10.67
[ 1235/12000]  acc=0.6667  min=0.4667  best=0.8000  reward=9.93
[ 1236/12000]  acc=0.7333  min=0.4667  best=0.8000  reward=10.47
[ 1237/12000]  acc=0.7333  min=0.4667  best=0.8000  reward=10.20
[ 1238/12000]  acc=0.6667  min=0.6000  best=0.8000  reward=9.93
[ 1239/12000]  acc=0.6667  min=0.4667  best=0.8000  reward=9.67
[ 1240/12000]  acc=0.7333  min=0.4667  best=0.8000  reward=10.47 [ckpt]
[ 1241/12000]  acc=0.7333  min=0.6000  best=0.8000  reward=11.13
[ 1242/12000]  acc=0.6667  min=0.4000  best=0.8000  reward=9.67
[ 1243/12000]  acc=0.7333  min=0.4000  best=0.8000  reward=10.33
[ 1244/12000]  acc=0.7333  min=0.3333  best=0.8000  reward=10.33
[ 1245/12000]  acc=0.7333  min=0.5333  best=0.8000  reward=10.00
[ 1246/12000]  acc=0.7333  min=0.4667  best=0.8000  reward=9.80
[ 1247/12000]  acc=0.7333  min=0.4667  best=0.8000  reward=10.67
[ 1248/12000]  acc=0.6667  min=0.4667  best=0.8000  reward=9.87
[ 1249/12000]  acc=0.6667  min=0.4667  best=0.8000  reward=9.73
[ 1250/12000]  acc=0.7333  min=0.4667  best=0.8000  reward=10.53
[ 1251/12000]  acc=0.6667  min=0.6000  best=0.8000  reward=10.07
[ 1252/12000]  acc=0.6667  min=0.5333  best=0.8000  reward=9.80
[ 1253/12000]  acc=0.7333  min=0.3333  best=0.8000  reward=10.47
[ 1254/12000]  acc=0.6667  min=0.4000  best=0.8000  reward=9.53
[ 1255/12000]  acc=0.7333  min=0.4667  best=0.8000  reward=10.67
[ 1256/12000]  acc=0.6667  min=0.4000  best=0.8000  reward=9.67
[ 1257/12000]  acc=0.8000  min=0.3333  best=0.8000  reward=10.53
[ 1258/12000]  acc=0.7333  min=0.4667  best=0.8000  reward=10.60
[ 1259/12000]  acc=0.6667  min=0.4000  best=0.8000  reward=9.93
[ 1260/12000]  acc=0.6667  min=0.4667  best=0.8000  reward=10.20 [ckpt]
[ 1261/12000]  acc=0.7333  min=0.5333  best=0.8000  reward=10.53
[ 1262/12000]  acc=0.6667  min=0.3333  best=0.8000  reward=10.13
[ 1263/12000]  acc=0.6667  min=0.4000  best=0.8000  reward=10.47
[ 1264/12000]  acc=0.6667  min=0.6000  best=0.8000  reward=10.53
[ 1265/12000]  acc=0.7333  min=0.6667  best=0.8000  reward=10.93
[ 1266/12000]  acc=0.7333  min=0.4667  best=0.8000  reward=10.40
[ 1267/12000]  acc=0.7333  min=0.5333  best=0.8000  reward=10.67
[ 1268/12000]  acc=0.7333  min=0.6667  best=0.8000  reward=10.93
[ 1269/12000]  acc=0.6667  min=0.5333  best=0.8000  reward=10.00
[ 1270/12000]  acc=0.7333  min=0.3333  best=0.8000  reward=10.47
[ 1271/12000]  acc=0.6667  min=0.5333  best=0.8000  reward=9.87
[ 1272/12000]  acc=0.7333  min=0.4000  best=0.8000  reward=10.53
[ 1273/12000]  acc=0.7333  min=0.5333  best=0.8000  reward=10.53
[ 1274/12000]  acc=0.8000  min=0.5333  best=0.8000  reward=11.20
[ 1275/12000]  acc=0.7333  min=0.4667  best=0.8000  reward=10.67
[ 1276/12000]  acc=0.7333  min=0.5333  best=0.8000  reward=10.73
[ 1277/12000]  acc=0.6667  min=0.4667  best=0.8000  reward=9.87
[ 1278/12000]  acc=0.6667  min=0.4667  best=0.8000  reward=10.33
[ 1279/12000]  acc=0.6667  min=0.4667  best=0.8000  reward=9.80
[ 1280/12000]  acc=0.7333  min=0.6000  best=0.8000  reward=10.80 [ckpt]
[ 1281/12000]  acc=0.7333  min=0.4000  best=0.8000  reward=10.53
[ 1282/12000]  acc=0.7333  min=0.5333  best=0.8000  reward=10.53
[ 1283/12000]  acc=0.7333  min=0.6000  best=0.8000  reward=10.67
[ 1284/12000]  acc=0.6667  min=0.4000  best=0.8000  reward=10.00
[ 1285/12000]  acc=0.6667  min=0.5333  best=0.8000  reward=9.80
[ 1286/12000]  acc=0.6667  min=0.4000  best=0.8000  reward=10.13
[ 1287/12000]  acc=0.7333  min=0.6667  best=0.8000  reward=10.87
[ 1288/12000]  acc=0.6667  min=0.4667  best=0.8000  reward=9.73
[ 1289/12000]  acc=0.6667  min=0.3333  best=0.8000  reward=9.87
[ 1290/12000]  acc=0.6667  min=0.4667  best=0.8000  reward=9.93
[ 1291/12000]  acc=0.7333  min=0.5333  best=0.8000  reward=10.80
[ 1292/12000]  acc=0.7333  min=0.5333  best=0.8000  reward=10.73
[ 1293/12000]  acc=0.7333  min=0.5333  best=0.8000  reward=10.67
[ 1294/12000]  acc=0.6667  min=0.4667  best=0.8000  reward=10.33
[ 1295/12000]  acc=0.7333  min=0.4667  best=0.8000  reward=10.80
[ 1296/12000]  acc=0.7333  min=0.4667  best=0.8000  reward=10.33
[ 1297/12000]  acc=0.6667  min=0.4000  best=0.8000  reward=9.73
[ 1298/12000]  acc=0.6667  min=0.5333  best=0.8000  reward=9.87
[ 1299/12000]  acc=0.7333  min=0.3333  best=0.8000  reward=10.47
[ 1300/12000]  acc=0.6667  min=0.4667  best=0.8000  reward=10.00 [ckpt]
[ 1301/12000]  acc=0.7333  min=0.4667  best=0.8000  reward=10.67
[ 1302/12000]  acc=0.7333  min=0.6000  best=0.8000  reward=10.67
[ 1303/12000]  acc=0.7333  min=0.2667  best=0.8000  reward=10.07
[ 1304/12000]  acc=0.6667  min=0.3333  best=0.8000  reward=9.60
[ 1305/12000]  acc=0.7333  min=0.4000  best=0.8000  reward=10.60
[ 1306/12000]  acc=0.7333  min=0.5333  best=0.8000  reward=10.73
[ 1307/12000]  acc=0.6667  min=0.4667  best=0.8000  reward=10.07
[ 1308/12000]  acc=0.6667  min=0.4667  best=0.8000  reward=9.67
[ 1309/12000]  acc=0.6667  min=0.5333  best=0.8000  reward=9.80
[ 1310/12000]  acc=0.6667  min=0.4667  best=0.8000  reward=10.53
[ 1311/12000]  acc=0.6667  min=0.4000  best=0.8000  reward=9.80
[ 1312/12000]  acc=0.7333  min=0.4000  best=0.8000  reward=10.60
[ 1313/12000]  acc=0.7333  min=0.6000  best=0.8000  reward=10.87
[ 1314/12000]  acc=0.7333  min=0.6000  best=0.8000  reward=10.13
[ 1315/12000]  acc=0.7333  min=0.4000  best=0.8000  reward=10.53
[ 1316/12000]  acc=0.7333  min=0.5333  best=0.8000  reward=9.93
[ 1317/12000]  acc=0.7333  min=0.4667  best=0.8000  reward=10.67
[ 1318/12000]  acc=0.7333  min=0.5333  best=0.8000  reward=10.00
[ 1319/12000]  acc=0.7333  min=0.5333  best=0.8000  reward=10.53
[ 1320/12000]  acc=0.6667  min=0.5333  best=0.8000  reward=9.73 [ckpt]
[ 1321/12000]  acc=0.6667  min=0.4000  best=0.8000  reward=9.67
[ 1322/12000]  acc=0.7333  min=0.4667  best=0.8000  reward=10.80
[ 1323/12000]  acc=0.6667  min=0.3333  best=0.8000  reward=9.67
[ 1324/12000]  acc=0.7333  min=0.4667  best=0.8000  reward=10.60
[ 1325/12000]  acc=0.7333  min=0.5333  best=0.8000  reward=10.60
[ 1326/12000]  acc=0.8000  min=0.4000  best=0.8000  reward=11.13
[ 1327/12000]  acc=0.7333  min=0.4000  best=0.8000  reward=10.40
[ 1328/12000]  acc=0.7333  min=0.4000  best=0.8000  reward=9.73
[ 1329/12000]  acc=0.7333  min=0.4000  best=0.8000  reward=10.53
[ 1330/12000]  acc=0.7333  min=0.5333  best=0.8000  reward=10.53
[ 1331/12000]  acc=0.7333  min=0.6000  best=0.8000  reward=10.53
[ 1332/12000]  acc=0.7333  min=0.6000  best=0.8000  reward=10.47
[ 1333/12000]  acc=0.7333  min=0.4667  best=0.8000  reward=10.53
[ 1334/12000]  acc=0.7333  min=0.5333  best=0.8000  reward=10.67
[ 1335/12000]  acc=0.6667  min=0.4667  best=0.8000  reward=10.33
[ 1336/12000]  acc=0.7333  min=0.4000  best=0.8000  reward=10.53
[ 1337/12000]  acc=0.8000  min=0.5333  best=0.8000  reward=11.13
[ 1338/12000]  acc=0.6667  min=0.4000  best=0.8000  reward=9.93
[ 1339/12000]  acc=0.6667  min=0.5333  best=0.8000  reward=9.87
[ 1340/12000]  acc=0.7333  min=0.4667  best=0.8000  reward=10.47 [ckpt]
[ 1341/12000]  acc=0.6667  min=0.5333  best=0.8000  reward=9.93
[ 1342/12000]  acc=0.7333  min=0.4000  best=0.8000  reward=10.60
[ 1343/12000]  acc=0.8000  min=0.4667  best=0.8000  reward=10.60
[ 1344/12000]  acc=0.7333  min=0.4667  best=0.8000  reward=10.80
[ 1345/12000]  acc=0.7333  min=0.4667  best=0.8000  reward=9.80
[ 1346/12000]  acc=0.7333  min=0.6000  best=0.8000  reward=10.73
[ 1347/12000]  acc=0.7333  min=0.3333  best=0.8000  reward=10.40
[ 1348/12000]  acc=0.7333  min=0.4000  best=0.8000  reward=10.53
[ 1349/12000]  acc=0.6667  min=0.3333  best=0.8000  reward=9.40
[ 1350/12000]  acc=0.8000  min=0.5333  best=0.8000  reward=10.80
[ 1351/12000]  acc=0.6667  min=0.2000  best=0.8000  reward=9.93
[ 1352/12000]  acc=0.7333  min=0.4667  best=0.8000  reward=10.60
[ 1353/12000]  acc=0.6667  min=0.4667  best=0.8000  reward=10.00
[ 1354/12000]  acc=0.7333  min=0.5333  best=0.8000  reward=10.40
[ 1355/12000]  acc=0.6667  min=0.5333  best=0.8000  reward=9.87
[ 1356/12000]  acc=0.7333  min=0.4000  best=0.8000  reward=10.60
[ 1357/12000]  acc=0.6667  min=0.5333  best=0.8000  reward=10.20
[ 1358/12000]  acc=0.7333  min=0.5333  best=0.8000  reward=10.67
[ 1359/12000]  acc=0.7333  min=0.5333  best=0.8000  reward=10.47
[ 1360/12000]  acc=0.6667  min=0.4667  best=0.8000  reward=9.73 [ckpt]
[ 1361/12000]  acc=0.7333  min=0.4667  best=0.8000  reward=10.67
[ 1362/12000]  acc=0.6667  min=0.4667  best=0.8000  reward=9.87
[ 1363/12000]  acc=0.7333  min=0.6000  best=0.8000  reward=10.73
[ 1364/12000]  acc=0.7333  min=0.5333  best=0.8000  reward=10.67
[ 1365/12000]  acc=0.6667  min=0.5333  best=0.8000  reward=9.80
[ 1366/12000]  acc=0.7333  min=0.4667  best=0.8000  reward=10.67
[ 1367/12000]  acc=0.6667  min=0.4000  best=0.8000  reward=9.73
[ 1368/12000]  acc=0.7333  min=0.5333  best=0.8000  reward=10.67
[ 1369/12000]  acc=0.7333  min=0.3333  best=0.8000  reward=10.47
[ 1370/12000]  acc=0.7333  min=0.4000  best=0.8000  reward=10.67
[ 1371/12000]  acc=0.6667  min=0.4000  best=0.8000  reward=9.73
[ 1372/12000]  acc=0.7333  min=0.4667  best=0.8000  reward=10.73
[ 1373/12000]  acc=0.6667  min=0.4000  best=0.8000  reward=9.87
[ 1374/12000]  acc=0.6667  min=0.4667  best=0.8000  reward=9.67
[ 1375/12000]  acc=0.6667  min=0.5333  best=0.8000  reward=10.53
[ 1376/12000]  acc=0.7333  min=0.4667  best=0.8000  reward=10.53
[ 1377/12000]  acc=0.7333  min=0.5333  best=0.8000  reward=10.60
[ 1378/12000]  acc=0.7333  min=0.4667  best=0.8000  reward=10.73
[ 1379/12000]  acc=0.6667  min=0.5333  best=0.8000  reward=9.87
[ 1380/12000]  acc=0.6667  min=0.4667  best=0.8000  reward=10.00 [ckpt]
[ 1381/12000]  acc=0.6667  min=0.5333  best=0.8000  reward=9.73
[ 1382/12000]  acc=0.8000  min=0.4667  best=0.8000  reward=10.87
[ 1383/12000]  acc=0.7333  min=0.4667  best=0.8000  reward=10.60
[ 1384/12000]  acc=0.6667  min=0.4000  best=0.8000  reward=9.60
[ 1385/12000]  acc=0.7333  min=0.4667  best=0.8000  reward=10.80
[ 1386/12000]  acc=0.7333  min=0.4000  best=0.8000  reward=10.07
[ 1387/12000]  acc=0.7333  min=0.5333  best=0.8000  reward=10.73
[ 1388/12000]  acc=0.7333  min=0.2667  best=0.8000  reward=10.27
[ 1389/12000]  acc=0.7333  min=0.4000  best=0.8000  reward=10.33
[ 1390/12000]  acc=0.6667  min=0.4667  best=0.8000  reward=10.20
[ 1391/12000]  acc=0.6667  min=0.5333  best=0.8000  reward=10.00
[ 1392/12000]  acc=0.6667  min=0.2667  best=0.8000  reward=9.93
[ 1393/12000]  acc=0.7333  min=0.4667  best=0.8000  reward=11.20
[ 1394/12000]  acc=0.7333  min=0.4000  best=0.8000  reward=10.47
[ 1395/12000]  acc=0.6667  min=0.5333  best=0.8000  reward=9.93
[ 1396/12000]  acc=0.7333  min=0.4667  best=0.8000  reward=10.60
[ 1397/12000]  acc=0.6667  min=0.6000  best=0.8000  reward=9.93
[ 1398/12000]  acc=0.6667  min=0.5333  best=0.8000  reward=9.67
[ 1399/12000]  acc=0.6667  min=0.4000  best=0.8000  reward=9.80
[ 1400/12000]  acc=0.7333  min=0.4667  best=0.8000  reward=10.53 [ckpt]
[ 1401/12000]  acc=0.6667  min=0.4667  best=0.8000  reward=9.87
[ 1402/12000]  acc=0.6667  min=0.4667  best=0.8000  reward=9.87
[ 1403/12000]  acc=0.6667  min=0.4000  best=0.8000  reward=10.13
[ 1404/12000]  acc=0.7333  min=0.4667  best=0.8000  reward=10.67
[ 1405/12000]  acc=0.6667  min=0.4000  best=0.8000  reward=9.93
[ 1406/12000]  acc=0.7333  min=0.4667  best=0.8000  reward=10.40
[ 1407/12000]  acc=0.7333  min=0.4667  best=0.8000  reward=10.60
[ 1408/12000]  acc=0.7333  min=0.4000  best=0.8000  reward=10.53
[ 1409/12000]  acc=0.6667  min=0.4000  best=0.8000  reward=9.87
[ 1410/12000]  acc=0.7333  min=0.3333  best=0.8000  reward=10.60
[ 1411/12000]  acc=0.7333  min=0.5333  best=0.8000  reward=10.60
[ 1412/12000]  acc=0.6667  min=0.4000  best=0.8000  reward=9.33
[ 1413/12000]  acc=0.7333  min=0.5333  best=0.8000  reward=10.67
[ 1414/12000]  acc=0.7333  min=0.4667  best=0.8000  reward=10.07
[ 1415/12000]  acc=0.6667  min=0.4667  best=0.8000  reward=9.87
[ 1416/12000]  acc=0.6667  min=0.4667  best=0.8000  reward=10.13
[ 1417/12000]  acc=0.6667  min=0.3333  best=0.8000  reward=9.60
[ 1418/12000]  acc=0.7333  min=0.5333  best=0.8000  reward=10.73
[ 1419/12000]  acc=0.6667  min=0.4667  best=0.8000  reward=10.00
[ 1420/12000]  acc=0.7333  min=0.4667  best=0.8000  reward=10.53 [ckpt]
[ 1421/12000]  acc=0.7333  min=0.4667  best=0.8000  reward=10.47
[ 1422/12000]  acc=0.7333  min=0.5333  best=0.8000  reward=10.67
[ 1423/12000]  acc=0.6667  min=0.2667  best=0.8000  reward=10.07
[ 1424/12000]  acc=0.7333  min=0.3333  best=0.8000  reward=10.47
[ 1425/12000]  acc=0.6667  min=0.4667  best=0.8000  reward=10.27
[ 1426/12000]  acc=0.6667  min=0.5333  best=0.8000  reward=10.00
[ 1427/12000]  acc=0.7333  min=0.4667  best=0.8000  reward=10.73
[ 1428/12000]  acc=0.6667  min=0.3333  best=0.8000  reward=9.73
[ 1429/12000]  acc=0.7333  min=0.5333  best=0.8000  reward=10.60
[ 1430/12000]  acc=0.7333  min=0.4667  best=0.8000  reward=10.67
[ 1431/12000]  acc=0.6667  min=0.4667  best=0.8000  reward=9.73
[ 1432/12000]  acc=0.6667  min=0.4000  best=0.8000  reward=9.40
[ 1433/12000]  acc=0.7333  min=0.3333  best=0.8000  reward=10.40
[ 1434/12000]  acc=0.7333  min=0.5333  best=0.8000  reward=10.53
[ 1435/12000]  acc=0.6667  min=0.5333  best=0.8000  reward=10.00
[ 1436/12000]  acc=0.7333  min=0.5333  best=0.8000  reward=10.53
[ 1437/12000]  acc=0.6667  min=0.3333  best=0.8000  reward=10.47
[ 1438/12000]  acc=0.7333  min=0.4000  best=0.8000  reward=10.47
[ 1439/12000]  acc=0.6667  min=0.2667  best=0.8000  reward=9.60
[ 1440/12000]  acc=0.6667  min=0.4000  best=0.8000  reward=9.67 [ckpt]
[ 1441/12000]  acc=0.7333  min=0.3333  best=0.8000  reward=10.33
[ 1442/12000]  acc=0.7333  min=0.5333  best=0.8000  reward=10.87
[ 1443/12000]  acc=0.7333  min=0.4667  best=0.8000  reward=10.53
[ 1444/12000]  acc=0.6667  min=0.4667  best=0.8000  reward=10.13
[ 1445/12000]  acc=0.7333  min=0.4000  best=0.8000  reward=10.33
[ 1446/12000]  acc=0.7333  min=0.4667  best=0.8000  reward=10.53
[ 1447/12000]  acc=0.7333  min=0.5333  best=0.8000  reward=10.53
[ 1448/12000]  acc=0.6667  min=0.4667  best=0.8000  reward=10.00
[ 1449/12000]  acc=0.7333  min=0.4000  best=0.8000  reward=10.47
[ 1450/12000]  acc=0.7333  min=0.3333  best=0.8000  reward=10.13
[ 1451/12000]  acc=0.7333  min=0.5333  best=0.8000  reward=10.60
[ 1452/12000]  acc=0.8000  min=0.5333  best=0.8000  reward=10.87
[ 1453/12000]  acc=0.7333  min=0.3333  best=0.8000  reward=10.07
[ 1454/12000]  acc=0.6667  min=0.3333  best=0.8000  reward=9.60
[ 1455/12000]  acc=0.7333  min=0.5333  best=0.8000  reward=10.60
[ 1456/12000]  acc=0.6667  min=0.4667  best=0.8000  reward=9.73
[ 1457/12000]  acc=0.7333  min=0.3333  best=0.8000  reward=10.40
[ 1458/12000]  acc=0.7333  min=0.5333  best=0.8000  reward=10.80
[ 1459/12000]  acc=0.6667  min=0.4667  best=0.8000  reward=9.73
[ 1460/12000]  acc=0.7333  min=0.4000  best=0.8000  reward=10.53 [ckpt]
[ 1461/12000]  acc=0.6667  min=0.4667  best=0.8000  reward=9.80
[ 1462/12000]  acc=0.7333  min=0.6667  best=0.8000  reward=10.87
[ 1463/12000]  acc=0.6667  min=0.4000  best=0.8000  reward=9.53
[ 1464/12000]  acc=0.7333  min=0.4000  best=0.8000  reward=10.47
[ 1465/12000]  acc=0.7333  min=0.6000  best=0.8000  reward=10.73
[ 1466/12000]  acc=0.6667  min=0.4000  best=0.8000  reward=9.93
[ 1467/12000]  acc=0.7333  min=0.4667  best=0.8000  reward=10.33
[ 1468/12000]  acc=0.6667  min=0.3333  best=0.8000  reward=9.80
[ 1469/12000]  acc=0.6667  min=0.6000  best=0.8000  reward=9.93
[ 1470/12000]  acc=0.6667  min=0.5333  best=0.8000  reward=9.80
[ 1471/12000]  acc=0.7333  min=0.4000  best=0.8000  reward=10.33
[ 1472/12000]  acc=0.6667  min=0.4667  best=0.8000  reward=9.87
[ 1473/12000]  acc=0.6667  min=0.2667  best=0.8000  reward=9.60
[ 1474/12000]  acc=0.6667  min=0.4667  best=0.8000  reward=9.87
[ 1475/12000]  acc=0.6667  min=0.4667  best=0.8000  reward=10.20
[ 1476/12000]  acc=0.7333  min=0.5333  best=0.8000  reward=10.60
[ 1477/12000]  acc=0.6667  min=0.5333  best=0.8000  reward=9.87
[ 1478/12000]  acc=0.7333  min=0.5333  best=0.8000  reward=10.60
[ 1479/12000]  acc=0.7333  min=0.5333  best=0.8000  reward=10.53
[ 1480/12000]  acc=0.8000  min=0.3333  best=0.8000  reward=10.60 [ckpt]
[ 1481/12000]  acc=0.7333  min=0.3333  best=0.8000  reward=10.53
[ 1482/12000]  acc=0.7333  min=0.3333  best=0.8000  reward=10.33
[ 1483/12000]  acc=0.7333  min=0.4667  best=0.8000  reward=10.47
[ 1484/12000]  acc=0.7333  min=0.4000  best=0.8000  reward=10.13
[ 1485/12000]  acc=0.7333  min=0.6000  best=0.8000  reward=10.67
[ 1486/12000]  acc=0.7333  min=0.4667  best=0.8000  reward=10.47
[ 1487/12000]  acc=0.6667  min=0.5333  best=0.8000  reward=9.80
[ 1488/12000]  acc=0.8000  min=0.5333  best=0.8000  reward=11.07
[ 1489/12000]  acc=0.7333  min=0.4000  best=0.8000  reward=10.53
[ 1490/12000]  acc=0.6667  min=0.4667  best=0.8000  reward=9.73
[ 1491/12000]  acc=0.6667  min=0.4667  best=0.8000  reward=9.73
[ 1492/12000]  acc=0.7333  min=0.5333  best=0.8000  reward=10.07
[ 1493/12000]  acc=0.7333  min=0.3333  best=0.8000  reward=10.40
[ 1494/12000]  acc=0.7333  min=0.4000  best=0.8000  reward=10.40
[ 1495/12000]  acc=0.6667  min=0.5333  best=0.8000  reward=9.80
[ 1496/12000]  acc=0.7333  min=0.6000  best=0.8000  reward=10.87
[ 1497/12000]  acc=0.7333  min=0.5333  best=0.8000  reward=10.73
[ 1498/12000]  acc=0.7333  min=0.6667  best=0.8000  reward=10.87
[ 1499/12000]  acc=0.6667  min=0.5333  best=0.8000  reward=10.00
[ 1500/12000]  acc=0.6667  min=0.6000  best=0.8000  reward=10.27 [ckpt]
[ 1501/12000]  acc=0.6667  min=0.4667  best=0.8000  reward=9.87
[ 1502/12000]  acc=0.7333  min=0.4667  best=0.8000  reward=10.53
[ 1503/12000]  acc=0.7333  min=0.4000  best=0.8000  reward=10.60
[ 1504/12000]  acc=0.7333  min=0.5333  best=0.8000  reward=10.67
[ 1505/12000]  acc=0.6667  min=0.4000  best=0.8000  reward=10.00
[ 1506/12000]  acc=0.7333  min=0.5333  best=0.8000  reward=10.80
[ 1507/12000]  acc=0.8000  min=0.5333  best=0.8000  reward=11.27
[ 1508/12000]  acc=0.7333  min=0.4000  best=0.8000  reward=10.47
[ 1509/12000]  acc=0.6667  min=0.4667  best=0.8000  reward=9.73
[ 1510/12000]  acc=0.6667  min=0.4000  best=0.8000  reward=9.80
[ 1511/12000]  acc=0.7333  min=0.5333  best=0.8000  reward=10.67
[ 1512/12000]  acc=0.6667  min=0.5333  best=0.8000  reward=9.73
[ 1513/12000]  acc=0.7333  min=0.6000  best=0.8000  reward=10.73
[ 1514/12000]  acc=0.7333  min=0.4000  best=0.8000  reward=10.67
[ 1515/12000]  acc=0.7333  min=0.4000  best=0.8000  reward=10.53
[ 1516/12000]  acc=0.7333  min=0.5333  best=0.8000  reward=10.67
[ 1517/12000]  acc=0.7333  min=0.4000  best=0.8000  reward=10.73
[ 1518/12000]  acc=0.6667  min=0.4667  best=0.8000  reward=9.80
[ 1519/12000]  acc=0.7333  min=0.4667  best=0.8000  reward=10.73
[ 1520/12000]  acc=0.8000  min=0.5333  best=0.8000  reward=11.33 [ckpt]
[ 1521/12000]  acc=0.7333  min=0.4000  best=0.8000  reward=10.47
[ 1522/12000]  acc=0.7333  min=0.4667  best=0.8000  reward=10.27
[ 1523/12000]  acc=0.7333  min=0.5333  best=0.8000  reward=11.33
[ 1524/12000]  acc=0.6667  min=0.6000  best=0.8000  reward=9.93
[ 1525/12000]  acc=0.7333  min=0.4000  best=0.8000  reward=9.93
[ 1526/12000]  acc=0.8000  min=0.3333  best=0.8000  reward=10.73
[ 1527/12000]  acc=0.6667  min=0.3333  best=0.8000  reward=9.80
[ 1528/12000]  acc=0.7333  min=0.5333  best=0.8000  reward=10.53
[ 1529/12000]  acc=0.7333  min=0.4000  best=0.8000  reward=10.53
[ 1530/12000]  acc=0.7333  min=0.6000  best=0.8000  reward=11.07
[ 1531/12000]  acc=0.7333  min=0.5333  best=0.8000  reward=10.67
[ 1532/12000]  acc=0.7333  min=0.4000  best=0.8000  reward=10.33
[ 1533/12000]  acc=0.6667  min=0.4000  best=0.8000  reward=9.87
[ 1534/12000]  acc=0.6667  min=0.4000  best=0.8000  reward=9.93
[ 1535/12000]  acc=0.6667  min=0.5333  best=0.8000  reward=10.73
[ 1536/12000]  acc=0.7333  min=0.4000  best=0.8000  reward=10.60
[ 1537/12000]  acc=0.6667  min=0.4000  best=0.8000  reward=9.73
[ 1538/12000]  acc=0.6667  min=0.4667  best=0.8000  reward=9.80
[ 1539/12000]  acc=0.6667  min=0.3333  best=0.8000  reward=9.60
[ 1540/12000]  acc=0.6667  min=0.6000  best=0.8000  reward=10.40 [ckpt]
[ 1541/12000]  acc=0.7333  min=0.5333  best=0.8000  reward=10.80
[ 1542/12000]  acc=0.6667  min=0.4667  best=0.8000  reward=9.93
[ 1543/12000]  acc=0.6667  min=0.4667  best=0.8000  reward=10.00
[ 1544/12000]  acc=0.7333  min=0.4667  best=0.8000  reward=10.53
[ 1545/12000]  acc=0.7333  min=0.4667  best=0.8000  reward=10.60
[ 1546/12000]  acc=0.7333  min=0.4000  best=0.8000  reward=10.47
[ 1547/12000]  acc=0.6667  min=0.5333  best=0.8000  reward=9.87
[ 1548/12000]  acc=0.6667  min=0.6000  best=0.8000  reward=9.93
[ 1549/12000]  acc=0.7333  min=0.5333  best=0.8000  reward=10.53
[ 1550/12000]  acc=0.6667  min=0.3333  best=0.8000  reward=9.60
[ 1551/12000]  acc=0.7333  min=0.4667  best=0.8000  reward=10.60
[ 1552/12000]  acc=0.6667  min=0.4667  best=0.8000  reward=9.87
[ 1553/12000]  acc=0.6667  min=0.4667  best=0.8000  reward=9.60
[ 1554/12000]  acc=0.6667  min=0.5333  best=0.8000  reward=9.73
[ 1555/12000]  acc=0.7333  min=0.4667  best=0.8000  reward=10.47
[ 1556/12000]  acc=0.7333  min=0.3333  best=0.8000  reward=10.47
[ 1557/12000]  acc=0.6667  min=0.6000  best=0.8000  reward=9.87
[ 1558/12000]  acc=0.6667  min=0.4000  best=0.8000  reward=9.67
[ 1559/12000]  acc=0.6667  min=0.4000  best=0.8000  reward=9.53
[ 1560/12000]  acc=0.7333  min=0.3333  best=0.8000  reward=10.07 [ckpt]
[ 1561/12000]  acc=0.6000  min=0.4667  best=0.8000  reward=8.33
[ 1562/12000]  acc=0.6667  min=0.4667  best=0.8000  reward=9.67
[ 1563/12000]  acc=0.6667  min=0.4667  best=0.8000  reward=9.73
[ 1564/12000]  acc=0.6667  min=0.4000  best=0.8000  reward=10.47
[ 1565/12000]  acc=0.7333  min=0.5333  best=0.8000  reward=10.40
[ 1566/12000]  acc=0.6667  min=0.6000  best=0.8000  reward=9.87
[ 1567/12000]  acc=0.6667  min=0.5333  best=0.8000  reward=9.80
[ 1568/12000]  acc=0.7333  min=0.4667  best=0.8000  reward=10.80
[ 1569/12000]  acc=0.6667  min=0.6667  best=0.8000  reward=10.73
[ 1570/12000]  acc=0.6667  min=0.5333  best=0.8000  reward=9.80
[ 1571/12000]  acc=0.6667  min=0.4667  best=0.8000  reward=9.60
[ 1572/12000]  acc=0.7333  min=0.5333  best=0.8000  reward=10.67
[ 1573/12000]  acc=0.6667  min=0.4000  best=0.8000  reward=9.93
[ 1574/12000]  acc=0.7333  min=0.5333  best=0.8000  reward=10.80
[ 1575/12000]  acc=0.7333  min=0.6000  best=0.8000  reward=10.73
[ 1576/12000]  acc=0.6667  min=0.6000  best=0.8000  reward=9.93
[ 1577/12000]  acc=0.6667  min=0.4667  best=0.8000  reward=9.80
[ 1578/12000]  acc=0.7333  min=0.5333  best=0.8000  reward=10.60
[ 1579/12000]  acc=0.7333  min=0.5333  best=0.8000  reward=10.67
[ 1580/12000]  acc=0.7333  min=0.5333  best=0.8000  reward=10.53 [ckpt]
[ 1581/12000]  acc=0.7333  min=0.2667  best=0.8000  reward=10.40
[ 1582/12000]  acc=0.6667  min=0.4000  best=0.8000  reward=9.80
[ 1583/12000]  acc=0.7333  min=0.4667  best=0.8000  reward=10.67
[ 1584/12000]  acc=0.7333  min=0.4667  best=0.8000  reward=10.47
[ 1585/12000]  acc=0.8000  min=0.6000  best=0.8000  reward=10.80
[ 1586/12000]  acc=0.7333  min=0.4000  best=0.8000  reward=10.47
[ 1587/12000]  acc=0.6667  min=0.6667  best=0.8000  reward=10.47
[ 1588/12000]  acc=0.6667  min=0.5333  best=0.8000  reward=10.07
[ 1589/12000]  acc=0.6667  min=0.2667  best=0.8000  reward=9.67
[ 1590/12000]  acc=0.6667  min=0.4667  best=0.8000  reward=10.20
[ 1591/12000]  acc=0.6667  min=0.4667  best=0.8000  reward=10.73
[ 1592/12000]  acc=0.7333  min=0.3333  best=0.8000  reward=10.53
[ 1593/12000]  acc=0.7333  min=0.4000  best=0.8000  reward=10.13
[ 1594/12000]  acc=0.6667  min=0.6000  best=0.8000  reward=10.00
[ 1595/12000]  acc=0.6667  min=0.6000  best=0.8000  reward=9.93
[ 1596/12000]  acc=0.6667  min=0.4000  best=0.8000  reward=9.80
[ 1597/12000]  acc=0.7333  min=0.4667  best=0.8000  reward=10.60
[ 1598/12000]  acc=0.7333  min=0.4667  best=0.8000  reward=10.60
[ 1599/12000]  acc=0.7333  min=0.4000  best=0.8000  reward=10.47
[ 1600/12000]  acc=0.7333  min=0.5333  best=0.8000  reward=10.60 [ckpt]
[ 1601/12000]  acc=0.6667  min=0.4000  best=0.8000  reward=9.73
[ 1602/12000]  acc=0.6667  min=0.2667  best=0.8000  reward=10.00
[ 1603/12000]  acc=0.6667  min=0.4667  best=0.8000  reward=9.80
[ 1604/12000]  acc=0.7333  min=0.5333  best=0.8000  reward=10.47
[ 1605/12000]  acc=0.7333  min=0.4667  best=0.8000  reward=10.67
[ 1606/12000]  acc=0.7333  min=0.5333  best=0.8000  reward=10.47
[ 1607/12000]  acc=0.6667  min=0.4667  best=0.8000  reward=10.00
[ 1608/12000]  acc=0.6667  min=0.3333  best=0.8000  reward=9.80
[ 1609/12000]  acc=0.7333  min=0.4000  best=0.8000  reward=10.67
[ 1610/12000]  acc=0.6667  min=0.4667  best=0.8000  reward=9.67
[ 1611/12000]  acc=0.8000  min=0.4000  best=0.8000  reward=11.33
[ 1612/12000]  acc=0.6667  min=0.4000  best=0.8000  reward=9.67
[ 1613/12000]  acc=0.7333  min=0.6000  best=0.8000  reward=10.73
[ 1614/12000]  acc=0.7333  min=0.6000  best=0.8000  reward=10.80
[ 1615/12000]  acc=0.6667  min=0.4667  best=0.8000  reward=10.07
[ 1616/12000]  acc=0.7333  min=0.4667  best=0.8000  reward=10.67
[ 1617/12000]  acc=0.7333  min=0.4667  best=0.8000  reward=10.67
[ 1618/12000]  acc=0.6667  min=0.4000  best=0.8000  reward=9.67
[ 1619/12000]  acc=0.7333  min=0.5333  best=0.8000  reward=10.73
[ 1620/12000]  acc=0.6667  min=0.4000  best=0.8000  reward=9.80 [ckpt]
[ 1621/12000]  acc=0.6667  min=0.4667  best=0.8000  reward=9.93
[ 1622/12000]  acc=0.7333  min=0.6000  best=0.8000  reward=10.73
[ 1623/12000]  acc=0.6667  min=0.4000  best=0.8000  reward=9.73
[ 1624/12000]  acc=0.7333  min=0.5333  best=0.8000  reward=10.73
[ 1625/12000]  acc=0.7333  min=0.4667  best=0.8000  reward=10.53
[ 1626/12000]  acc=0.7333  min=0.4667  best=0.8000  reward=10.73
[ 1627/12000]  acc=0.6667  min=0.4000  best=0.8000  reward=9.87
[ 1628/12000]  acc=0.7333  min=0.4667  best=0.8000  reward=10.80
[ 1629/12000]  acc=0.7333  min=0.4667  best=0.8000  reward=10.67
[ 1630/12000]  acc=0.7333  min=0.4667  best=0.8000  reward=10.47
[ 1631/12000]  acc=0.7333  min=0.5333  best=0.8000  reward=10.67
[ 1632/12000]  acc=0.7333  min=0.5333  best=0.8000  reward=10.67
[ 1633/12000]  acc=0.7333  min=0.4000  best=0.8000  reward=10.47
[ 1634/12000]  acc=0.6667  min=0.5333  best=0.8000  reward=9.93
[ 1635/12000]  acc=0.6667  min=0.5333  best=0.8000  reward=9.73
[ 1636/12000]  acc=0.7333  min=0.5333  best=0.8000  reward=11.07
[ 1637/12000]  acc=0.6667  min=0.4000  best=0.8000  reward=10.40
[ 1638/12000]  acc=0.6667  min=0.5333  best=0.8000  reward=10.20
[ 1639/12000]  acc=0.7333  min=0.3333  best=0.8000  reward=10.60
[ 1640/12000]  acc=0.7333  min=0.3333  best=0.8000  reward=10.53 [ckpt]
[ 1641/12000]  acc=0.7333  min=0.4000  best=0.8000  reward=10.60
[ 1642/12000]  acc=0.6667  min=0.5333  best=0.8000  reward=9.87
[ 1643/12000]  acc=0.7333  min=0.4000  best=0.8000  reward=10.60
[ 1644/12000]  acc=0.6667  min=0.5333  best=0.8000  reward=9.80
[ 1645/12000]  acc=0.7333  min=0.5333  best=0.8000  reward=10.73
[ 1646/12000]  acc=0.6667  min=0.5333  best=0.8000  reward=10.00
[ 1647/12000]  acc=0.7333  min=0.6000  best=0.8000  reward=10.40
[ 1648/12000]  acc=0.8000  min=0.4667  best=0.8000  reward=11.27
[ 1649/12000]  acc=0.6667  min=0.4667  best=0.8000  reward=9.73
[ 1650/12000]  acc=0.6667  min=0.4000  best=0.8000  reward=9.87
[ 1651/12000]  acc=0.7333  min=0.6000  best=0.8000  reward=10.73
[ 1652/12000]  acc=0.6667  min=0.5333  best=0.8000  reward=9.93
[ 1653/12000]  acc=0.7333  min=0.4667  best=0.8000  reward=10.80
[ 1654/12000]  acc=0.7333  min=0.4000  best=0.8000  reward=10.47
[ 1655/12000]  acc=0.7333  min=0.4667  best=0.8000  reward=10.67
[ 1656/12000]  acc=0.6667  min=0.4000  best=0.8000  reward=9.60
[ 1657/12000]  acc=0.7333  min=0.2667  best=0.8000  reward=9.73
[ 1658/12000]  acc=0.7333  min=0.5333  best=0.8000  reward=10.53
[ 1659/12000]  acc=0.8000  min=0.5333  best=0.8000  reward=11.47
[ 1660/12000]  acc=0.7333  min=0.4667  best=0.8000  reward=10.53 [ckpt]
[ 1661/12000]  acc=0.7333  min=0.4667  best=0.8000  reward=10.60
[ 1662/12000]  acc=0.7333  min=0.4000  best=0.8000  reward=10.67
[ 1663/12000]  acc=0.7333  min=0.4667  best=0.8000  reward=10.60
[ 1664/12000]  acc=0.7333  min=0.4667  best=0.8000  reward=10.53
[ 1665/12000]  acc=0.7333  min=0.6000  best=0.8000  reward=10.67
[ 1666/12000]  acc=0.8000  min=0.2667  best=0.8000  reward=10.40
[ 1667/12000]  acc=0.7333  min=0.4000  best=0.8000  reward=10.27
[ 1668/12000]  acc=0.7333  min=0.5333  best=0.8000  reward=10.60
[ 1669/12000]  acc=0.7333  min=0.4667  best=0.8000  reward=10.67
[ 1670/12000]  acc=0.7333  min=0.5333  best=0.8000  reward=10.60
[ 1671/12000]  acc=0.6667  min=0.4667  best=0.8000  reward=9.87
[ 1672/12000]  acc=0.6667  min=0.3333  best=0.8000  reward=9.73
[ 1673/12000]  acc=0.6667  min=0.4000  best=0.8000  reward=9.73
[ 1674/12000]  acc=0.6667  min=0.6000  best=0.8000  reward=9.87
[ 1675/12000]  acc=0.7333  min=0.4667  best=0.8000  reward=10.53
[ 1676/12000]  acc=0.6667  min=0.5333  best=0.8000  reward=9.87
[ 1677/12000]  acc=0.7333  min=0.4667  best=0.8000  reward=10.67
[ 1678/12000]  acc=0.6667  min=0.4667  best=0.8000  reward=9.73
[ 1679/12000]  acc=0.7333  min=0.6000  best=0.8000  reward=10.80
[ 1680/12000]  acc=0.7333  min=0.4667  best=0.8000  reward=10.33 [ckpt]
[ 1681/12000]  acc=0.7333  min=0.4667  best=0.8000  reward=10.53
[ 1682/12000]  acc=0.8000  min=0.3333  best=0.8000  reward=10.73
[ 1683/12000]  acc=0.7333  min=0.4667  best=0.8000  reward=10.60
[ 1684/12000]  acc=0.6667  min=0.4667  best=0.8000  reward=10.00
[ 1685/12000]  acc=0.7333  min=0.4667  best=0.8000  reward=10.53
[ 1686/12000]  acc=0.6667  min=0.5333  best=0.8000  reward=10.07
[ 1687/12000]  acc=0.6667  min=0.3333  best=0.8000  reward=9.87
[ 1688/12000]  acc=0.7333  min=0.5333  best=0.8000  reward=10.60
[ 1689/12000]  acc=0.6667  min=0.4000  best=0.8000  reward=9.73
[ 1690/12000]  acc=0.6667  min=0.2667  best=0.8000  reward=9.40
[ 1691/12000]  acc=0.6667  min=0.4000  best=0.8000  reward=9.60
[ 1692/12000]  acc=0.7333  min=0.4667  best=0.8000  reward=10.53
[ 1693/12000]  acc=0.6667  min=0.4000  best=0.8000  reward=9.80
[ 1694/12000]  acc=0.6667  min=0.3333  best=0.8000  reward=9.67
[ 1695/12000]  acc=0.7333  min=0.4000  best=0.8000  reward=10.53
[ 1696/12000]  acc=0.7333  min=0.5333  best=0.8000  reward=10.93
[ 1697/12000]  acc=0.7333  min=0.4667  best=0.8000  reward=10.47
[ 1698/12000]  acc=0.7333  min=0.3333  best=0.8000  reward=10.33
[ 1699/12000]  acc=0.7333  min=0.5333  best=0.8000  reward=10.80
[ 1700/12000]  acc=0.6667  min=0.4667  best=0.8000  reward=9.80 [ckpt]
[ 1701/12000]  acc=0.7333  min=0.4000  best=0.8000  reward=10.53
[ 1702/12000]  acc=0.6667  min=0.4667  best=0.8000  reward=9.80
[ 1703/12000]  acc=0.6667  min=0.4667  best=0.8000  reward=10.13
[ 1704/12000]  acc=0.6667  min=0.4667  best=0.8000  reward=9.73
[ 1705/12000]  acc=0.6667  min=0.6000  best=0.8000  reward=9.93
[ 1706/12000]  acc=0.7333  min=0.6000  best=0.8000  reward=10.87
[ 1707/12000]  acc=0.7333  min=0.4667  best=0.8000  reward=10.53
[ 1708/12000]  acc=0.6667  min=0.2667  best=0.8000  reward=9.40
[ 1709/12000]  acc=0.7333  min=0.5333  best=0.8000  reward=10.67
[ 1710/12000]  acc=0.7333  min=0.5333  best=0.8000  reward=10.33
[ 1711/12000]  acc=0.7333  min=0.4667  best=0.8000  reward=10.60
[ 1712/12000]  acc=0.6667  min=0.5333  best=0.8000  reward=10.33
[ 1713/12000]  acc=0.7333  min=0.5333  best=0.8000  reward=10.67
[ 1714/12000]  acc=0.7333  min=0.3333  best=0.8000  reward=10.13
[ 1715/12000]  acc=0.7333  min=0.5333  best=0.8000  reward=10.60
[ 1716/12000]  acc=0.7333  min=0.3333  best=0.8000  reward=10.33
[ 1717/12000]  acc=0.6667  min=0.5333  best=0.8000  reward=10.13
[ 1718/12000]  acc=0.7333  min=0.4667  best=0.8000  reward=10.67
[ 1719/12000]  acc=0.7333  min=0.4667  best=0.8000  reward=10.53
[ 1720/12000]  acc=0.7333  min=0.4667  best=0.8000  reward=10.13 [ckpt]
[ 1721/12000]  acc=0.7333  min=0.5333  best=0.8000  reward=10.40
[ 1722/12000]  acc=0.7333  min=0.4667  best=0.8000  reward=10.53
[ 1723/12000]  acc=0.7333  min=0.5333  best=0.8000  reward=10.53
[ 1724/12000]  acc=0.7333  min=0.4000  best=0.8000  reward=10.60
[ 1725/12000]  acc=0.7333  min=0.4000  best=0.8000  reward=10.33
[ 1726/12000]  acc=0.7333  min=0.4667  best=0.8000  reward=10.53
[ 1727/12000]  acc=0.7333  min=0.4000  best=0.8000  reward=10.40
[ 1728/12000]  acc=0.7333  min=0.4667  best=0.8000  reward=10.60
[ 1729/12000]  acc=0.7333  min=0.4000  best=0.8000  reward=10.60
[ 1730/12000]  acc=0.6667  min=0.5333  best=0.8000  reward=9.87
[ 1731/12000]  acc=0.8000  min=0.2000  best=0.8000  reward=10.47
[ 1732/12000]  acc=0.7333  min=0.4667  best=0.8000  reward=10.67
[ 1733/12000]  acc=0.7333  min=0.5333  best=0.8000  reward=10.47
[ 1734/12000]  acc=0.7333  min=0.4667  best=0.8000  reward=10.67
[ 1735/12000]  acc=0.7333  min=0.4667  best=0.8000  reward=10.67
[ 1736/12000]  acc=0.8000  min=0.4667  best=0.8000  reward=11.00
[ 1737/12000]  acc=0.7333  min=0.3333  best=0.8000  reward=10.40
[ 1738/12000]  acc=0.7333  min=0.4667  best=0.8000  reward=10.53
[ 1739/12000]  acc=0.8000  min=0.3333  best=0.8000  reward=10.67
[ 1740/12000]  acc=0.7333  min=0.4667  best=0.8000  reward=10.60 [ckpt]
[ 1741/12000]  acc=0.6667  min=0.4000  best=0.8000  reward=9.73
[ 1742/12000]  acc=0.7333  min=0.3333  best=0.8000  reward=10.00
[ 1743/12000]  acc=0.6667  min=0.3333  best=0.8000  reward=9.80
[ 1744/12000]  acc=0.7333  min=0.3333  best=0.8000  reward=10.60
[ 1745/12000]  acc=0.7333  min=0.5333  best=0.8000  reward=10.73
[ 1746/12000]  acc=0.6667  min=0.4000  best=0.8000  reward=9.73
[ 1747/12000]  acc=0.7333  min=0.3333  best=0.8000  reward=10.53
[ 1748/12000]  acc=0.6667  min=0.4667  best=0.8000  reward=10.07
[ 1749/12000]  acc=0.7333  min=0.4667  best=0.8000  reward=9.93
[ 1750/12000]  acc=0.8000  min=0.4000  best=0.8000  reward=10.27
[ 1751/12000]  acc=0.7333  min=0.4667  best=0.8000  reward=10.60
[ 1752/12000]  acc=0.7333  min=0.4667  best=0.8000  reward=10.60
[ 1753/12000]  acc=0.6667  min=0.3333  best=0.8000  reward=9.67
[ 1754/12000]  acc=0.7333  min=0.3333  best=0.8000  reward=10.40
[ 1755/12000]  acc=0.7333  min=0.4667  best=0.8000  reward=10.53
[ 1756/12000]  acc=0.7333  min=0.5333  best=0.8000  reward=10.67
[ 1757/12000]  acc=0.7333  min=0.4000  best=0.8000  reward=10.60
[ 1758/12000]  acc=0.6667  min=0.4667  best=0.8000  reward=9.87
[ 1759/12000]  acc=0.7333  min=0.4667  best=0.8000  reward=10.60
[ 1760/12000]  acc=0.6667  min=0.5333  best=0.8000  reward=10.40 [ckpt]
[ 1761/12000]  acc=0.6667  min=0.4667  best=0.8000  reward=9.93
[ 1762/12000]  acc=0.6667  min=0.3333  best=0.8000  reward=9.73
[ 1763/12000]  acc=0.7333  min=0.4000  best=0.8000  reward=10.60
[ 1764/12000]  acc=0.7333  min=0.2667  best=0.8000  reward=10.53
[ 1765/12000]  acc=0.6667  min=0.5333  best=0.8000  reward=10.00
[ 1766/12000]  acc=0.7333  min=0.3333  best=0.8000  reward=10.60
[ 1767/12000]  acc=0.7333  min=0.5333  best=0.8000  reward=10.47
[ 1768/12000]  acc=0.6667  min=0.4667  best=0.8000  reward=9.80
[ 1769/12000]  acc=0.6667  min=0.6000  best=0.8000  reward=10.00
[ 1770/12000]  acc=0.6667  min=0.4000  best=0.8000  reward=9.67
[ 1771/12000]  acc=0.7333  min=0.4667  best=0.8000  reward=10.53
[ 1772/12000]  acc=0.7333  min=0.4000  best=0.8000  reward=10.80
[ 1773/12000]  acc=0.6667  min=0.4667  best=0.8000  reward=10.00
[ 1774/12000]  acc=0.6667  min=0.3333  best=0.8000  reward=9.73
[ 1775/12000]  acc=0.6667  min=0.4000  best=0.8000  reward=9.67
[ 1776/12000]  acc=0.7333  min=0.4667  best=0.8000  reward=10.33
[ 1777/12000]  acc=0.7333  min=0.4667  best=0.8000  reward=10.67
[ 1778/12000]  acc=0.7333  min=0.6000  best=0.8000  reward=10.87
[ 1779/12000]  acc=0.7333  min=0.6000  best=0.8000  reward=10.67
[ 1780/12000]  acc=0.7333  min=0.2667  best=0.8000  reward=10.40 [ckpt]
[ 1781/12000]  acc=0.6667  min=0.4000  best=0.8000  reward=9.80
[ 1782/12000]  acc=0.7333  min=0.5333  best=0.8000  reward=10.73
[ 1783/12000]  acc=0.6667  min=0.6000  best=0.8000  reward=10.33
[ 1784/12000]  acc=0.7333  min=0.4000  best=0.8000  reward=10.53
[ 1785/12000]  acc=0.7333  min=0.4667  best=0.8000  reward=10.40
[ 1786/12000]  acc=0.7333  min=0.4667  best=0.8000  reward=10.53
[ 1787/12000]  acc=0.7333  min=0.4667  best=0.8000  reward=10.60
[ 1788/12000]  acc=0.7333  min=0.5333  best=0.8000  reward=10.80
[ 1789/12000]  acc=0.6667  min=0.5333  best=0.8000  reward=9.93
[ 1790/12000]  acc=0.6667  min=0.4000  best=0.8000  reward=9.80
[ 1791/12000]  acc=0.7333  min=0.5333  best=0.8000  reward=9.93
[ 1792/12000]  acc=0.8000  min=0.4667  best=0.8000  reward=11.27
[ 1793/12000]  acc=0.6667  min=0.5333  best=0.8000  reward=10.07
[ 1794/12000]  acc=0.7333  min=0.3333  best=0.8000  reward=10.47
[ 1795/12000]  acc=0.6667  min=0.4667  best=0.8000  reward=9.73
[ 1796/12000]  acc=0.6667  min=0.4000  best=0.8000  reward=9.73
[ 1797/12000]  acc=0.7333  min=0.5333  best=0.8000  reward=10.47
[ 1798/12000]  acc=0.7333  min=0.4000  best=0.8000  reward=10.60
[ 1799/12000]  acc=0.6667  min=0.5333  best=0.8000  reward=9.87
[ 1800/12000]  acc=0.8000  min=0.4667  best=0.8000  reward=11.27 [ckpt]
[ 1801/12000]  acc=0.7333  min=0.4667  best=0.8000  reward=10.67
[ 1802/12000]  acc=0.6667  min=0.4667  best=0.8000  reward=9.73
[ 1803/12000]  acc=0.6667  min=0.4667  best=0.8000  reward=9.80
[ 1804/12000]  acc=0.7333  min=0.4000  best=0.8000  reward=10.60
[ 1805/12000]  acc=0.6667  min=0.4667  best=0.8000  reward=9.73
[ 1806/12000]  acc=0.6667  min=0.4000  best=0.8000  reward=10.40
[ 1807/12000]  acc=0.6667  min=0.4667  best=0.8000  reward=10.00
[ 1808/12000]  acc=0.6667  min=0.4667  best=0.8000  reward=9.93
[ 1809/12000]  acc=0.6667  min=0.4000  best=0.8000  reward=9.80
[ 1810/12000]  acc=0.6667  min=0.5333  best=0.8000  reward=9.93
[ 1811/12000]  acc=0.7333  min=0.4000  best=0.8000  reward=10.60
[ 1812/12000]  acc=0.7333  min=0.5333  best=0.8000  reward=10.67
[ 1813/12000]  acc=0.7333  min=0.4000  best=0.8000  reward=10.60
[ 1814/12000]  acc=0.7333  min=0.3333  best=0.8000  reward=10.40
[ 1815/12000]  acc=0.7333  min=0.5333  best=0.8000  reward=10.60
[ 1816/12000]  acc=0.7333  min=0.4000  best=0.8000  reward=10.67
[ 1817/12000]  acc=0.6667  min=0.4667  best=0.8000  reward=9.73
[ 1818/12000]  acc=0.7333  min=0.4000  best=0.8000  reward=10.53
[ 1819/12000]  acc=0.6667  min=0.3333  best=0.8000  reward=9.67
[ 1820/12000]  acc=0.6667  min=0.5333  best=0.8000  reward=10.07 [ckpt]
[ 1821/12000]  acc=0.7333  min=0.6000  best=0.8000  reward=11.00
[ 1822/12000]  acc=0.6667  min=0.5333  best=0.8000  reward=10.07
[ 1823/12000]  acc=0.7333  min=0.4667  best=0.8000  reward=10.60
[ 1824/12000]  acc=0.7333  min=0.6000  best=0.8000  reward=10.00
[ 1825/12000]  acc=0.6667  min=0.3333  best=0.8000  reward=9.93
[ 1826/12000]  acc=0.6667  min=0.4000  best=0.8000  reward=9.87
[ 1827/12000]  acc=0.7333  min=0.4000  best=0.8000  reward=10.40
[ 1828/12000]  acc=0.7333  min=0.5333  best=0.8000  reward=10.33
[ 1829/12000]  acc=0.6667  min=0.4667  best=0.8000  reward=9.87
[ 1830/12000]  acc=0.7333  min=0.4667  best=0.8000  reward=10.27
[ 1831/12000]  acc=0.6667  min=0.3333  best=0.8000  reward=10.07
[ 1832/12000]  acc=0.6667  min=0.5333  best=0.8000  reward=9.73
[ 1833/12000]  acc=0.7333  min=0.4667  best=0.8000  reward=10.53
[ 1834/12000]  acc=0.6667  min=0.5333  best=0.8000  reward=9.80
[ 1835/12000]  acc=0.7333  min=0.3333  best=0.8000  reward=10.47
[ 1836/12000]  acc=0.7333  min=0.4667  best=0.8000  reward=10.53
[ 1837/12000]  acc=0.7333  min=0.4000  best=0.8000  reward=11.07
[ 1838/12000]  acc=0.6667  min=0.4000  best=0.8000  reward=9.87
[ 1839/12000]  acc=0.6667  min=0.4667  best=0.8000  reward=9.80
[ 1840/12000]  acc=0.6667  min=0.4000  best=0.8000  reward=9.87 [ckpt]
[ 1841/12000]  acc=0.7333  min=0.5333  best=0.8000  reward=10.53
[ 1842/12000]  acc=0.7333  min=0.4667  best=0.8000  reward=10.60
[ 1843/12000]  acc=0.7333  min=0.5333  best=0.8000  reward=10.73
[ 1844/12000]  acc=0.8000  min=0.4667  best=0.8000  reward=10.27
[ 1845/12000]  acc=0.6667  min=0.5333  best=0.8000  reward=10.00
[ 1846/12000]  acc=0.6667  min=0.4667  best=0.8000  reward=9.87
[ 1847/12000]  acc=0.6667  min=0.4000  best=0.8000  reward=10.27
[ 1848/12000]  acc=0.7333  min=0.4667  best=0.8000  reward=10.60
[ 1849/12000]  acc=0.7333  min=0.3333  best=0.8000  reward=10.53
[ 1850/12000]  acc=0.7333  min=0.4000  best=0.8000  reward=10.00
[ 1851/12000]  acc=0.7333  min=0.4667  best=0.8000  reward=10.67
[ 1852/12000]  acc=0.6667  min=0.6000  best=0.8000  reward=9.93
[ 1853/12000]  acc=0.6667  min=0.5333  best=0.8000  reward=10.07
[ 1854/12000]  acc=0.7333  min=0.4667  best=0.8000  reward=10.53
[ 1855/12000]  acc=0.7333  min=0.4000  best=0.8000  reward=10.60
[ 1856/12000]  acc=0.7333  min=0.3333  best=0.8000  reward=10.47
[ 1857/12000]  acc=0.7333  min=0.4000  best=0.8000  reward=10.60
[ 1858/12000]  acc=0.7333  min=0.5333  best=0.8000  reward=9.87
[ 1859/12000]  acc=0.6667  min=0.4000  best=0.8000  reward=9.73
[ 1860/12000]  acc=0.7333  min=0.4667  best=0.8000  reward=10.60 [ckpt]
[ 1861/12000]  acc=0.7333  min=0.5333  best=0.8000  reward=10.67
[ 1862/12000]  acc=0.7333  min=0.5333  best=0.8000  reward=10.67
[ 1863/12000]  acc=0.7333  min=0.4000  best=0.8000  reward=10.47
[ 1864/12000]  acc=0.6667  min=0.5333  best=0.8000  reward=9.93
[ 1865/12000]  acc=0.7333  min=0.4000  best=0.8000  reward=10.67
[ 1866/12000]  acc=0.6667  min=0.4000  best=0.8000  reward=9.93
[ 1867/12000]  acc=0.6667  min=0.6000  best=0.8000  reward=10.00
[ 1868/12000]  acc=0.7333  min=0.6000  best=0.8000  reward=10.80
[ 1869/12000]  acc=0.6667  min=0.4667  best=0.8000  reward=9.87
[ 1870/12000]  acc=0.7333  min=0.4667  best=0.8000  reward=10.67
[ 1871/12000]  acc=0.7333  min=0.5333  best=0.8000  reward=10.60
[ 1872/12000]  acc=0.7333  min=0.5333  best=0.8000  reward=10.47
[ 1873/12000]  acc=0.6667  min=0.3333  best=0.8000  reward=9.87
[ 1874/12000]  acc=0.7333  min=0.3333  best=0.8000  reward=10.53
[ 1875/12000]  acc=0.7333  min=0.5333  best=0.8000  reward=10.73
[ 1876/12000]  acc=0.7333  min=0.5333  best=0.8000  reward=10.60
[ 1877/12000]  acc=0.6667  min=0.3333  best=0.8000  reward=9.87
[ 1878/12000]  acc=0.7333  min=0.4667  best=0.8000  reward=10.53
[ 1879/12000]  acc=0.6667  min=0.4000  best=0.8000  reward=9.80
[ 1880/12000]  acc=0.7333  min=0.5333  best=0.8000  reward=10.67 [ckpt]
[ 1881/12000]  acc=0.6667  min=0.4000  best=0.8000  reward=9.93
[ 1882/12000]  acc=0.6667  min=0.6000  best=0.8000  reward=9.93
[ 1883/12000]  acc=0.7333  min=0.4667  best=0.8000  reward=10.47
[ 1884/12000]  acc=0.6667  min=0.6000  best=0.8000  reward=10.13
[ 1885/12000]  acc=0.6667  min=0.4000  best=0.8000  reward=9.73
[ 1886/12000]  acc=0.7333  min=0.3333  best=0.8000  reward=10.40
[ 1887/12000]  acc=0.6667  min=0.4667  best=0.8000  reward=10.13
[ 1888/12000]  acc=0.7333  min=0.6000  best=0.8000  reward=10.47
[ 1889/12000]  acc=0.7333  min=0.5333  best=0.8000  reward=10.87
[ 1890/12000]  acc=0.6667  min=0.5333  best=0.8000  reward=10.20
[ 1891/12000]  acc=0.7333  min=0.3333  best=0.8000  reward=10.47
[ 1892/12000]  acc=0.7333  min=0.6000  best=0.8000  reward=10.73
[ 1893/12000]  acc=0.7333  min=0.4000  best=0.8000  reward=10.33
[ 1894/12000]  acc=0.6667  min=0.4000  best=0.8000  reward=9.80
[ 1895/12000]  acc=0.7333  min=0.4667  best=0.8000  reward=10.93
[ 1896/12000]  acc=0.7333  min=0.4667  best=0.8000  reward=10.40
[ 1897/12000]  acc=0.7333  min=0.4000  best=0.8000  reward=10.40
[ 1898/12000]  acc=0.7333  min=0.4000  best=0.8000  reward=10.53
[ 1899/12000]  acc=0.7333  min=0.5333  best=0.8000  reward=10.47
[ 1900/12000]  acc=0.7333  min=0.5333  best=0.8000  reward=11.07 [ckpt]
[ 1901/12000]  acc=0.6667  min=0.4667  best=0.8000  reward=9.73
[ 1902/12000]  acc=0.6667  min=0.3333  best=0.8000  reward=9.60
[ 1903/12000]  acc=0.7333  min=0.4000  best=0.8000  reward=10.53
[ 1904/12000]  acc=0.6667  min=0.4000  best=0.8000  reward=9.80
[ 1905/12000]  acc=0.6667  min=0.2667  best=0.8000  reward=10.07
[ 1906/12000]  acc=0.6667  min=0.4667  best=0.8000  reward=9.60
[ 1907/12000]  acc=0.6667  min=0.4667  best=0.8000  reward=10.20
[ 1908/12000]  acc=0.7333  min=0.6000  best=0.8000  reward=10.67
[ 1909/12000]  acc=0.7333  min=0.4667  best=0.8000  reward=10.67
[ 1910/12000]  acc=0.7333  min=0.4667  best=0.8000  reward=10.53
[ 1911/12000]  acc=0.6667  min=0.4667  best=0.8000  reward=10.27
[ 1912/12000]  acc=0.7333  min=0.4667  best=0.8000  reward=10.40
[ 1913/12000]  acc=0.7333  min=0.3333  best=0.8000  reward=10.40
[ 1914/12000]  acc=0.6667  min=0.4667  best=0.8000  reward=9.93
[ 1915/12000]  acc=0.7333  min=0.6000  best=0.8000  reward=10.67
[ 1916/12000]  acc=0.6667  min=0.4000  best=0.8000  reward=10.07
[ 1917/12000]  acc=0.7333  min=0.4667  best=0.8000  reward=10.80
[ 1918/12000]  acc=0.8000  min=0.4667  best=0.8000  reward=11.00
[ 1919/12000]  acc=0.7333  min=0.4667  best=0.8000  reward=10.07
[ 1920/12000]  acc=0.7333  min=0.4000  best=0.8000  reward=10.60 [ckpt]
[ 1921/12000]  acc=0.6667  min=0.3333  best=0.8000  reward=9.73
[ 1922/12000]  acc=0.7333  min=0.2667  best=0.8000  reward=10.47
[ 1923/12000]  acc=0.6667  min=0.4667  best=0.8000  reward=9.87
[ 1924/12000]  acc=0.6667  min=0.5333  best=0.8000  reward=9.93
[ 1925/12000]  acc=0.6667  min=0.4667  best=0.8000  reward=9.73
[ 1926/12000]  acc=0.7333  min=0.3333  best=0.8000  reward=10.53
[ 1927/12000]  acc=0.7333  min=0.4000  best=0.8000  reward=10.47
[ 1928/12000]  acc=0.6667  min=0.4667  best=0.8000  reward=9.87
[ 1929/12000]  acc=0.7333  min=0.4000  best=0.8000  reward=10.00
[ 1930/12000]  acc=0.7333  min=0.6000  best=0.8000  reward=10.80
[ 1931/12000]  acc=0.7333  min=0.4667  best=0.8000  reward=10.60
[ 1932/12000]  acc=0.7333  min=0.4667  best=0.8000  reward=10.53
[ 1933/12000]  acc=0.8000  min=0.3333  best=0.8000  reward=10.20
[ 1934/12000]  acc=0.6667  min=0.4000  best=0.8000  reward=9.80
[ 1935/12000]  acc=0.7333  min=0.4667  best=0.8000  reward=10.53
[ 1936/12000]  acc=0.7333  min=0.4667  best=0.8000  reward=10.27
[ 1937/12000]  acc=0.7333  min=0.5333  best=0.8000  reward=10.53
[ 1938/12000]  acc=0.6667  min=0.4667  best=0.8000  reward=9.73
[ 1939/12000]  acc=0.7333  min=0.5333  best=0.8000  reward=10.73
[ 1940/12000]  acc=0.6667  min=0.4000  best=0.8000  reward=9.93 [ckpt]
[ 1941/12000]  acc=0.6667  min=0.3333  best=0.8000  reward=9.73
[ 1942/12000]  acc=0.6667  min=0.4000  best=0.8000  reward=9.67
[ 1943/12000]  acc=0.6667  min=0.4667  best=0.8000  reward=9.73
[ 1944/12000]  acc=0.6667  min=0.4667  best=0.8000  reward=9.87
[ 1945/12000]  acc=0.7333  min=0.4667  best=0.8000  reward=10.53
[ 1946/12000]  acc=0.8000  min=0.5333  best=0.8000  reward=11.33
[ 1947/12000]  acc=0.6667  min=0.3333  best=0.8000  reward=9.67
[ 1948/12000]  acc=0.6667  min=0.4000  best=0.8000  reward=10.13
[ 1949/12000]  acc=0.6667  min=0.4000  best=0.8000  reward=9.67
[ 1950/12000]  acc=0.6667  min=0.3333  best=0.8000  reward=9.73
[ 1951/12000]  acc=0.7333  min=0.5333  best=0.8000  reward=10.53
[ 1952/12000]  acc=0.7333  min=0.5333  best=0.8000  reward=10.60
[ 1953/12000]  acc=0.7333  min=0.4000  best=0.8000  reward=10.60
[ 1954/12000]  acc=0.7333  min=0.4000  best=0.8000  reward=10.53
[ 1955/12000]  acc=0.7333  min=0.5333  best=0.8000  reward=10.73
[ 1956/12000]  acc=0.7333  min=0.4667  best=0.8000  reward=10.53
[ 1957/12000]  acc=0.7333  min=0.4667  best=0.8000  reward=10.67
[ 1958/12000]  acc=0.7333  min=0.4000  best=0.8000  reward=10.33
[ 1959/12000]  acc=0.6667  min=0.4667  best=0.8000  reward=9.80
[ 1960/12000]  acc=0.7333  min=0.3333  best=0.8000  reward=10.13 [ckpt]
[ 1961/12000]  acc=0.6667  min=0.4667  best=0.8000  reward=9.73
[ 1962/12000]  acc=0.7333  min=0.6000  best=0.8000  reward=10.80
[ 1963/12000]  acc=0.7333  min=0.3333  best=0.8000  reward=10.73
[ 1964/12000]  acc=0.6667  min=0.5333  best=0.8000  reward=9.93
[ 1965/12000]  acc=0.6667  min=0.4000  best=0.8000  reward=10.00
[ 1966/12000]  acc=0.7333  min=0.2667  best=0.8000  reward=10.33
[ 1967/12000]  acc=0.7333  min=0.4667  best=0.8000  reward=10.60
[ 1968/12000]  acc=0.6667  min=0.4667  best=0.8000  reward=10.00
[ 1969/12000]  acc=0.7333  min=0.5333  best=0.8000  reward=10.67
[ 1970/12000]  acc=0.7333  min=0.5333  best=0.8000  reward=10.53
[ 1971/12000]  acc=0.7333  min=0.3333  best=0.8000  reward=10.33
[ 1972/12000]  acc=0.7333  min=0.3333  best=0.8000  reward=10.40
[ 1973/12000]  acc=0.7333  min=0.4000  best=0.8000  reward=10.33
[ 1974/12000]  acc=0.6667  min=0.5333  best=0.8000  reward=9.93
[ 1975/12000]  acc=0.7333  min=0.5333  best=0.8000  reward=10.60
[ 1976/12000]  acc=0.7333  min=0.5333  best=0.8000  reward=10.87
[ 1977/12000]  acc=0.7333  min=0.6000  best=0.8000  reward=10.80
[ 1978/12000]  acc=0.7333  min=0.4000  best=0.8000  reward=10.67
[ 1979/12000]  acc=0.6667  min=0.3333  best=0.8000  reward=9.73
[ 1980/12000]  acc=0.8000  min=0.4667  best=0.8000  reward=11.00 [ckpt]
[ 1981/12000]  acc=0.6667  min=0.5333  best=0.8000  reward=9.87
[ 1982/12000]  acc=0.7333  min=0.5333  best=0.8000  reward=10.47
[ 1983/12000]  acc=0.6667  min=0.5333  best=0.8000  reward=9.93
[ 1984/12000]  acc=0.7333  min=0.4000  best=0.8000  reward=10.47
[ 1985/12000]  acc=0.6667  min=0.4667  best=0.8000  reward=10.07
[ 1986/12000]  acc=0.7333  min=0.4000  best=0.8000  reward=10.60
[ 1987/12000]  acc=0.7333  min=0.4000  best=0.8000  reward=10.53
[ 1988/12000]  acc=0.6667  min=0.4000  best=0.8000  reward=9.67
[ 1989/12000]  acc=0.7333  min=0.4667  best=0.8000  reward=10.53
[ 1990/12000]  acc=0.7333  min=0.3333  best=0.8000  reward=10.47
[ 1991/12000]  acc=0.7333  min=0.4667  best=0.8000  reward=10.40
[ 1992/12000]  acc=0.7333  min=0.2667  best=0.8000  reward=10.40
[ 1993/12000]  acc=0.6667  min=0.4667  best=0.8000  reward=9.80
[ 1994/12000]  acc=0.7333  min=0.4667  best=0.8000  reward=10.27
[ 1995/12000]  acc=0.7333  min=0.5333  best=0.8000  reward=11.20
[ 1996/12000]  acc=0.7333  min=0.5333  best=0.8000  reward=10.87
[ 1997/12000]  acc=0.6667  min=0.4667  best=0.8000  reward=9.80
[ 1998/12000]  acc=0.7333  min=0.4667  best=0.8000  reward=10.13
[ 1999/12000]  acc=0.7333  min=0.4000  best=0.8000  reward=10.40
[ 2000/12000]  acc=0.6667  min=0.3333  best=0.8000  reward=9.60 [ckpt]
[ 2001/12000]  acc=0.6667  min=0.4667  best=0.8000  reward=10.27
[ 2002/12000]  acc=0.7333  min=0.4667  best=0.8000  reward=10.60
[ 2003/12000]  acc=0.7333  min=0.4667  best=0.8000  reward=10.40
[ 2004/12000]  acc=0.6667  min=0.4667  best=0.8000  reward=10.20
[ 2005/12000]  acc=0.7333  min=0.4000  best=0.8000  reward=10.47
[ 2006/12000]  acc=0.7333  min=0.3333  best=0.8000  reward=9.93
[ 2007/12000]  acc=0.6667  min=0.5333  best=0.8000  reward=10.13
[ 2008/12000]  acc=0.6667  min=0.6000  best=0.8000  reward=10.27
[ 2009/12000]  acc=0.7333  min=0.4667  best=0.8000  reward=9.73
[ 2010/12000]  acc=0.7333  min=0.6000  best=0.8000  reward=10.80
[ 2011/12000]  acc=0.7333  min=0.4667  best=0.8000  reward=10.53
[ 2012/12000]  acc=0.8000  min=0.5333  best=0.8000  reward=10.93
[ 2013/12000]  acc=0.6667  min=0.4000  best=0.8000  reward=10.13
[ 2014/12000]  acc=0.6667  min=0.5333  best=0.8000  reward=9.93
[ 2015/12000]  acc=0.7333  min=0.5333  best=0.8000  reward=10.73
[ 2016/12000]  acc=0.7333  min=0.5333  best=0.8000  reward=10.60
[ 2017/12000]  acc=0.6667  min=0.4667  best=0.8000  reward=9.87
[ 2018/12000]  acc=0.7333  min=0.4667  best=0.8000  reward=10.67
[ 2019/12000]  acc=0.7333  min=0.4000  best=0.8000  reward=10.13
[ 2020/12000]  acc=0.7333  min=0.4000  best=0.8000  reward=10.47 [ckpt]
[ 2021/12000]  acc=0.7333  min=0.4667  best=0.8000  reward=10.53
[ 2022/12000]  acc=0.6667  min=0.3333  best=0.8000  reward=9.60
[ 2023/12000]  acc=0.7333  min=0.3333  best=0.8000  reward=10.27
[ 2024/12000]  acc=0.7333  min=0.4000  best=0.8000  reward=10.47
[ 2025/12000]  acc=0.7333  min=0.6000  best=0.8000  reward=10.73
[ 2026/12000]  acc=0.7333  min=0.4667  best=0.8000  reward=10.20
[ 2027/12000]  acc=0.7333  min=0.4667  best=0.8000  reward=10.60
[ 2028/12000]  acc=0.6667  min=0.4667  best=0.8000  reward=9.80
[ 2029/12000]  acc=0.6667  min=0.6000  best=0.8000  reward=10.20
[ 2030/12000]  acc=0.7333  min=0.4667  best=0.8000  reward=9.73
[ 2031/12000]  acc=0.7333  min=0.5333  best=0.8000  reward=10.67
[ 2032/12000]  acc=0.6667  min=0.4000  best=0.8000  reward=10.07
[ 2033/12000]  acc=0.6667  min=0.4667  best=0.8000  reward=9.87
[ 2034/12000]  acc=0.6667  min=0.3333  best=0.8000  reward=9.60
[ 2035/12000]  acc=0.6667  min=0.4667  best=0.8000  reward=9.60
[ 2036/12000]  acc=0.7333  min=0.4000  best=0.8000  reward=10.67
[ 2037/12000]  acc=0.7333  min=0.6667  best=0.8000  reward=10.20
[ 2038/12000]  acc=0.6667  min=0.4667  best=0.8000  reward=9.87
[ 2039/12000]  acc=0.8000  min=0.5333  best=0.8000  reward=11.13
[ 2040/12000]  acc=0.7333  min=0.5333  best=0.8000  reward=10.80 [ckpt]
[ 2041/12000]  acc=0.7333  min=0.6000  best=0.8000  reward=10.60
[ 2042/12000]  acc=0.6667  min=0.4667  best=0.8000  reward=9.93
[ 2043/12000]  acc=0.6667  min=0.5333  best=0.8000  reward=9.67
[ 2044/12000]  acc=0.7333  min=0.6000  best=0.8000  reward=10.80
[ 2045/12000]  acc=0.7333  min=0.4667  best=0.8000  reward=10.60
[ 2046/12000]  acc=0.6667  min=0.5333  best=0.8000  reward=10.00
[ 2047/12000]  acc=0.6667  min=0.4667  best=0.8000  reward=9.87
[ 2048/12000]  acc=0.7333  min=0.4000  best=0.8000  reward=10.47
[ 2049/12000]  acc=0.8000  min=0.4000  best=0.8000  reward=10.87
[ 2050/12000]  acc=0.6667  min=0.4000  best=0.8000  reward=9.73
[ 2051/12000]  acc=0.6667  min=0.4000  best=0.8000  reward=9.67
[ 2052/12000]  acc=0.7333  min=0.3333  best=0.8000  reward=10.53
[ 2053/12000]  acc=0.7333  min=0.4667  best=0.8000  reward=10.53
[ 2054/12000]  acc=0.7333  min=0.4667  best=0.8000  reward=10.20
[ 2055/12000]  acc=0.7333  min=0.5333  best=0.8000  reward=10.73
[ 2056/12000]  acc=0.7333  min=0.5333  best=0.8000  reward=10.53
[ 2057/12000]  acc=0.8000  min=0.4000  best=0.8000  reward=10.80
[ 2058/12000]  acc=0.6667  min=0.3333  best=0.8000  reward=9.60
[ 2059/12000]  acc=0.6667  min=0.4000  best=0.8000  reward=9.80
[ 2060/12000]  acc=0.6667  min=0.5333  best=0.8000  reward=10.07 [ckpt]
[ 2061/12000]  acc=0.6667  min=0.4667  best=0.8000  reward=9.87
[ 2062/12000]  acc=0.7333  min=0.4667  best=0.8000  reward=10.53
[ 2063/12000]  acc=0.7333  min=0.5333  best=0.8000  reward=10.60
[ 2064/12000]  acc=0.7333  min=0.3333  best=0.8000  reward=10.27
[ 2065/12000]  acc=0.7333  min=0.4000  best=0.8000  reward=9.93
[ 2066/12000]  acc=0.7333  min=0.4667  best=0.8000  reward=10.60
[ 2067/12000]  acc=0.7333  min=0.4667  best=0.8000  reward=10.60
[ 2068/12000]  acc=0.7333  min=0.4000  best=0.8000  reward=10.53
[ 2069/12000]  acc=0.8000  min=0.4667  best=0.8000  reward=10.93
[ 2070/12000]  acc=0.7333  min=0.4667  best=0.8000  reward=10.67
[ 2071/12000]  acc=0.7333  min=0.3333  best=0.8000  reward=10.40
[ 2072/12000]  acc=0.6667  min=0.5333  best=0.8000  reward=10.07
[ 2073/12000]  acc=0.6667  min=0.4667  best=0.8000  reward=9.60
[ 2074/12000]  acc=0.8000  min=0.5333  best=0.8000  reward=11.47
[ 2075/12000]  acc=0.6667  min=0.5333  best=0.8000  reward=10.07
[ 2076/12000]  acc=0.7333  min=0.2667  best=0.8000  reward=10.47
[ 2077/12000]  acc=0.7333  min=0.4000  best=0.8000  reward=10.47
[ 2078/12000]  acc=0.6667  min=0.5333  best=0.8000  reward=10.13
[ 2079/12000]  acc=0.7333  min=0.4667  best=0.8000  reward=11.20
[ 2080/12000]  acc=0.7333  min=0.6000  best=0.8000  reward=10.80 [ckpt]
[ 2081/12000]  acc=0.6667  min=0.4667  best=0.8000  reward=9.93
[ 2082/12000]  acc=0.6667  min=0.5333  best=0.8000  reward=9.80
[ 2083/12000]  acc=0.7333  min=0.4667  best=0.8000  reward=10.60
[ 2084/12000]  acc=0.7333  min=0.4000  best=0.8000  reward=10.47
[ 2085/12000]  acc=0.6667  min=0.6000  best=0.8000  reward=10.00
[ 2086/12000]  acc=0.7333  min=0.6000  best=0.8000  reward=10.73
[ 2087/12000]  acc=0.6667  min=0.4000  best=0.8000  reward=9.80
[ 2088/12000]  acc=0.7333  min=0.3333  best=0.8000  reward=10.40
[ 2089/12000]  acc=0.7333  min=0.4000  best=0.8000  reward=10.33
[ 2090/12000]  acc=0.7333  min=0.3333  best=0.8000  reward=10.13
[ 2091/12000]  acc=0.6667  min=0.5333  best=0.8000  reward=9.93
[ 2092/12000]  acc=0.7333  min=0.3333  best=0.8000  reward=10.53
[ 2093/12000]  acc=0.7333  min=0.3333  best=0.8000  reward=10.60
[ 2094/12000]  acc=0.6667  min=0.4667  best=0.8000  reward=9.80
[ 2095/12000]  acc=0.6667  min=0.4000  best=0.8000  reward=9.73
[ 2096/12000]  acc=0.6667  min=0.4667  best=0.8000  reward=9.87
[ 2097/12000]  acc=0.7333  min=0.4667  best=0.8000  reward=11.07
[ 2098/12000]  acc=0.8000  min=0.4667  best=0.8000  reward=10.40
[ 2099/12000]  acc=0.7333  min=0.5333  best=0.8000  reward=10.67
[ 2100/12000]  acc=0.6667  min=0.4000  best=0.8000  reward=9.60 [ckpt]
[ 2101/12000]  acc=0.7333  min=0.4667  best=0.8000  reward=10.67
[ 2102/12000]  acc=0.6667  min=0.4667  best=0.8000  reward=9.80
[ 2103/12000]  acc=0.7333  min=0.4667  best=0.8000  reward=10.47
[ 2104/12000]  acc=0.6667  min=0.4667  best=0.8000  reward=9.93
[ 2105/12000]  acc=0.7333  min=0.4667  best=0.8000  reward=10.60
[ 2106/12000]  acc=0.6667  min=0.4667  best=0.8000  reward=10.00
[ 2107/12000]  acc=0.6667  min=0.5333  best=0.8000  reward=9.87
[ 2108/12000]  acc=0.6667  min=0.4667  best=0.8000  reward=9.87
[ 2109/12000]  acc=0.7333  min=0.4667  best=0.8000  reward=10.40
[ 2110/12000]  acc=0.7333  min=0.4000  best=0.8000  reward=10.53
[ 2111/12000]  acc=0.8000  min=0.3333  best=0.8000  reward=10.93
[ 2112/12000]  acc=0.7333  min=0.5333  best=0.8000  reward=10.07
[ 2113/12000]  acc=0.7333  min=0.5333  best=0.8000  reward=10.53
[ 2114/12000]  acc=0.6667  min=0.4667  best=0.8000  reward=9.93
[ 2115/12000]  acc=0.6667  min=0.6000  best=0.8000  reward=9.93
[ 2116/12000]  acc=0.6667  min=0.4000  best=0.8000  reward=9.73
[ 2117/12000]  acc=0.6667  min=0.4667  best=0.8000  reward=9.80
[ 2118/12000]  acc=0.7333  min=0.4667  best=0.8000  reward=10.27
[ 2119/12000]  acc=0.6667  min=0.4667  best=0.8000  reward=9.93
[ 2120/12000]  acc=0.7333  min=0.4667  best=0.8000  reward=10.13 [ckpt]
[ 2121/12000]  acc=0.7333  min=0.3333  best=0.8000  reward=10.13
[ 2122/12000]  acc=0.7333  min=0.4000  best=0.8000  reward=10.40
[ 2123/12000]  acc=0.7333  min=0.4000  best=0.8000  reward=10.40
[ 2124/12000]  acc=0.6667  min=0.5333  best=0.8000  reward=9.87
[ 2125/12000]  acc=0.7333  min=0.5333  best=0.8000  reward=10.60
[ 2126/12000]  acc=0.6667  min=0.4667  best=0.8000  reward=9.87
[ 2127/12000]  acc=0.7333  min=0.3333  best=0.8000  reward=10.60
[ 2128/12000]  acc=0.7333  min=0.4000  best=0.8000  reward=10.40
[ 2129/12000]  acc=0.6667  min=0.4000  best=0.8000  reward=10.00
[ 2130/12000]  acc=0.6667  min=0.4667  best=0.8000  reward=9.87
[ 2131/12000]  acc=0.6667  min=0.5333  best=0.8000  reward=10.00
[ 2132/12000]  acc=0.7333  min=0.6000  best=0.8000  reward=10.73
[ 2133/12000]  acc=0.6667  min=0.4667  best=0.8000  reward=9.73
[ 2134/12000]  acc=0.6667  min=0.3333  best=0.8000  reward=9.80
[ 2135/12000]  acc=0.7333  min=0.4667  best=0.8000  reward=10.20
[ 2136/12000]  acc=0.7333  min=0.4667  best=0.8000  reward=10.07
[ 2137/12000]  acc=0.6667  min=0.4667  best=0.8000  reward=9.67
[ 2138/12000]  acc=0.7333  min=0.4667  best=0.8000  reward=10.60
[ 2139/12000]  acc=0.6667  min=0.4667  best=0.8000  reward=9.73
[ 2140/12000]  acc=0.7333  min=0.6000  best=0.8000  reward=10.13 [ckpt]
[ 2141/12000]  acc=0.7333  min=0.5333  best=0.8000  reward=10.60
[ 2142/12000]  acc=0.7333  min=0.4000  best=0.8000  reward=10.47
[ 2143/12000]  acc=0.7333  min=0.4667  best=0.8000  reward=10.53
[ 2144/12000]  acc=0.7333  min=0.4000  best=0.8000  reward=10.53
[ 2145/12000]  acc=0.7333  min=0.2667  best=0.8000  reward=10.33
[ 2146/12000]  acc=0.7333  min=0.6000  best=0.8000  reward=10.73
[ 2147/12000]  acc=0.6667  min=0.5333  best=0.8000  reward=9.93
[ 2148/12000]  acc=0.8000  min=0.4667  best=0.8000  reward=11.27
[ 2149/12000]  acc=0.7333  min=0.2667  best=0.8000  reward=10.53
[ 2150/12000]  acc=0.7333  min=0.4000  best=0.8000  reward=10.60
[ 2151/12000]  acc=0.7333  min=0.4000  best=0.8000  reward=10.67
[ 2152/12000]  acc=0.7333  min=0.5333  best=0.8000  reward=10.60
[ 2153/12000]  acc=0.6667  min=0.4667  best=0.8000  reward=9.73
[ 2154/12000]  acc=0.7333  min=0.4667  best=0.8000  reward=10.67
[ 2155/12000]  acc=0.6667  min=0.4667  best=0.8000  reward=9.73
[ 2156/12000]  acc=0.7333  min=0.4000  best=0.8000  reward=10.07
[ 2157/12000]  acc=0.6667  min=0.5333  best=0.8000  reward=9.87
[ 2158/12000]  acc=0.7333  min=0.4667  best=0.8000  reward=10.27
[ 2159/12000]  acc=0.7333  min=0.4667  best=0.8000  reward=10.53
[ 2160/12000]  acc=0.7333  min=0.4667  best=0.8000  reward=9.87 [ckpt]
[ 2161/12000]  acc=0.6667  min=0.6000  best=0.8000  reward=10.20
[ 2162/12000]  acc=0.6667  min=0.4667  best=0.8000  reward=9.87
[ 2163/12000]  acc=0.7333  min=0.5333  best=0.8000  reward=10.60
[ 2164/12000]  acc=0.7333  min=0.6000  best=0.8000  reward=10.73
[ 2165/12000]  acc=0.8000  min=0.5333  best=0.8000  reward=11.20
[ 2166/12000]  acc=0.7333  min=0.3333  best=0.8000  reward=10.33
[ 2167/12000]  acc=0.7333  min=0.2667  best=0.8000  reward=10.33
[ 2168/12000]  acc=0.8000  min=0.2667  best=0.8000  reward=10.00
[ 2169/12000]  acc=0.6667  min=0.5333  best=0.8000  reward=9.87
[ 2170/12000]  acc=0.6667  min=0.4000  best=0.8000  reward=9.87
[ 2171/12000]  acc=0.7333  min=0.5333  best=0.8000  reward=10.40
[ 2172/12000]  acc=0.6667  min=0.4000  best=0.8000  reward=9.80
[ 2173/12000]  acc=0.7333  min=0.4667  best=0.8000  reward=10.53
[ 2174/12000]  acc=0.7333  min=0.4000  best=0.8000  reward=10.53
[ 2175/12000]  acc=0.6667  min=0.5333  best=0.8000  reward=9.67
[ 2176/12000]  acc=0.7333  min=0.4000  best=0.8000  reward=10.67
[ 2177/12000]  acc=0.7333  min=0.5333  best=0.8000  reward=10.67
[ 2178/12000]  acc=0.7333  min=0.4667  best=0.8000  reward=10.53
[ 2179/12000]  acc=0.7333  min=0.5333  best=0.8000  reward=10.60
[ 2180/12000]  acc=0.7333  min=0.5333  best=0.8000  reward=10.73 [ckpt]
[ 2181/12000]  acc=0.6667  min=0.3333  best=0.8000  reward=9.60
[ 2182/12000]  acc=0.6667  min=0.5333  best=0.8000  reward=9.93
[ 2183/12000]  acc=0.7333  min=0.4667  best=0.8000  reward=10.60
[ 2184/12000]  acc=0.7333  min=0.4000  best=0.8000  reward=10.60
[ 2185/12000]  acc=0.6667  min=0.3333  best=0.8000  reward=9.87
[ 2186/12000]  acc=0.6667  min=0.4000  best=0.8000  reward=9.93
[ 2187/12000]  acc=0.7333  min=0.6000  best=0.8000  reward=10.87
[ 2188/12000]  acc=0.7333  min=0.3333  best=0.8000  reward=10.33
[ 2189/12000]  acc=0.6667  min=0.4667  best=0.8000  reward=9.93
[ 2190/12000]  acc=0.7333  min=0.4000  best=0.8000  reward=10.53
[ 2191/12000]  acc=0.7333  min=0.4000  best=0.8000  reward=10.67
[ 2192/12000]  acc=0.6667  min=0.5333  best=0.8000  reward=9.87
[ 2193/12000]  acc=0.7333  min=0.2667  best=0.8000  reward=10.47
[ 2194/12000]  acc=0.6667  min=0.6000  best=0.8000  reward=9.87
[ 2195/12000]  acc=0.7333  min=0.5333  best=0.8000  reward=10.67
[ 2196/12000]  acc=0.7333  min=0.4667  best=0.8000  reward=10.60
[ 2197/12000]  acc=0.7333  min=0.5333  best=0.8000  reward=10.67
[ 2198/12000]  acc=0.6667  min=0.4667  best=0.8000  reward=10.40
[ 2199/12000]  acc=0.7333  min=0.5333  best=0.8000  reward=10.67
[ 2200/12000]  acc=0.7333  min=0.4667  best=0.8000  reward=10.47 [ckpt]
[ 2201/12000]  acc=0.6667  min=0.2667  best=0.8000  reward=9.47
[ 2202/12000]  acc=0.6667  min=0.4000  best=0.8000  reward=9.67
[ 2203/12000]  acc=0.6667  min=0.3333  best=0.8000  reward=9.40
[ 2204/12000]  acc=0.7333  min=0.4000  best=0.8000  reward=10.40
[ 2205/12000]  acc=0.6667  min=0.4000  best=0.8000  reward=9.67
[ 2206/12000]  acc=0.7333  min=0.4667  best=0.8000  reward=10.53
[ 2207/12000]  acc=0.7333  min=0.3333  best=0.8000  reward=10.00
[ 2208/12000]  acc=0.8000  min=0.4000  best=0.8000  reward=11.13
[ 2209/12000]  acc=0.6667  min=0.3333  best=0.8000  reward=9.93
[ 2210/12000]  acc=0.6667  min=0.4667  best=0.8000  reward=9.73
[ 2211/12000]  acc=0.6667  min=0.3333  best=0.8000  reward=9.80
[ 2212/12000]  acc=0.6667  min=0.5333  best=0.8000  reward=9.87
[ 2213/12000]  acc=0.7333  min=0.5333  best=0.8000  reward=10.60
[ 2214/12000]  acc=0.6667  min=0.4000  best=0.8000  reward=10.33
[ 2215/12000]  acc=0.7333  min=0.2667  best=0.8000  reward=10.13
[ 2216/12000]  acc=0.6667  min=0.5333  best=0.8000  reward=9.87
[ 2217/12000]  acc=0.6667  min=0.5333  best=0.8000  reward=10.00
[ 2218/12000]  acc=0.7333  min=0.4667  best=0.8000  reward=10.47
[ 2219/12000]  acc=0.7333  min=0.4000  best=0.8000  reward=10.13
[ 2220/12000]  acc=0.6667  min=0.3333  best=0.8000  reward=9.67 [ckpt]
[ 2221/12000]  acc=0.7333  min=0.4667  best=0.8000  reward=10.47
[ 2222/12000]  acc=0.7333  min=0.6000  best=0.8000  reward=11.00
[ 2223/12000]  acc=0.7333  min=0.6000  best=0.8000  reward=10.67
[ 2224/12000]  acc=0.7333  min=0.3333  best=0.8000  reward=10.40
[ 2225/12000]  acc=0.6667  min=0.3333  best=0.8000  reward=9.53
[ 2226/12000]  acc=0.7333  min=0.5333  best=0.8000  reward=10.80
[ 2227/12000]  acc=0.6667  min=0.4000  best=0.8000  reward=10.07
[ 2228/12000]  acc=0.8000  min=0.4000  best=0.8000  reward=11.27
[ 2229/12000]  acc=0.7333  min=0.5333  best=0.8000  reward=10.53
[ 2230/12000]  acc=0.7333  min=0.4000  best=0.8000  reward=10.40
[ 2231/12000]  acc=0.7333  min=0.3333  best=0.8000  reward=10.47
[ 2232/12000]  acc=0.7333  min=0.2667  best=0.8000  reward=10.40
[ 2233/12000]  acc=0.7333  min=0.5333  best=0.8000  reward=10.67
[ 2234/12000]  acc=0.6667  min=0.5333  best=0.8000  reward=9.73
[ 2235/12000]  acc=0.6667  min=0.3333  best=0.8000  reward=9.67
[ 2236/12000]  acc=0.8000  min=0.4000  best=0.8000  reward=11.07
[ 2237/12000]  acc=0.7333  min=0.5333  best=0.8000  reward=10.53
[ 2238/12000]  acc=0.7333  min=0.5333  best=0.8000  reward=10.93
[ 2239/12000]  acc=0.6667  min=0.4667  best=0.8000  reward=9.60
[ 2240/12000]  acc=0.6667  min=0.4000  best=0.8000  reward=9.80 [ckpt]
[ 2241/12000]  acc=0.7333  min=0.4667  best=0.8000  reward=10.13
[ 2242/12000]  acc=0.8000  min=0.4000  best=0.8000  reward=11.07
[ 2243/12000]  acc=0.7333  min=0.3333  best=0.8000  reward=10.53
[ 2244/12000]  acc=0.7333  min=0.4667  best=0.8000  reward=10.40
[ 2245/12000]  acc=0.6667  min=0.4000  best=0.8000  reward=9.87
[ 2246/12000]  acc=0.6667  min=0.5333  best=0.8000  reward=9.93
[ 2247/12000]  acc=0.6667  min=0.4667  best=0.8000  reward=9.60
[ 2248/12000]  acc=0.7333  min=0.5333  best=0.8000  reward=10.60
[ 2249/12000]  acc=0.6667  min=0.4000  best=0.8000  reward=10.53
[ 2250/12000]  acc=0.7333  min=0.4000  best=0.8000  reward=10.40
[ 2251/12000]  acc=0.7333  min=0.5333  best=0.8000  reward=10.67
[ 2252/12000]  acc=0.6667  min=0.4000  best=0.8000  reward=9.53
[ 2253/12000]  acc=0.6667  min=0.4667  best=0.8000  reward=9.93
[ 2254/12000]  acc=0.7333  min=0.4000  best=0.8000  reward=10.67
[ 2255/12000]  acc=0.7333  min=0.3333  best=0.8000  reward=10.27
[ 2256/12000]  acc=0.6667  min=0.4000  best=0.8000  reward=9.67
[ 2257/12000]  acc=0.7333  min=0.4000  best=0.8000  reward=10.40
[ 2258/12000]  acc=0.6667  min=0.2667  best=0.8000  reward=9.47
[ 2259/12000]  acc=0.6667  min=0.4667  best=0.8000  reward=9.73
[ 2260/12000]  acc=0.6667  min=0.4667  best=0.8000  reward=9.87 [ckpt]
[ 2261/12000]  acc=0.7333  min=0.3333  best=0.8000  reward=10.47
[ 2262/12000]  acc=0.7333  min=0.5333  best=0.8000  reward=10.47
[ 2263/12000]  acc=0.6667  min=0.4667  best=0.8000  reward=9.80
[ 2264/12000]  acc=0.6667  min=0.4667  best=0.8000  reward=9.80
[ 2265/12000]  acc=0.7333  min=0.5333  best=0.8000  reward=10.73
[ 2266/12000]  acc=0.7333  min=0.4000  best=0.8000  reward=10.67
[ 2267/12000]  acc=0.7333  min=0.5333  best=0.8000  reward=10.80
[ 2268/12000]  acc=0.6667  min=0.3333  best=0.8000  reward=9.60
[ 2269/12000]  acc=0.6667  min=0.3333  best=0.8000  reward=9.80
[ 2270/12000]  acc=0.7333  min=0.4000  best=0.8000  reward=10.40
[ 2271/12000]  acc=0.7333  min=0.4667  best=0.8000  reward=10.67
[ 2272/12000]  acc=0.6667  min=0.5333  best=0.8000  reward=9.87
[ 2273/12000]  acc=0.6667  min=0.6000  best=0.8000  reward=10.40
[ 2274/12000]  acc=0.7333  min=0.3333  best=0.8000  reward=10.53
[ 2275/12000]  acc=0.6667  min=0.4667  best=0.8000  reward=9.73
[ 2276/12000]  acc=0.7333  min=0.4000  best=0.8000  reward=10.33
[ 2277/12000]  acc=0.6667  min=0.4667  best=0.8000  reward=9.87
[ 2278/12000]  acc=0.7333  min=0.5333  best=0.8000  reward=10.73
[ 2279/12000]  acc=0.6667  min=0.3333  best=0.8000  reward=9.60
[ 2280/12000]  acc=0.7333  min=0.4667  best=0.8000  reward=10.40 [ckpt]
[ 2281/12000]  acc=0.6667  min=0.4667  best=0.8000  reward=9.67
[ 2282/12000]  acc=0.8000  min=0.4667  best=0.8000  reward=10.80
[ 2283/12000]  acc=0.6667  min=0.3333  best=0.8000  reward=10.07
[ 2284/12000]  acc=0.7333  min=0.6000  best=0.8000  reward=10.93
[ 2285/12000]  acc=0.7333  min=0.4000  best=0.8000  reward=10.40
[ 2286/12000]  acc=0.7333  min=0.4000  best=0.8000  reward=10.47
[ 2287/12000]  acc=0.7333  min=0.3333  best=0.8000  reward=10.47
[ 2288/12000]  acc=0.6667  min=0.4667  best=0.8000  reward=9.60
[ 2289/12000]  acc=0.6667  min=0.4000  best=0.8000  reward=9.80
[ 2290/12000]  acc=0.7333  min=0.4667  best=0.8000  reward=10.53
[ 2291/12000]  acc=0.7333  min=0.4667  best=0.8000  reward=10.47
[ 2292/12000]  acc=0.7333  min=0.4000  best=0.8000  reward=10.47
[ 2293/12000]  acc=0.6667  min=0.4667  best=0.8000  reward=9.87
[ 2294/12000]  acc=0.7333  min=0.4667  best=0.8000  reward=10.47
[ 2295/12000]  acc=0.7333  min=0.4667  best=0.8000  reward=10.60
[ 2296/12000]  acc=0.7333  min=0.4667  best=0.8000  reward=10.60
[ 2297/12000]  acc=0.7333  min=0.4000  best=0.8000  reward=10.60
[ 2298/12000]  acc=0.6667  min=0.4000  best=0.8000  reward=9.73
[ 2299/12000]  acc=0.8000  min=0.4000  best=0.8000  reward=11.13
[ 2300/12000]  acc=0.7333  min=0.6000  best=0.8000  reward=10.73 [ckpt]
[ 2301/12000]  acc=0.7333  min=0.4667  best=0.8000  reward=10.60
[ 2302/12000]  acc=0.6667  min=0.4667  best=0.8000  reward=9.67
[ 2303/12000]  acc=0.6667  min=0.3333  best=0.8000  reward=9.53
[ 2304/12000]  acc=0.7333  min=0.5333  best=0.8000  reward=10.60
[ 2305/12000]  acc=0.6667  min=0.4667  best=0.8000  reward=9.87
[ 2306/12000]  acc=0.8000  min=0.5333  best=0.8000  reward=11.47
[ 2307/12000]  acc=0.7333  min=0.5333  best=0.8000  reward=10.33
[ 2308/12000]  acc=0.7333  min=0.5333  best=0.8000  reward=10.60
[ 2309/12000]  acc=0.6667  min=0.4667  best=0.8000  reward=9.80
[ 2310/12000]  acc=0.6667  min=0.4667  best=0.8000  reward=9.87
[ 2311/12000]  acc=0.7333  min=0.4667  best=0.8000  reward=10.53
[ 2312/12000]  acc=0.7333  min=0.4667  best=0.8000  reward=10.60
[ 2313/12000]  acc=0.7333  min=0.4000  best=0.8000  reward=10.40
[ 2314/12000]  acc=0.7333  min=0.4667  best=0.8000  reward=10.53
[ 2315/12000]  acc=0.6667  min=0.4000  best=0.8000  reward=9.93
[ 2316/12000]  acc=0.7333  min=0.4667  best=0.8000  reward=10.87
[ 2317/12000]  acc=0.7333  min=0.5333  best=0.8000  reward=10.07
[ 2318/12000]  acc=0.7333  min=0.3333  best=0.8000  reward=10.47
[ 2319/12000]  acc=0.6667  min=0.5333  best=0.8000  reward=9.87
[ 2320/12000]  acc=0.7333  min=0.4000  best=0.8000  reward=10.47 [ckpt]
[ 2321/12000]  acc=0.7333  min=0.5333  best=0.8000  reward=10.80
[ 2322/12000]  acc=0.7333  min=0.5333  best=0.8000  reward=11.00
[ 2323/12000]  acc=0.6667  min=0.4000  best=0.8000  reward=9.73
[ 2324/12000]  acc=0.6667  min=0.4667  best=0.8000  reward=9.87
[ 2325/12000]  acc=0.7333  min=0.4000  best=0.8000  reward=10.40
[ 2326/12000]  acc=0.7333  min=0.5333  best=0.8000  reward=10.73
[ 2327/12000]  acc=0.6667  min=0.3333  best=0.8000  reward=9.60
[ 2328/12000]  acc=0.6667  min=0.4000  best=0.8000  reward=9.67
[ 2329/12000]  acc=0.7333  min=0.4000  best=0.8000  reward=10.53
[ 2330/12000]  acc=0.7333  min=0.4000  best=0.8000  reward=10.60
[ 2331/12000]  acc=0.7333  min=0.4667  best=0.8000  reward=10.53
[ 2332/12000]  acc=0.7333  min=0.3333  best=0.8000  reward=10.27
[ 2333/12000]  acc=0.6667  min=0.5333  best=0.8000  reward=10.20
[ 2334/12000]  acc=0.6667  min=0.4667  best=0.8000  reward=10.00
[ 2335/12000]  acc=0.6667  min=0.4667  best=0.8000  reward=9.93
[ 2336/12000]  acc=0.7333  min=0.4667  best=0.8000  reward=10.07
[ 2337/12000]  acc=0.8000  min=0.4000  best=0.8000  reward=11.13
[ 2338/12000]  acc=0.7333  min=0.4667  best=0.8000  reward=10.53
[ 2339/12000]  acc=0.7333  min=0.4000  best=0.8000  reward=10.47
[ 2340/12000]  acc=0.7333  min=0.5333  best=0.8000  reward=10.60 [ckpt]
[ 2341/12000]  acc=0.6667  min=0.4667  best=0.8000  reward=10.00
[ 2342/12000]  acc=0.7333  min=0.4667  best=0.8000  reward=10.80
[ 2343/12000]  acc=0.7333  min=0.4667  best=0.8000  reward=10.60
[ 2344/12000]  acc=0.7333  min=0.4000  best=0.8000  reward=10.33
[ 2345/12000]  acc=0.6667  min=0.4667  best=0.8000  reward=9.67
[ 2346/12000]  acc=0.7333  min=0.4000  best=0.8000  reward=10.47
[ 2347/12000]  acc=0.7333  min=0.3333  best=0.8000  reward=10.33
[ 2348/12000]  acc=0.7333  min=0.5333  best=0.8000  reward=10.60
[ 2349/12000]  acc=0.7333  min=0.4667  best=0.8000  reward=10.60
[ 2350/12000]  acc=0.7333  min=0.4667  best=0.8000  reward=10.20
[ 2351/12000]  acc=0.7333  min=0.4000  best=0.8000  reward=10.40
[ 2352/12000]  acc=0.6667  min=0.4667  best=0.8000  reward=9.87
[ 2353/12000]  acc=0.7333  min=0.4667  best=0.8000  reward=10.60
[ 2354/12000]  acc=0.6667  min=0.4000  best=0.8000  reward=9.80
[ 2355/12000]  acc=0.7333  min=0.4667  best=0.8000  reward=10.67
[ 2356/12000]  acc=0.7333  min=0.4000  best=0.8000  reward=10.40
[ 2357/12000]  acc=0.7333  min=0.6000  best=0.8000  reward=10.73
[ 2358/12000]  acc=0.6667  min=0.6000  best=0.8000  reward=10.07
[ 2359/12000]  acc=0.6667  min=0.4667  best=0.8000  reward=10.00
[ 2360/12000]  acc=0.7333  min=0.6000  best=0.8000  reward=10.73 [ckpt]
[ 2361/12000]  acc=0.7333  min=0.4667  best=0.8000  reward=10.73
[ 2362/12000]  acc=0.6667  min=0.6000  best=0.8000  reward=10.00
[ 2363/12000]  acc=0.6667  min=0.4000  best=0.8000  reward=9.80
[ 2364/12000]  acc=0.6667  min=0.6000  best=0.8000  reward=10.00
[ 2365/12000]  acc=0.6667  min=0.6000  best=0.8000  reward=11.47
[ 2366/12000]  acc=0.7333  min=0.5333  best=0.8000  reward=10.60
[ 2367/12000]  acc=0.8000  min=0.4667  best=0.8000  reward=11.40
[ 2368/12000]  acc=0.8000  min=0.4667  best=0.8000  reward=11.00
[ 2369/12000]  acc=0.7333  min=0.4667  best=0.8000  reward=10.60
[ 2370/12000]  acc=0.6667  min=0.4667  best=0.8000  reward=9.73
[ 2371/12000]  acc=0.7333  min=0.3333  best=0.8000  reward=9.87
[ 2372/12000]  acc=0.6667  min=0.5333  best=0.8000  reward=10.07
[ 2373/12000]  acc=0.7333  min=0.4000  best=0.8000  reward=10.13
[ 2374/12000]  acc=0.8000  min=0.4000  best=0.8000  reward=10.73
[ 2375/12000]  acc=0.7333  min=0.5333  best=0.8000  reward=10.53
[ 2376/12000]  acc=0.6667  min=0.3333  best=0.8000  reward=9.80
[ 2377/12000]  acc=0.7333  min=0.5333  best=0.8000  reward=10.47
[ 2378/12000]  acc=0.6667  min=0.5333  best=0.8000  reward=9.73
[ 2379/12000]  acc=0.7333  min=0.4667  best=0.8000  reward=10.53
[ 2380/12000]  acc=0.7333  min=0.5333  best=0.8000  reward=10.53 [ckpt]
[ 2381/12000]  acc=0.8000  min=0.5333  best=0.8000  reward=10.27
[ 2382/12000]  acc=0.7333  min=0.4667  best=0.8000  reward=10.40
[ 2383/12000]  acc=0.7333  min=0.6000  best=0.8000  reward=10.73
[ 2384/12000]  acc=0.6667  min=0.3333  best=0.8000  reward=9.53
[ 2385/12000]  acc=0.6667  min=0.4667  best=0.8000  reward=10.40
[ 2386/12000]  acc=0.6667  min=0.4667  best=0.8000  reward=9.60
[ 2387/12000]  acc=0.8000  min=0.5333  best=0.8000  reward=11.20
[ 2388/12000]  acc=0.7333  min=0.5333  best=0.8000  reward=10.67
[ 2389/12000]  acc=0.7333  min=0.4667  best=0.8000  reward=10.33
[ 2390/12000]  acc=0.7333  min=0.4667  best=0.8000  reward=10.60
[ 2391/12000]  acc=0.8000  min=0.5333  best=0.8000  reward=11.20
[ 2392/12000]  acc=0.6667  min=0.4667  best=0.8000  reward=10.20
[ 2393/12000]  acc=0.7333  min=0.3333  best=0.8000  reward=10.40
[ 2394/12000]  acc=0.6667  min=0.6000  best=0.8000  reward=10.07
[ 2395/12000]  acc=0.6667  min=0.5333  best=0.8000  reward=9.73
[ 2396/12000]  acc=0.6667  min=0.3333  best=0.8000  reward=9.47
[ 2397/12000]  acc=0.7333  min=0.5333  best=0.8000  reward=11.00
[ 2398/12000]  acc=0.7333  min=0.4667  best=0.8000  reward=10.27
[ 2399/12000]  acc=0.6667  min=0.4000  best=0.8000  reward=9.60
[ 2400/12000]  acc=0.7333  min=0.4667  best=0.8000  reward=10.67 [ckpt]
[ 2401/12000]  acc=0.7333  min=0.4667  best=0.8000  reward=10.60
[ 2402/12000]  acc=0.7333  min=0.4000  best=0.8000  reward=10.27
[ 2403/12000]  acc=0.7333  min=0.4667  best=0.8000  reward=10.53
[ 2404/12000]  acc=0.6667  min=0.6000  best=0.8000  reward=9.93
[ 2405/12000]  acc=0.6667  min=0.4667  best=0.8000  reward=9.80
[ 2406/12000]  acc=0.7333  min=0.4667  best=0.8000  reward=10.60
[ 2407/12000]  acc=0.6667  min=0.3333  best=0.8000  reward=9.60
[ 2408/12000]  acc=0.6667  min=0.4000  best=0.8000  reward=9.53
[ 2409/12000]  acc=0.6667  min=0.4667  best=0.8000  reward=10.20
[ 2410/12000]  acc=0.7333  min=0.5333  best=0.8000  reward=10.53
[ 2411/12000]  acc=0.7333  min=0.4667  best=0.8000  reward=10.60
[ 2412/12000]  acc=0.7333  min=0.3333  best=0.8000  reward=10.53
[ 2413/12000]  acc=0.7333  min=0.4667  best=0.8000  reward=10.53
[ 2414/12000]  acc=0.8000  min=0.3333  best=0.8000  reward=11.20
[ 2415/12000]  acc=0.6667  min=0.4000  best=0.8000  reward=9.60
[ 2416/12000]  acc=0.7333  min=0.4000  best=0.8000  reward=10.67
[ 2417/12000]  acc=0.7333  min=0.5333  best=0.8000  reward=10.67
[ 2418/12000]  acc=0.7333  min=0.5333  best=0.8000  reward=10.20
[ 2419/12000]  acc=0.7333  min=0.4667  best=0.8000  reward=10.53
[ 2420/12000]  acc=0.7333  min=0.4667  best=0.8000  reward=10.67 [ckpt]
[ 2421/12000]  acc=0.7333  min=0.5333  best=0.8000  reward=10.27
[ 2422/12000]  acc=0.6667  min=0.6000  best=0.8000  reward=10.00
[ 2423/12000]  acc=0.6667  min=0.4000  best=0.8000  reward=9.60
[ 2424/12000]  acc=0.8000  min=0.4000  best=0.8000  reward=10.53
[ 2425/12000]  acc=0.7333  min=0.4667  best=0.8000  reward=10.07
[ 2426/12000]  acc=0.7333  min=0.4667  best=0.8000  reward=10.47
[ 2427/12000]  acc=0.7333  min=0.4000  best=0.8000  reward=10.67
[ 2428/12000]  acc=0.7333  min=0.4667  best=0.8000  reward=9.60
[ 2429/12000]  acc=0.6667  min=0.4667  best=0.8000  reward=9.67
[ 2430/12000]  acc=0.7333  min=0.5333  best=0.8000  reward=10.53
[ 2431/12000]  acc=0.8000  min=0.5333  best=0.8000  reward=11.40
[ 2432/12000]  acc=0.6667  min=0.5333  best=0.8000  reward=10.20
[ 2433/12000]  acc=0.6667  min=0.4000  best=0.8000  reward=9.67
[ 2434/12000]  acc=0.8000  min=0.4667  best=0.8000  reward=10.80
[ 2435/12000]  acc=0.6667  min=0.4667  best=0.8000  reward=10.20
[ 2436/12000]  acc=0.6667  min=0.4667  best=0.8000  reward=9.67
[ 2437/12000]  acc=0.6667  min=0.4667  best=0.8000  reward=9.80
[ 2438/12000]  acc=0.6667  min=0.4000  best=0.8000  reward=9.80
[ 2439/12000]  acc=0.6667  min=0.5333  best=0.8000  reward=9.93
[ 2440/12000]  acc=0.7333  min=0.4000  best=0.8000  reward=10.47 [ckpt]
[ 2441/12000]  acc=0.7333  min=0.5333  best=0.8000  reward=10.73
[ 2442/12000]  acc=0.6667  min=0.3333  best=0.8000  reward=10.07
[ 2443/12000]  acc=0.6667  min=0.4000  best=0.8000  reward=9.67
[ 2444/12000]  acc=0.7333  min=0.5333  best=0.8000  reward=10.53
[ 2445/12000]  acc=0.8000  min=0.5333  best=0.8000  reward=11.27
[ 2446/12000]  acc=0.7333  min=0.5333  best=0.8000  reward=10.80
[ 2447/12000]  acc=0.6667  min=0.4000  best=0.8000  reward=9.67
[ 2448/12000]  acc=0.6667  min=0.4667  best=0.8000  reward=9.93
[ 2449/12000]  acc=0.7333  min=0.3333  best=0.8000  reward=10.47
[ 2450/12000]  acc=0.6667  min=0.5333  best=0.8000  reward=10.20
[ 2451/12000]  acc=0.7333  min=0.4667  best=0.8000  reward=10.47
[ 2452/12000]  acc=0.8000  min=0.4667  best=0.8000  reward=10.87
[ 2453/12000]  acc=0.7333  min=0.4667  best=0.8000  reward=10.73
[ 2454/12000]  acc=0.7333  min=0.4667  best=0.8000  reward=10.27
[ 2455/12000]  acc=0.8000  min=0.4667  best=0.8000  reward=10.80
[ 2456/12000]  acc=0.7333  min=0.4667  best=0.8000  reward=10.60
[ 2457/12000]  acc=0.7333  min=0.4667  best=0.8000  reward=10.60
[ 2458/12000]  acc=0.6667  min=0.4667  best=0.8000  reward=9.80
[ 2459/12000]  acc=0.7333  min=0.4667  best=0.8000  reward=10.40
[ 2460/12000]  acc=0.6667  min=0.4667  best=0.8000  reward=9.80 [ckpt]
[ 2461/12000]  acc=0.6667  min=0.4667  best=0.8000  reward=9.80
[ 2462/12000]  acc=0.6667  min=0.5333  best=0.8000  reward=9.80
[ 2463/12000]  acc=0.8000  min=0.5333  best=0.8000  reward=10.80
[ 2464/12000]  acc=0.7333  min=0.5333  best=0.8000  reward=10.80
[ 2465/12000]  acc=0.6667  min=0.5333  best=0.8000  reward=10.47
[ 2466/12000]  acc=0.7333  min=0.4667  best=0.8000  reward=9.93
[ 2467/12000]  acc=0.6667  min=0.6000  best=0.8000  reward=10.00
[ 2468/12000]  acc=0.6667  min=0.5333  best=0.8000  reward=10.53
[ 2469/12000]  acc=0.7333  min=0.5333  best=0.8000  reward=10.60
[ 2470/12000]  acc=0.7333  min=0.5333  best=0.8000  reward=11.33
[ 2471/12000]  acc=0.6667  min=0.6000  best=0.8000  reward=10.33
[ 2472/12000]  acc=0.7333  min=0.3333  best=0.8000  reward=10.60
[ 2473/12000]  acc=0.6667  min=0.3333  best=0.8000  reward=10.13
[ 2474/12000]  acc=0.7333  min=0.5333  best=0.8000  reward=10.47
[ 2475/12000]  acc=0.7333  min=0.4000  best=0.8000  reward=9.73
[ 2476/12000]  acc=0.7333  min=0.4000  best=0.8000  reward=10.53
[ 2477/12000]  acc=0.7333  min=0.4667  best=0.8000  reward=10.60
[ 2478/12000]  acc=0.7333  min=0.4667  best=0.8000  reward=10.33
[ 2479/12000]  acc=0.4667  min=0.4000  best=0.8000  reward=7.27
[ 2480/12000]  acc=0.4667  min=0.4000  best=0.8000  reward=7.93 [ckpt]
[ 2481/12000]  acc=0.6000  min=0.4667  best=0.8000  reward=8.87
[ 2482/12000]  acc=0.3333  min=0.3333  best=0.8000  reward=8.67
[ 2483/12000]  acc=0.6667  min=0.4000  best=0.8000  reward=8.47
[ 2484/12000]  acc=0.6000  min=0.4667  best=0.8000  reward=8.07
[ 2485/12000]  acc=0.4667  min=0.4000  best=0.8000  reward=7.80
[ 2486/12000]  acc=0.4000  min=0.4000  best=0.8000  reward=8.67
[ 2487/12000]  acc=0.5333  min=0.4667  best=0.8000  reward=9.20
[ 2488/12000]  acc=0.4667  min=0.4000  best=0.8000  reward=7.67
[ 2489/12000]  acc=0.6000  min=0.4667  best=0.8000  reward=9.33
[ 2490/12000]  acc=0.6667  min=0.4000  best=0.8000  reward=8.67
[ 2491/12000]  acc=0.5333  min=0.4667  best=0.8000  reward=8.67
[ 2492/12000]  acc=0.4000  min=0.4000  best=0.8000  reward=8.40
[ 2493/12000]  acc=0.6000  min=0.4000  best=0.8000  reward=8.93
[ 2494/12000]  acc=0.4667  min=0.4667  best=0.8000  reward=8.53
[ 2495/12000]  acc=0.4000  min=0.4000  best=0.8000  reward=8.27
[ 2496/12000]  acc=0.4667  min=0.4000  best=0.8000  reward=8.00
[ 2497/12000]  acc=0.4000  min=0.4000  best=0.8000  reward=7.80
[ 2498/12000]  acc=0.3333  min=0.3333  best=0.8000  reward=6.53
[ 2499/12000]  acc=0.4000  min=0.4000  best=0.8000  reward=8.40
[ 2500/12000]  acc=0.6000  min=0.5333  best=0.8000  reward=9.13 [ckpt]
[ 2501/12000]  acc=0.5333  min=0.4000  best=0.8000  reward=9.00
[ 2502/12000]  acc=0.3333  min=0.3333  best=0.8000  reward=7.27
[ 2503/12000]  acc=0.6667  min=0.4000  best=0.8000  reward=9.87
[ 2504/12000]  acc=0.5333  min=0.4667  best=0.8000  reward=7.80
[ 2505/12000]  acc=0.4667  min=0.4667  best=0.8000  reward=9.07
[ 2506/12000]  acc=0.5333  min=0.3333  best=0.8000  reward=8.40
[ 2507/12000]  acc=0.4667  min=0.2667  best=0.8000  reward=7.67
[ 2508/12000]  acc=0.6667  min=0.4667  best=0.8000  reward=9.80
[ 2509/12000]  acc=0.6667  min=0.4667  best=0.8000  reward=9.40
[ 2510/12000]  acc=0.6667  min=0.4667  best=0.8000  reward=9.60
[ 2511/12000]  acc=0.6667  min=0.4000  best=0.8000  reward=9.40
[ 2512/12000]  acc=0.7333  min=0.4000  best=0.8000  reward=10.47
[ 2513/12000]  acc=0.6000  min=0.5333  best=0.8000  reward=8.80
[ 2514/12000]  acc=0.8000  min=0.4000  best=0.8000  reward=10.60
[ 2515/12000]  acc=0.6667  min=0.6000  best=0.8000  reward=10.13
[ 2516/12000]  acc=0.5333  min=0.4000  best=0.8000  reward=8.80
[ 2517/12000]  acc=0.7333  min=0.4000  best=0.8000  reward=10.33
[ 2518/12000]  acc=0.7333  min=0.4667  best=0.8000  reward=10.27
[ 2519/12000]  acc=0.7333  min=0.4667  best=0.8000  reward=10.33
[ 2520/12000]  acc=0.6667  min=0.4667  best=0.8000  reward=9.67 [ckpt]
[ 2521/12000]  acc=0.6667  min=0.3333  best=0.8000  reward=9.47
[ 2522/12000]  acc=0.7333  min=0.5333  best=0.8000  reward=10.73
[ 2523/12000]  acc=0.7333  min=0.3333  best=0.8000  reward=10.20
[ 2524/12000]  acc=0.7333  min=0.4667  best=0.8000  reward=10.33
[ 2525/12000]  acc=0.7333  min=0.4667  best=0.8000  reward=10.93
[ 2526/12000]  acc=0.6667  min=0.5333  best=0.8000  reward=9.73
[ 2527/12000]  acc=0.7333  min=0.4667  best=0.8000  reward=10.40
[ 2528/12000]  acc=0.7333  min=0.5333  best=0.8000  reward=10.73
[ 2529/12000]  acc=0.7333  min=0.4667  best=0.8000  reward=10.47
[ 2530/12000]  acc=0.7333  min=0.5333  best=0.8000  reward=10.27
[ 2531/12000]  acc=0.6667  min=0.3333  best=0.8000  reward=9.80
[ 2532/12000]  acc=0.8000  min=0.5333  best=0.8000  reward=10.60
[ 2533/12000]  acc=0.6667  min=0.5333  best=0.8000  reward=10.00
[ 2534/12000]  acc=0.6667  min=0.4000  best=0.8000  reward=9.33
[ 2535/12000]  acc=0.7333  min=0.4667  best=0.8000  reward=10.00
[ 2536/12000]  acc=0.7333  min=0.4000  best=0.8000  reward=9.93
[ 2537/12000]  acc=0.7333  min=0.4000  best=0.8000  reward=10.07
[ 2538/12000]  acc=0.7333  min=0.4667  best=0.8000  reward=10.47
[ 2539/12000]  acc=0.7333  min=0.4667  best=0.8000  reward=10.40
[ 2540/12000]  acc=0.6667  min=0.4667  best=0.8000  reward=9.80 [ckpt]
[ 2541/12000]  acc=0.6667  min=0.4000  best=0.8000  reward=9.33
[ 2542/12000]  acc=0.6667  min=0.4667  best=0.8000  reward=9.53
[ 2543/12000]  acc=0.6667  min=0.4000  best=0.8000  reward=9.73
[ 2544/12000]  acc=0.7333  min=0.3333  best=0.8000  reward=9.87
[ 2545/12000]  acc=0.7333  min=0.5333  best=0.8000  reward=9.87
[ 2546/12000]  acc=0.7333  min=0.4667  best=0.8000  reward=10.47
[ 2547/12000]  acc=0.7333  min=0.4667  best=0.8000  reward=10.40
[ 2548/12000]  acc=0.7333  min=0.3333  best=0.8000  reward=10.27
[ 2549/12000]  acc=0.6667  min=0.5333  best=0.8000  reward=9.80
[ 2550/12000]  acc=0.7333  min=0.4667  best=0.8000  reward=10.47
[ 2551/12000]  acc=0.7333  min=0.5333  best=0.8000  reward=10.47
[ 2552/12000]  acc=0.6667  min=0.4667  best=0.8000  reward=9.80
[ 2553/12000]  acc=0.7333  min=0.4000  best=0.8000  reward=10.47
[ 2554/12000]  acc=0.8000  min=0.4667  best=0.8000  reward=11.40
[ 2555/12000]  acc=0.6667  min=0.4000  best=0.8000  reward=9.80
[ 2556/12000]  acc=0.6667  min=0.3333  best=0.8000  reward=9.80
[ 2557/12000]  acc=0.7333  min=0.4667  best=0.8000  reward=10.60
[ 2558/12000]  acc=0.7333  min=0.4667  best=0.8000  reward=10.47
[ 2559/12000]  acc=0.7333  min=0.3333  best=0.8000  reward=10.53
[ 2560/12000]  acc=0.8000  min=0.5333  best=0.8000  reward=11.40 [ckpt]
[ 2561/12000]  acc=0.7333  min=0.3333  best=0.8000  reward=10.20
[ 2562/12000]  acc=0.7333  min=0.4000  best=0.8000  reward=10.33
[ 2563/12000]  acc=0.8000  min=0.6000  best=0.8000  reward=10.93
[ 2564/12000]  acc=0.7333  min=0.4000  best=0.8000  reward=10.33
[ 2565/12000]  acc=0.7333  min=0.4667  best=0.8000  reward=10.67
[ 2566/12000]  acc=0.7333  min=0.4000  best=0.8000  reward=10.60
[ 2567/12000]  acc=0.8000  min=0.4667  best=0.8000  reward=10.80
[ 2568/12000]  acc=0.6667  min=0.4667  best=0.8000  reward=9.93
[ 2569/12000]  acc=0.7333  min=0.4667  best=0.8000  reward=10.73
[ 2570/12000]  acc=0.7333  min=0.4667  best=0.8000  reward=10.60
[ 2571/12000]  acc=0.6667  min=0.5333  best=0.8000  reward=9.93
[ 2572/12000]  acc=0.7333  min=0.4000  best=0.8000  reward=10.60
[ 2573/12000]  acc=0.8000  min=0.4667  best=0.8000  reward=10.13
[ 2574/12000]  acc=0.7333  min=0.3333  best=0.8000  reward=10.47
[ 2575/12000]  acc=0.7333  min=0.3333  best=0.8000  reward=10.33
[ 2576/12000]  acc=0.7333  min=0.4000  best=0.8000  reward=10.40
[ 2577/12000]  acc=0.7333  min=0.4667  best=0.8000  reward=10.93
[ 2578/12000]  acc=0.7333  min=0.6000  best=0.8000  reward=10.67
[ 2579/12000]  acc=0.7333  min=0.5333  best=0.8000  reward=10.80
[ 2580/12000]  acc=0.6667  min=0.3333  best=0.8000  reward=9.80 [ckpt]
[ 2581/12000]  acc=0.6667  min=0.5333  best=0.8000  reward=10.00
[ 2582/12000]  acc=0.6667  min=0.3333  best=0.8000  reward=10.07
[ 2583/12000]  acc=0.6667  min=0.4667  best=0.8000  reward=9.87
[ 2584/12000]  acc=0.6667  min=0.3333  best=0.8000  reward=9.73
[ 2585/12000]  acc=0.6667  min=0.5333  best=0.8000  reward=10.07
[ 2586/12000]  acc=0.7333  min=0.6000  best=0.8000  reward=10.20
[ 2587/12000]  acc=0.6667  min=0.4667  best=0.8000  reward=9.73
[ 2588/12000]  acc=0.6667  min=0.4000  best=0.8000  reward=10.47
[ 2589/12000]  acc=0.6667  min=0.4667  best=0.8000  reward=9.80
[ 2590/12000]  acc=0.6667  min=0.5333  best=0.8000  reward=10.67
[ 2591/12000]  acc=0.7333  min=0.4667  best=0.8000  reward=10.53
[ 2592/12000]  acc=0.8000  min=0.6000  best=0.8000  reward=11.07
[ 2593/12000]  acc=0.6667  min=0.3333  best=0.8000  reward=10.13
[ 2594/12000]  acc=0.7333  min=0.4667  best=0.8000  reward=10.40
[ 2595/12000]  acc=0.7333  min=0.4667  best=0.8000  reward=10.73
[ 2596/12000]  acc=0.7333  min=0.4667  best=0.8000  reward=10.47
[ 2597/12000]  acc=0.7333  min=0.4667  best=0.8000  reward=10.53
[ 2598/12000]  acc=0.6667  min=0.4667  best=0.8000  reward=9.93
[ 2599/12000]  acc=0.6667  min=0.3333  best=0.8000  reward=10.13
[ 2600/12000]  acc=0.7333  min=0.6000  best=0.8000  reward=10.00 [ckpt]
[ 2601/12000]  acc=0.7333  min=0.5333  best=0.8000  reward=10.93
[ 2602/12000]  acc=0.7333  min=0.4667  best=0.8000  reward=10.27
[ 2603/12000]  acc=0.7333  min=0.4667  best=0.8000  reward=10.60
[ 2604/12000]  acc=0.6667  min=0.4667  best=0.8000  reward=9.80
[ 2605/12000]  acc=0.6667  min=0.3333  best=0.8000  reward=9.73
[ 2606/12000]  acc=0.6667  min=0.4667  best=0.8000  reward=10.40
[ 2607/12000]  acc=0.7333  min=0.4667  best=0.8000  reward=10.40
[ 2608/12000]  acc=0.6667  min=0.4667  best=0.8000  reward=10.27
[ 2609/12000]  acc=0.6667  min=0.4000  best=0.8000  reward=10.33
[ 2610/12000]  acc=0.6667  min=0.6000  best=0.8000  reward=9.87
[ 2611/12000]  acc=0.6667  min=0.4000  best=0.8000  reward=9.80
[ 2612/12000]  acc=0.7333  min=0.4000  best=0.8000  reward=10.20
[ 2613/12000]  acc=0.7333  min=0.4000  best=0.8000  reward=10.53
[ 2614/12000]  acc=0.6667  min=0.4667  best=0.8000  reward=9.93
[ 2615/12000]  acc=0.7333  min=0.3333  best=0.8000  reward=10.33
[ 2616/12000]  acc=0.6667  min=0.5333  best=0.8000  reward=9.93
[ 2617/12000]  acc=0.6667  min=0.4667  best=0.8000  reward=10.07
[ 2618/12000]  acc=0.7333  min=0.3333  best=0.8000  reward=10.07
[ 2619/12000]  acc=0.6667  min=0.4667  best=0.8000  reward=10.00
[ 2620/12000]  acc=0.7333  min=0.4000  best=0.8000  reward=10.40 [ckpt]
[ 2621/12000]  acc=0.7333  min=0.4667  best=0.8000  reward=10.67
[ 2622/12000]  acc=0.7333  min=0.5333  best=0.8000  reward=10.53
[ 2623/12000]  acc=0.6667  min=0.5333  best=0.8000  reward=10.27
[ 2624/12000]  acc=0.7333  min=0.5333  best=0.8000  reward=10.67
[ 2625/12000]  acc=0.6667  min=0.3333  best=0.8000  reward=10.33
[ 2626/12000]  acc=0.7333  min=0.4667  best=0.8000  reward=10.67
[ 2627/12000]  acc=0.6667  min=0.5333  best=0.8000  reward=10.27
[ 2628/12000]  acc=0.7333  min=0.4667  best=0.8000  reward=10.53
[ 2629/12000]  acc=0.7333  min=0.3333  best=0.8000  reward=9.73
[ 2630/12000]  acc=0.4667  min=0.4667  best=0.8000  reward=7.87
[ 2631/12000]  acc=0.6667  min=0.4000  best=0.8000  reward=10.20
[ 2632/12000]  acc=0.4667  min=0.4000  best=0.8000  reward=7.33
[ 2633/12000]  acc=0.6667  min=0.4667  best=0.8000  reward=9.80
[ 2634/12000]  acc=0.7333  min=0.4000  best=0.8000  reward=10.60
[ 2635/12000]  acc=0.8000  min=0.5333  best=0.8000  reward=11.13
[ 2636/12000]  acc=0.8000  min=0.3333  best=0.8000  reward=10.67
[ 2637/12000]  acc=0.7333  min=0.4000  best=0.8000  reward=10.47
[ 2638/12000]  acc=0.6667  min=0.4667  best=0.8000  reward=10.20
[ 2639/12000]  acc=0.6667  min=0.6000  best=0.8000  reward=9.87
[ 2640/12000]  acc=0.6667  min=0.4667  best=0.8000  reward=10.00 [ckpt]
[ 2641/12000]  acc=0.7333  min=0.5333  best=0.8000  reward=11.40
[ 2642/12000]  acc=0.6667  min=0.4000  best=0.8000  reward=9.53
[ 2643/12000]  acc=0.7333  min=0.3333  best=0.8000  reward=10.40
[ 2644/12000]  acc=0.6667  min=0.4000  best=0.8000  reward=9.60
[ 2645/12000]  acc=0.6667  min=0.5333  best=0.8000  reward=9.93
[ 2646/12000]  acc=0.7333  min=0.5333  best=0.8000  reward=10.67
[ 2647/12000]  acc=0.7333  min=0.4000  best=0.8000  reward=10.27
[ 2648/12000]  acc=0.6667  min=0.4000  best=0.8000  reward=9.73
[ 2649/12000]  acc=0.7333  min=0.4000  best=0.8000  reward=9.87
[ 2650/12000]  acc=0.7333  min=0.6000  best=0.8000  reward=10.53
[ 2651/12000]  acc=0.7333  min=0.3333  best=0.8000  reward=10.93
[ 2652/12000]  acc=0.6667  min=0.3333  best=0.8000  reward=9.47
[ 2653/12000]  acc=0.7333  min=0.5333  best=0.8000  reward=10.00
[ 2654/12000]  acc=0.6667  min=0.5333  best=0.8000  reward=9.87
[ 2655/12000]  acc=0.7333  min=0.5333  best=0.8000  reward=10.93
[ 2656/12000]  acc=0.6667  min=0.3333  best=0.8000  reward=9.47
[ 2657/12000]  acc=0.7333  min=0.6000  best=0.8000  reward=10.73
[ 2658/12000]  acc=0.6667  min=0.4000  best=0.8000  reward=10.20
[ 2659/12000]  acc=0.7333  min=0.4667  best=0.8000  reward=10.53
[ 2660/12000]  acc=0.8000  min=0.4000  best=0.8000  reward=10.20 [ckpt]
[ 2661/12000]  acc=0.7333  min=0.5333  best=0.8000  reward=10.33
[ 2662/12000]  acc=0.7333  min=0.6000  best=0.8000  reward=10.73
[ 2663/12000]  acc=0.7333  min=0.2000  best=0.8000  reward=10.27
[ 2664/12000]  acc=0.6667  min=0.4000  best=0.8000  reward=9.60
[ 2665/12000]  acc=0.6667  min=0.5333  best=0.8000  reward=9.87
[ 2666/12000]  acc=0.8000  min=0.5333  best=0.8000  reward=10.93
[ 2667/12000]  acc=0.7333  min=0.4667  best=0.8000  reward=10.53
[ 2668/12000]  acc=0.6667  min=0.4667  best=0.8000  reward=9.93
[ 2669/12000]  acc=0.7333  min=0.4000  best=0.8000  reward=10.40
[ 2670/12000]  acc=0.7333  min=0.4000  best=0.8000  reward=10.53
[ 2671/12000]  acc=0.7333  min=0.5333  best=0.8000  reward=10.47
[ 2672/12000]  acc=0.6667  min=0.4000  best=0.8000  reward=10.07
[ 2673/12000]  acc=0.7333  min=0.4000  best=0.8000  reward=10.33
[ 2674/12000]  acc=0.7333  min=0.4000  best=0.8000  reward=10.27
[ 2675/12000]  acc=0.6667  min=0.4000  best=0.8000  reward=10.00
[ 2676/12000]  acc=0.7333  min=0.4000  best=0.8000  reward=10.27
[ 2677/12000]  acc=0.7333  min=0.5333  best=0.8000  reward=10.53
[ 2678/12000]  acc=0.7333  min=0.4667  best=0.8000  reward=9.87
[ 2679/12000]  acc=0.7333  min=0.4667  best=0.8000  reward=10.53
[ 2680/12000]  acc=0.6667  min=0.5333  best=0.8000  reward=10.00 [ckpt]
[ 2681/12000]  acc=0.7333  min=0.5333  best=0.8000  reward=11.13
[ 2682/12000]  acc=0.6667  min=0.4667  best=0.8000  reward=10.07
[ 2683/12000]  acc=0.6667  min=0.5333  best=0.8000  reward=9.53
[ 2684/12000]  acc=0.7333  min=0.6000  best=0.8000  reward=11.07
[ 2685/12000]  acc=0.6667  min=0.4667  best=0.8000  reward=9.47
[ 2686/12000]  acc=0.6667  min=0.4667  best=0.8000  reward=10.20
[ 2687/12000]  acc=0.6667  min=0.4000  best=0.8000  reward=9.93
[ 2688/12000]  acc=0.6667  min=0.4667  best=0.8000  reward=9.67
[ 2689/12000]  acc=0.7333  min=0.5333  best=0.8000  reward=10.80
[ 2690/12000]  acc=0.7333  min=0.5333  best=0.8000  reward=10.53
[ 2691/12000]  acc=0.7333  min=0.3333  best=0.8000  reward=10.33
[ 2692/12000]  acc=0.6667  min=0.5333  best=0.8000  reward=10.40
[ 2693/12000]  acc=0.7333  min=0.6000  best=0.8000  reward=10.60
[ 2694/12000]  acc=0.6667  min=0.5333  best=0.8000  reward=9.87
[ 2695/12000]  acc=0.7333  min=0.4667  best=0.8000  reward=10.27
[ 2696/12000]  acc=0.6667  min=0.4000  best=0.8000  reward=9.80
[ 2697/12000]  acc=0.7333  min=0.5333  best=0.8000  reward=10.47
[ 2698/12000]  acc=0.6667  min=0.4667  best=0.8000  reward=10.27
[ 2699/12000]  acc=0.6667  min=0.4667  best=0.8000  reward=10.00
[ 2700/12000]  acc=0.6667  min=0.3333  best=0.8000  reward=9.67 [ckpt]
[ 2701/12000]  acc=0.7333  min=0.5333  best=0.8000  reward=10.60
[ 2702/12000]  acc=0.7333  min=0.6000  best=0.8000  reward=10.07
[ 2703/12000]  acc=0.6667  min=0.5333  best=0.8000  reward=9.93
[ 2704/12000]  acc=0.7333  min=0.4000  best=0.8000  reward=10.40
[ 2705/12000]  acc=0.7333  min=0.5333  best=0.8000  reward=10.60
[ 2706/12000]  acc=0.6667  min=0.4667  best=0.8000  reward=9.67
[ 2707/12000]  acc=0.7333  min=0.6000  best=0.8000  reward=10.33
[ 2708/12000]  acc=0.8000  min=0.6000  best=0.8000  reward=11.07
[ 2709/12000]  acc=0.7333  min=0.4000  best=0.8000  reward=10.60
[ 2710/12000]  acc=0.6000  min=0.4667  best=0.8000  reward=9.53
[ 2711/12000]  acc=0.5333  min=0.5333  best=0.8000  reward=10.07
[ 2712/12000]  acc=0.6667  min=0.4667  best=0.8000  reward=9.80
[ 2713/12000]  acc=0.7333  min=0.4000  best=0.8000  reward=10.20
[ 2714/12000]  acc=0.6667  min=0.5333  best=0.8000  reward=10.00
[ 2715/12000]  acc=0.7333  min=0.5333  best=0.8000  reward=10.67
[ 2716/12000]  acc=0.7333  min=0.4667  best=0.8000  reward=10.93
[ 2717/12000]  acc=0.8000  min=0.5333  best=0.8000  reward=11.60
[ 2718/12000]  acc=0.7333  min=0.3333  best=0.8000  reward=10.07
[ 2719/12000]  acc=0.6667  min=0.3333  best=0.8000  reward=10.00
[ 2720/12000]  acc=0.7333  min=0.5333  best=0.8000  reward=10.47 [ckpt]
[ 2721/12000]  acc=0.7333  min=0.5333  best=0.8000  reward=10.60
[ 2722/12000]  acc=0.7333  min=0.4667  best=0.8000  reward=10.47
[ 2723/12000]  acc=0.6667  min=0.4667  best=0.8000  reward=9.60
[ 2724/12000]  acc=0.7333  min=0.4000  best=0.8000  reward=10.67
[ 2725/12000]  acc=0.7333  min=0.4667  best=0.8000  reward=10.60
[ 2726/12000]  acc=0.7333  min=0.4667  best=0.8000  reward=10.33
[ 2727/12000]  acc=0.7333  min=0.4667  best=0.8000  reward=10.67
[ 2728/12000]  acc=0.7333  min=0.4667  best=0.8000  reward=10.40
[ 2729/12000]  acc=0.7333  min=0.5333  best=0.8000  reward=10.53
[ 2730/12000]  acc=0.7333  min=0.4667  best=0.8000  reward=10.60
[ 2731/12000]  acc=0.6667  min=0.4667  best=0.8000  reward=9.47
[ 2732/12000]  acc=0.7333  min=0.3333  best=0.8000  reward=10.80
[ 2733/12000]  acc=0.7333  min=0.3333  best=0.8000  reward=10.20
[ 2734/12000]  acc=0.7333  min=0.6000  best=0.8000  reward=10.47
[ 2735/12000]  acc=0.8000  min=0.5333  best=0.8000  reward=10.27
[ 2736/12000]  acc=0.6667  min=0.4667  best=0.8000  reward=9.67
[ 2737/12000]  acc=0.6667  min=0.5333  best=0.8000  reward=9.80
[ 2738/12000]  acc=0.6667  min=0.5333  best=0.8000  reward=10.00
[ 2739/12000]  acc=0.6667  min=0.3333  best=0.8000  reward=10.07
[ 2740/12000]  acc=0.7333  min=0.4000  best=0.8000  reward=10.27 [ckpt]
[ 2741/12000]  acc=0.6667  min=0.4667  best=0.8000  reward=9.93
[ 2742/12000]  acc=0.7333  min=0.3333  best=0.8000  reward=10.33
[ 2743/12000]  acc=0.7333  min=0.5333  best=0.8000  reward=10.47
[ 2744/12000]  acc=0.6667  min=0.5333  best=0.8000  reward=9.87
[ 2745/12000]  acc=0.6667  min=0.4667  best=0.8000  reward=9.73
[ 2746/12000]  acc=0.6667  min=0.6000  best=0.8000  reward=10.00
[ 2747/12000]  acc=0.6667  min=0.5333  best=0.8000  reward=9.87
[ 2748/12000]  acc=0.6667  min=0.4000  best=0.8000  reward=9.73
[ 2749/12000]  acc=0.6667  min=0.5333  best=0.8000  reward=9.93
[ 2750/12000]  acc=0.7333  min=0.4000  best=0.8000  reward=10.20
[ 2751/12000]  acc=0.6667  min=0.4000  best=0.8000  reward=9.93
[ 2752/12000]  acc=0.7333  min=0.4000  best=0.8000  reward=10.40
[ 2753/12000]  acc=0.7333  min=0.3333  best=0.8000  reward=10.80
[ 2754/12000]  acc=0.6667  min=0.4000  best=0.8000  reward=9.60
[ 2755/12000]  acc=0.6667  min=0.4667  best=0.8000  reward=9.80
[ 2756/12000]  acc=0.7333  min=0.3333  best=0.8000  reward=10.47
[ 2757/12000]  acc=0.6667  min=0.4667  best=0.8000  reward=9.87
[ 2758/12000]  acc=0.6667  min=0.4667  best=0.8000  reward=9.73
[ 2759/12000]  acc=0.6667  min=0.4667  best=0.8000  reward=9.73
[ 2760/12000]  acc=0.6667  min=0.4000  best=0.8000  reward=9.67 [ckpt]
[ 2761/12000]  acc=0.7333  min=0.5333  best=0.8000  reward=10.67
[ 2762/12000]  acc=0.7333  min=0.4000  best=0.8000  reward=10.20
[ 2763/12000]  acc=0.7333  min=0.5333  best=0.8000  reward=10.27
[ 2764/12000]  acc=0.6667  min=0.4000  best=0.8000  reward=10.07
[ 2765/12000]  acc=0.6667  min=0.4000  best=0.8000  reward=9.47
[ 2766/12000]  acc=0.6667  min=0.4000  best=0.8000  reward=9.47
[ 2767/12000]  acc=0.6667  min=0.5333  best=0.8000  reward=9.87
[ 2768/12000]  acc=0.7333  min=0.4000  best=0.8000  reward=10.33
[ 2769/12000]  acc=0.7333  min=0.4667  best=0.8000  reward=10.47
[ 2770/12000]  acc=0.7333  min=0.4667  best=0.8000  reward=9.67
[ 2771/12000]  acc=0.6667  min=0.3333  best=0.8000  reward=9.60
[ 2772/12000]  acc=0.8000  min=0.4000  best=0.8000  reward=10.27
[ 2773/12000]  acc=0.6667  min=0.6000  best=0.8000  reward=10.00
[ 2774/12000]  acc=0.7333  min=0.5333  best=0.8000  reward=10.73
[ 2775/12000]  acc=0.6667  min=0.5333  best=0.8000  reward=10.07
[ 2776/12000]  acc=0.6667  min=0.5333  best=0.8000  reward=9.80
[ 2777/12000]  acc=0.6667  min=0.5333  best=0.8000  reward=9.87
[ 2778/12000]  acc=0.6667  min=0.4000  best=0.8000  reward=10.00
[ 2779/12000]  acc=0.7333  min=0.4667  best=0.8000  reward=10.67
[ 2780/12000]  acc=0.6667  min=0.4000  best=0.8000  reward=9.53 [ckpt]
[ 2781/12000]  acc=0.8000  min=0.4000  best=0.8000  reward=11.07
[ 2782/12000]  acc=0.6667  min=0.4000  best=0.8000  reward=9.67
[ 2783/12000]  acc=0.6667  min=0.3333  best=0.8000  reward=9.60
[ 2784/12000]  acc=0.6667  min=0.5333  best=0.8000  reward=9.87
[ 2785/12000]  acc=0.6667  min=0.4667  best=0.8000  reward=9.73
[ 2786/12000]  acc=0.6667  min=0.3333  best=0.8000  reward=9.73
[ 2787/12000]  acc=0.7333  min=0.4667  best=0.8000  reward=10.47
[ 2788/12000]  acc=0.7333  min=0.3333  best=0.8000  reward=10.33
[ 2789/12000]  acc=0.7333  min=0.4000  best=0.8000  reward=10.33
[ 2790/12000]  acc=0.6667  min=0.4667  best=0.8000  reward=9.67
[ 2791/12000]  acc=0.6667  min=0.4667  best=0.8000  reward=10.00
[ 2792/12000]  acc=0.6667  min=0.3333  best=0.8000  reward=10.20
[ 2793/12000]  acc=0.7333  min=0.4000  best=0.8000  reward=10.40
[ 2794/12000]  acc=0.6667  min=0.4667  best=0.8000  reward=9.93
[ 2795/12000]  acc=0.6667  min=0.4000  best=0.8000  reward=10.00
[ 2796/12000]  acc=0.7333  min=0.6000  best=0.8000  reward=10.40
[ 2797/12000]  acc=0.7333  min=0.4000  best=0.8000  reward=9.80
[ 2798/12000]  acc=0.6667  min=0.4000  best=0.8000  reward=9.60
[ 2799/12000]  acc=0.6667  min=0.5333  best=0.8000  reward=9.87
[ 2800/12000]  acc=0.7333  min=0.5333  best=0.8000  reward=10.53 [ckpt]
[ 2801/12000]  acc=0.6667  min=0.4000  best=0.8000  reward=9.73
[ 2802/12000]  acc=0.7333  min=0.4000  best=0.8000  reward=10.60
[ 2803/12000]  acc=0.7333  min=0.4667  best=0.8000  reward=10.40
[ 2804/12000]  acc=0.6667  min=0.4667  best=0.8000  reward=9.73
[ 2805/12000]  acc=0.7333  min=0.4667  best=0.8000  reward=10.47
[ 2806/12000]  acc=0.6667  min=0.5333  best=0.8000  reward=9.80
[ 2807/12000]  acc=0.7333  min=0.5333  best=0.8000  reward=10.47
[ 2808/12000]  acc=0.8000  min=0.4000  best=0.8000  reward=10.93
[ 2809/12000]  acc=0.6667  min=0.4667  best=0.8000  reward=9.87
[ 2810/12000]  acc=0.6667  min=0.5333  best=0.8000  reward=9.67
[ 2811/12000]  acc=0.6667  min=0.4000  best=0.8000  reward=10.00
[ 2812/12000]  acc=0.7333  min=0.4000  best=0.8000  reward=10.53
[ 2813/12000]  acc=0.6667  min=0.3333  best=0.8000  reward=9.67
[ 2814/12000]  acc=0.7333  min=0.4667  best=0.8000  reward=10.40
[ 2815/12000]  acc=0.6667  min=0.4667  best=0.8000  reward=9.67
[ 2816/12000]  acc=0.6667  min=0.4000  best=0.8000  reward=9.80
[ 2817/12000]  acc=0.6667  min=0.2667  best=0.8000  reward=9.60
[ 2818/12000]  acc=0.6667  min=0.4000  best=0.8000  reward=9.80
[ 2819/12000]  acc=0.7333  min=0.5333  best=0.8000  reward=10.33
[ 2820/12000]  acc=0.6667  min=0.4667  best=0.8000  reward=10.13 [ckpt]
[ 2821/12000]  acc=0.6667  min=0.4000  best=0.8000  reward=9.73
[ 2822/12000]  acc=0.6667  min=0.3333  best=0.8000  reward=9.67
[ 2823/12000]  acc=0.6667  min=0.3333  best=0.8000  reward=10.07
[ 2824/12000]  acc=0.7333  min=0.4667  best=0.8000  reward=10.47
[ 2825/12000]  acc=0.6667  min=0.3333  best=0.8000  reward=10.07
[ 2826/12000]  acc=0.6667  min=0.4667  best=0.8000  reward=9.73
[ 2827/12000]  acc=0.6667  min=0.4000  best=0.8000  reward=9.67
[ 2828/12000]  acc=0.6667  min=0.4667  best=0.8000  reward=9.80
[ 2829/12000]  acc=0.6667  min=0.4000  best=0.8000  reward=9.47
[ 2830/12000]  acc=0.7333  min=0.5333  best=0.8000  reward=9.93
[ 2831/12000]  acc=0.6667  min=0.4667  best=0.8000  reward=10.13
[ 2832/12000]  acc=0.6667  min=0.4667  best=0.8000  reward=9.87
[ 2833/12000]  acc=0.6667  min=0.4667  best=0.8000  reward=9.80
[ 2834/12000]  acc=0.8000  min=0.6000  best=0.8000  reward=11.27
[ 2835/12000]  acc=0.7333  min=0.5333  best=0.8000  reward=10.73
[ 2836/12000]  acc=0.6667  min=0.4000  best=0.8000  reward=9.87
[ 2837/12000]  acc=0.6667  min=0.4667  best=0.8000  reward=9.60
[ 2838/12000]  acc=0.7333  min=0.5333  best=0.8000  reward=10.33
[ 2839/12000]  acc=0.6667  min=0.4667  best=0.8000  reward=9.67
[ 2840/12000]  acc=0.7333  min=0.5333  best=0.8000  reward=10.67 [ckpt]
[ 2841/12000]  acc=0.6667  min=0.3333  best=0.8000  reward=10.00
[ 2842/12000]  acc=0.6667  min=0.4000  best=0.8000  reward=9.47
[ 2843/12000]  acc=0.6667  min=0.4667  best=0.8000  reward=9.67
[ 2844/12000]  acc=0.6667  min=0.4667  best=0.8000  reward=9.67
[ 2845/12000]  acc=0.6667  min=0.4667  best=0.8000  reward=9.80
[ 2846/12000]  acc=0.7333  min=0.4667  best=0.8000  reward=10.40
[ 2847/12000]  acc=0.7333  min=0.4000  best=0.8000  reward=10.40
[ 2848/12000]  acc=0.6667  min=0.4667  best=0.8000  reward=9.67
[ 2849/12000]  acc=0.6667  min=0.4667  best=0.8000  reward=10.00
[ 2850/12000]  acc=0.7333  min=0.4000  best=0.8000  reward=10.87
[ 2851/12000]  acc=0.6667  min=0.5333  best=0.8000  reward=10.27
[ 2852/12000]  acc=0.7333  min=0.4000  best=0.8000  reward=10.27
[ 2853/12000]  acc=0.7333  min=0.5333  best=0.8000  reward=10.60
[ 2854/12000]  acc=0.7333  min=0.5333  best=0.8000  reward=10.33
[ 2855/12000]  acc=0.6667  min=0.4000  best=0.8000  reward=9.53
[ 2856/12000]  acc=0.6667  min=0.4667  best=0.8000  reward=9.67
[ 2857/12000]  acc=0.6667  min=0.4000  best=0.8000  reward=9.67
[ 2858/12000]  acc=0.6667  min=0.4667  best=0.8000  reward=9.73
[ 2859/12000]  acc=0.6667  min=0.4000  best=0.8000  reward=9.60
[ 2860/12000]  acc=0.7333  min=0.5333  best=0.8000  reward=10.60 [ckpt]
[ 2861/12000]  acc=0.7333  min=0.4667  best=0.8000  reward=10.40
[ 2862/12000]  acc=0.7333  min=0.2667  best=0.8000  reward=10.33
[ 2863/12000]  acc=0.7333  min=0.5333  best=0.8000  reward=10.53
[ 2864/12000]  acc=0.6667  min=0.4000  best=0.8000  reward=9.80
[ 2865/12000]  acc=0.7333  min=0.4000  best=0.8000  reward=10.33
[ 2866/12000]  acc=0.6667  min=0.3333  best=0.8000  reward=9.67
[ 2867/12000]  acc=0.6667  min=0.4667  best=0.8000  reward=9.67
[ 2868/12000]  acc=0.7333  min=0.4667  best=0.8000  reward=9.87
[ 2869/12000]  acc=0.7333  min=0.4667  best=0.8000  reward=10.40
[ 2870/12000]  acc=0.7333  min=0.4667  best=0.8000  reward=10.40
[ 2871/12000]  acc=0.7333  min=0.4667  best=0.8000  reward=10.53
[ 2872/12000]  acc=0.6667  min=0.4667  best=0.8000  reward=9.67
[ 2873/12000]  acc=0.6667  min=0.4000  best=0.8000  reward=9.47
[ 2874/12000]  acc=0.7333  min=0.4000  best=0.8000  reward=10.27
[ 2875/12000]  acc=0.6667  min=0.4667  best=0.8000  reward=9.73
[ 2876/12000]  acc=0.6667  min=0.2667  best=0.8000  reward=9.53
[ 2877/12000]  acc=0.7333  min=0.4667  best=0.8000  reward=10.47
[ 2878/12000]  acc=0.6667  min=0.4667  best=0.8000  reward=9.73
[ 2879/12000]  acc=0.6667  min=0.6000  best=0.8000  reward=10.27
[ 2880/12000]  acc=0.6667  min=0.4000  best=0.8000  reward=9.73 [ckpt]
[ 2881/12000]  acc=0.6667  min=0.4667  best=0.8000  reward=9.73
[ 2882/12000]  acc=0.6667  min=0.4667  best=0.8000  reward=9.80
[ 2883/12000]  acc=0.6667  min=0.5333  best=0.8000  reward=9.87
[ 2884/12000]  acc=0.7333  min=0.4667  best=0.8000  reward=10.67
[ 2885/12000]  acc=0.7333  min=0.4667  best=0.8000  reward=10.33
[ 2886/12000]  acc=0.7333  min=0.4000  best=0.8000  reward=10.47
[ 2887/12000]  acc=0.6667  min=0.4667  best=0.8000  reward=9.73
[ 2888/12000]  acc=0.7333  min=0.5333  best=0.8000  reward=10.53
[ 2889/12000]  acc=0.6667  min=0.5333  best=0.8000  reward=9.80
[ 2890/12000]  acc=0.8000  min=0.4667  best=0.8000  reward=11.07
[ 2891/12000]  acc=0.6667  min=0.5333  best=0.8000  reward=9.73
[ 2892/12000]  acc=0.7333  min=0.4667  best=0.8000  reward=10.27
[ 2893/12000]  acc=0.6667  min=0.4000  best=0.8000  reward=9.60
[ 2894/12000]  acc=0.6667  min=0.4667  best=0.8000  reward=9.67
[ 2895/12000]  acc=0.6667  min=0.5333  best=0.8000  reward=9.73
[ 2896/12000]  acc=0.7333  min=0.3333  best=0.8000  reward=9.80
[ 2897/12000]  acc=0.7333  min=0.4667  best=0.8000  reward=10.60
[ 2898/12000]  acc=0.7333  min=0.3333  best=0.8000  reward=10.33
[ 2899/12000]  acc=0.6667  min=0.4000  best=0.8000  reward=9.60
[ 2900/12000]  acc=0.7333  min=0.3333  best=0.8000  reward=10.40 [ckpt]
[ 2901/12000]  acc=0.7333  min=0.4667  best=0.8000  reward=10.33
[ 2902/12000]  acc=0.6667  min=0.3333  best=0.8000  reward=9.53
[ 2903/12000]  acc=0.6667  min=0.4000  best=0.8000  reward=9.80
[ 2904/12000]  acc=0.6667  min=0.5333  best=0.8000  reward=9.80
[ 2905/12000]  acc=0.6667  min=0.4000  best=0.8000  reward=9.73
[ 2906/12000]  acc=0.6667  min=0.4667  best=0.8000  reward=9.73
[ 2907/12000]  acc=0.6667  min=0.5333  best=0.8000  reward=10.07
[ 2908/12000]  acc=0.6667  min=0.4000  best=0.8000  reward=9.53
[ 2909/12000]  acc=0.6667  min=0.6000  best=0.8000  reward=10.00
[ 2910/12000]  acc=0.7333  min=0.4000  best=0.8000  reward=10.40
[ 2911/12000]  acc=0.8000  min=0.4000  best=0.8000  reward=11.20
[ 2912/12000]  acc=0.6667  min=0.4000  best=0.8000  reward=9.67
[ 2913/12000]  acc=0.7333  min=0.4000  best=0.8000  reward=10.40
[ 2914/12000]  acc=0.6667  min=0.5333  best=0.8000  reward=9.67
[ 2915/12000]  acc=0.6667  min=0.6000  best=0.8000  reward=9.80
[ 2916/12000]  acc=0.7333  min=0.4000  best=0.8000  reward=10.53
[ 2917/12000]  acc=0.7333  min=0.5333  best=0.8000  reward=10.60
[ 2918/12000]  acc=0.7333  min=0.2667  best=0.8000  reward=10.27
[ 2919/12000]  acc=0.6667  min=0.4667  best=0.8000  reward=9.73
[ 2920/12000]  acc=0.6667  min=0.4000  best=0.8000  reward=9.93 [ckpt]
[ 2921/12000]  acc=0.7333  min=0.5333  best=0.8000  reward=10.47
[ 2922/12000]  acc=0.6667  min=0.2667  best=0.8000  reward=9.53
[ 2923/12000]  acc=0.7333  min=0.3333  best=0.8000  reward=10.33
[ 2924/12000]  acc=0.6667  min=0.4000  best=0.8000  reward=9.60
[ 2925/12000]  acc=0.8000  min=0.3333  best=0.8000  reward=11.13
[ 2926/12000]  acc=0.6667  min=0.4667  best=0.8000  reward=9.80
[ 2927/12000]  acc=0.8000  min=0.4667  best=0.8000  reward=10.60
[ 2928/12000]  acc=0.6667  min=0.4667  best=0.8000  reward=9.93
[ 2929/12000]  acc=0.6667  min=0.4667  best=0.8000  reward=10.20
[ 2930/12000]  acc=0.7333  min=0.4667  best=0.8000  reward=10.47
[ 2931/12000]  acc=0.6667  min=0.4000  best=0.8000  reward=9.67
[ 2932/12000]  acc=0.7333  min=0.4000  best=0.8000  reward=10.60
[ 2933/12000]  acc=0.7333  min=0.4000  best=0.8000  reward=9.93
[ 2934/12000]  acc=0.7333  min=0.4667  best=0.8000  reward=10.73
[ 2935/12000]  acc=0.6667  min=0.4667  best=0.8000  reward=9.80
[ 2936/12000]  acc=0.7333  min=0.4667  best=0.8000  reward=10.73
[ 2937/12000]  acc=0.7333  min=0.3333  best=0.8000  reward=10.73
[ 2938/12000]  acc=0.7333  min=0.4000  best=0.8000  reward=10.67
[ 2939/12000]  acc=0.7333  min=0.5333  best=0.8000  reward=10.73
[ 2940/12000]  acc=0.6667  min=0.5333  best=0.8000  reward=10.00 [ckpt]
[ 2941/12000]  acc=0.7333  min=0.4000  best=0.8000  reward=10.00
[ 2942/12000]  acc=0.6667  min=0.5333  best=0.8000  reward=9.80
[ 2943/12000]  acc=0.7333  min=0.4667  best=0.8000  reward=10.47
[ 2944/12000]  acc=0.7333  min=0.4000  best=0.8000  reward=10.73
[ 2945/12000]  acc=0.7333  min=0.4000  best=0.8000  reward=10.60
[ 2946/12000]  acc=0.7333  min=0.5333  best=0.8000  reward=10.60
[ 2947/12000]  acc=0.6667  min=0.4000  best=0.8000  reward=9.67
[ 2948/12000]  acc=0.8000  min=0.4667  best=0.8000  reward=10.87
[ 2949/12000]  acc=0.7333  min=0.5333  best=0.8000  reward=10.00
[ 2950/12000]  acc=0.6667  min=0.5333  best=0.8000  reward=9.73
[ 2951/12000]  acc=0.7333  min=0.4667  best=0.8000  reward=10.53
[ 2952/12000]  acc=0.7333  min=0.4667  best=0.8000  reward=10.07
[ 2953/12000]  acc=0.7333  min=0.4667  best=0.8000  reward=10.87
[ 2954/12000]  acc=0.6667  min=0.4667  best=0.8000  reward=9.67
[ 2955/12000]  acc=0.7333  min=0.4000  best=0.8000  reward=10.60
[ 2956/12000]  acc=0.7333  min=0.4667  best=0.8000  reward=10.60
[ 2957/12000]  acc=0.6667  min=0.6000  best=0.8000  reward=9.93
[ 2958/12000]  acc=0.7333  min=0.4667  best=0.8000  reward=10.67
[ 2959/12000]  acc=0.7333  min=0.5333  best=0.8000  reward=10.53
[ 2960/12000]  acc=0.7333  min=0.4667  best=0.8000  reward=10.53 [ckpt]
[ 2961/12000]  acc=0.7333  min=0.4000  best=0.8000  reward=10.47
[ 2962/12000]  acc=0.7333  min=0.5333  best=0.8000  reward=10.47
[ 2963/12000]  acc=0.7333  min=0.4667  best=0.8000  reward=10.67
[ 2964/12000]  acc=0.6667  min=0.4000  best=0.8000  reward=9.87
[ 2965/12000]  acc=0.7333  min=0.4000  best=0.8000  reward=10.53
[ 2966/12000]  acc=0.8000  min=0.4667  best=0.8000  reward=11.33
[ 2967/12000]  acc=0.8000  min=0.4000  best=0.8000  reward=11.20
[ 2968/12000]  acc=0.6667  min=0.3333  best=0.8000  reward=9.60
[ 2969/12000]  acc=0.7333  min=0.3333  best=0.8000  reward=10.60
[ 2970/12000]  acc=0.7333  min=0.6000  best=0.8000  reward=10.73
[ 2971/12000]  acc=0.6667  min=0.6000  best=0.8000  reward=10.13
[ 2972/12000]  acc=0.7333  min=0.4667  best=0.8000  reward=10.67
[ 2973/12000]  acc=0.7333  min=0.5333  best=0.8000  reward=10.80
[ 2974/12000]  acc=0.6667  min=0.4667  best=0.8000  reward=9.87
[ 2975/12000]  acc=0.7333  min=0.5333  best=0.8000  reward=10.67
[ 2976/12000]  acc=0.7333  min=0.4667  best=0.8000  reward=10.40
[ 2977/12000]  acc=0.7333  min=0.5333  best=0.8000  reward=10.13
[ 2978/12000]  acc=0.6667  min=0.4667  best=0.8000  reward=9.73
[ 2979/12000]  acc=0.7333  min=0.4000  best=0.8000  reward=10.33
[ 2980/12000]  acc=0.6667  min=0.4000  best=0.8000  reward=10.33 [ckpt]
[ 2981/12000]  acc=0.6667  min=0.4667  best=0.8000  reward=9.73
[ 2982/12000]  acc=0.7333  min=0.5333  best=0.8000  reward=10.60
[ 2983/12000]  acc=0.7333  min=0.5333  best=0.8000  reward=10.93
[ 2984/12000]  acc=0.6667  min=0.5333  best=0.8000  reward=9.93
[ 2985/12000]  acc=0.7333  min=0.4667  best=0.8000  reward=10.40
[ 2986/12000]  acc=0.7333  min=0.4667  best=0.8000  reward=10.60
[ 2987/12000]  acc=0.6667  min=0.5333  best=0.8000  reward=9.87
[ 2988/12000]  acc=0.8000  min=0.5333  best=0.8000  reward=11.00
[ 2989/12000]  acc=0.7333  min=0.5333  best=0.8000  reward=10.20
[ 2990/12000]  acc=0.6667  min=0.4667  best=0.8000  reward=10.27
[ 2991/12000]  acc=0.7333  min=0.4667  best=0.8000  reward=10.40
[ 2992/12000]  acc=0.6667  min=0.4667  best=0.8000  reward=9.80
[ 2993/12000]  acc=0.7333  min=0.4000  best=0.8000  reward=10.73
[ 2994/12000]  acc=0.7333  min=0.4667  best=0.8000  reward=10.53
[ 2995/12000]  acc=0.7333  min=0.4000  best=0.8000  reward=10.13
[ 2996/12000]  acc=0.6667  min=0.4667  best=0.8000  reward=9.67
[ 2997/12000]  acc=0.7333  min=0.4667  best=0.8000  reward=10.87
[ 2998/12000]  acc=0.6667  min=0.4667  best=0.8000  reward=9.93
[ 2999/12000]  acc=0.7333  min=0.4667  best=0.8000  reward=10.80
[ 3000/12000]  acc=0.7333  min=0.4667  best=0.8000  reward=10.47 [ckpt]
[ 3001/12000]  acc=0.6667  min=0.6000  best=0.8000  reward=10.07
[ 3002/12000]  acc=0.7333  min=0.4667  best=0.8000  reward=10.20
[ 3003/12000]  acc=0.7333  min=0.3333  best=0.8000  reward=10.27
[ 3004/12000]  acc=0.6667  min=0.2667  best=0.8000  reward=10.13
[ 3005/12000]  acc=0.7333  min=0.4667  best=0.8000  reward=10.67
[ 3006/12000]  acc=0.7333  min=0.3333  best=0.8000  reward=10.67
[ 3007/12000]  acc=0.8000  min=0.4667  best=0.8000  reward=10.33
[ 3008/12000]  acc=0.7333  min=0.5333  best=0.8000  reward=10.67
[ 3009/12000]  acc=0.6667  min=0.5333  best=0.8000  reward=10.87
[ 3010/12000]  acc=0.7333  min=0.4000  best=0.8000  reward=10.60
[ 3011/12000]  acc=0.7333  min=0.5333  best=0.8000  reward=10.60
[ 3012/12000]  acc=0.7333  min=0.4667  best=0.8000  reward=10.60
[ 3013/12000]  acc=0.6667  min=0.3333  best=0.8000  reward=9.80
[ 3014/12000]  acc=0.6667  min=0.5333  best=0.8000  reward=9.93
[ 3015/12000]  acc=0.7333  min=0.4000  best=0.8000  reward=10.47
[ 3016/12000]  acc=0.8000  min=0.4667  best=0.8000  reward=10.87
[ 3017/12000]  acc=0.6667  min=0.3333  best=0.8000  reward=10.07
[ 3018/12000]  acc=0.7333  min=0.5333  best=0.8000  reward=10.73
[ 3019/12000]  acc=0.7333  min=0.4667  best=0.8000  reward=10.47
[ 3020/12000]  acc=0.6667  min=0.3333  best=0.8000  reward=10.13 [ckpt]
[ 3021/12000]  acc=0.6667  min=0.4667  best=0.8000  reward=9.60
[ 3022/12000]  acc=0.7333  min=0.4667  best=0.8000  reward=10.60
[ 3023/12000]  acc=0.7333  min=0.3333  best=0.8000  reward=10.80
[ 3024/12000]  acc=0.7333  min=0.2667  best=0.8000  reward=10.33
[ 3025/12000]  acc=0.6667  min=0.4000  best=0.8000  reward=9.67
[ 3026/12000]  acc=0.7333  min=0.4000  best=0.8000  reward=10.40
[ 3027/12000]  acc=0.6667  min=0.4667  best=0.8000  reward=10.07
[ 3028/12000]  acc=0.7333  min=0.4667  best=0.8000  reward=10.33
[ 3029/12000]  acc=0.7333  min=0.4667  best=0.8000  reward=10.53
[ 3030/12000]  acc=0.6667  min=0.4000  best=0.8000  reward=10.13
[ 3031/12000]  acc=0.8000  min=0.4667  best=0.8000  reward=11.13
[ 3032/12000]  acc=0.7333  min=0.4000  best=0.8000  reward=10.33
[ 3033/12000]  acc=0.7333  min=0.4667  best=0.8000  reward=10.73
[ 3034/12000]  acc=0.6667  min=0.6000  best=0.8000  reward=9.87
[ 3035/12000]  acc=0.6667  min=0.3333  best=0.8000  reward=9.67
[ 3036/12000]  acc=0.6667  min=0.5333  best=0.8000  reward=9.73
[ 3037/12000]  acc=0.7333  min=0.4000  best=0.8000  reward=10.87
[ 3038/12000]  acc=0.6667  min=0.4000  best=0.8000  reward=11.20
[ 3039/12000]  acc=0.6667  min=0.4667  best=0.8000  reward=9.80
[ 3040/12000]  acc=0.7333  min=0.5333  best=0.8000  reward=10.73 [ckpt]
[ 3041/12000]  acc=0.6667  min=0.4667  best=0.8000  reward=9.93
[ 3042/12000]  acc=0.6667  min=0.3333  best=0.8000  reward=9.93
[ 3043/12000]  acc=0.7333  min=0.4667  best=0.8000  reward=11.20
[ 3044/12000]  acc=0.7333  min=0.3333  best=0.8000  reward=10.47
[ 3045/12000]  acc=0.7333  min=0.4667  best=0.8000  reward=10.93
[ 3046/12000]  acc=0.7333  min=0.5333  best=0.8000  reward=10.60
[ 3047/12000]  acc=0.7333  min=0.4667  best=0.8000  reward=10.47
[ 3048/12000]  acc=0.6667  min=0.6000  best=0.8000  reward=11.27
[ 3049/12000]  acc=0.7333  min=0.5333  best=0.8000  reward=10.53
[ 3050/12000]  acc=0.8000  min=0.4667  best=0.8000  reward=9.93
[ 3051/12000]  acc=0.7333  min=0.5333  best=0.8000  reward=10.13
[ 3052/12000]  acc=0.7333  min=0.4667  best=0.8000  reward=10.60
[ 3053/12000]  acc=0.7333  min=0.4667  best=0.8000  reward=10.67
[ 3054/12000]  acc=0.7333  min=0.5333  best=0.8000  reward=10.80
[ 3055/12000]  acc=0.7333  min=0.6000  best=0.8000  reward=11.33
[ 3056/12000]  acc=0.7333  min=0.4000  best=0.8000  reward=10.80
[ 3057/12000]  acc=0.6667  min=0.4667  best=0.8000  reward=10.07
[ 3058/12000]  acc=0.6667  min=0.4667  best=0.8000  reward=9.80
[ 3059/12000]  acc=0.8000  min=0.4000  best=0.8000  reward=11.13
[ 3060/12000]  acc=0.6667  min=0.4667  best=0.8000  reward=10.00 [ckpt]
[ 3061/12000]  acc=0.7333  min=0.4667  best=0.8000  reward=10.80
[ 3062/12000]  acc=0.7333  min=0.5333  best=0.8000  reward=10.67
[ 3063/12000]  acc=0.6667  min=0.2667  best=0.8000  reward=9.73
[ 3064/12000]  acc=0.8000  min=0.4667  best=0.8000  reward=10.53
[ 3065/12000]  acc=0.6667  min=0.3333  best=0.8000  reward=10.40
[ 3066/12000]  acc=0.6667  min=0.4000  best=0.8000  reward=9.87
[ 3067/12000]  acc=0.7333  min=0.3333  best=0.8000  reward=10.53
[ 3068/12000]  acc=0.7333  min=0.5333  best=0.8000  reward=10.73
[ 3069/12000]  acc=0.7333  min=0.4000  best=0.8000  reward=10.47
[ 3070/12000]  acc=0.7333  min=0.5333  best=0.8000  reward=10.87
[ 3071/12000]  acc=0.7333  min=0.4667  best=0.8000  reward=10.13
[ 3072/12000]  acc=0.7333  min=0.4667  best=0.8000  reward=10.47
[ 3073/12000]  acc=0.8000  min=0.4667  best=0.8000  reward=11.00
[ 3074/12000]  acc=0.7333  min=0.5333  best=0.8000  reward=10.47
[ 3075/12000]  acc=0.7333  min=0.4667  best=0.8000  reward=10.60
[ 3076/12000]  acc=0.6667  min=0.3333  best=0.8000  reward=9.80
[ 3077/12000]  acc=0.8000  min=0.4667  best=0.8000  reward=11.33
[ 3078/12000]  acc=0.7333  min=0.4000  best=0.8000  reward=10.73
[ 3079/12000]  acc=0.7333  min=0.4000  best=0.8000  reward=10.60
[ 3080/12000]  acc=0.6667  min=0.5333  best=0.8000  reward=9.87 [ckpt]
[ 3081/12000]  acc=0.6667  min=0.5333  best=0.8000  reward=9.80
[ 3082/12000]  acc=0.7333  min=0.4000  best=0.8000  reward=10.40
[ 3083/12000]  acc=0.7333  min=0.4000  best=0.8000  reward=10.27
[ 3084/12000]  acc=0.6667  min=0.4667  best=0.8000  reward=10.87
[ 3085/12000]  acc=0.7333  min=0.2667  best=0.8000  reward=10.27
[ 3086/12000]  acc=0.7333  min=0.4667  best=0.8000  reward=10.47
[ 3087/12000]  acc=0.7333  min=0.5333  best=0.8000  reward=10.40
[ 3088/12000]  acc=0.6667  min=0.2667  best=0.8000  reward=9.60
[ 3089/12000]  acc=0.6667  min=0.4000  best=0.8000  reward=10.67
[ 3090/12000]  acc=0.7333  min=0.4667  best=0.8000  reward=10.67
[ 3091/12000]  acc=0.8000  min=0.5333  best=0.8000  reward=10.93
[ 3092/12000]  acc=0.8000  min=0.4667  best=0.8000  reward=11.07
[ 3093/12000]  acc=0.8000  min=0.2667  best=0.8000  reward=11.07
[ 3094/12000]  acc=0.7333  min=0.4667  best=0.8000  reward=10.47
[ 3095/12000]  acc=0.7333  min=0.5333  best=0.8000  reward=11.13
[ 3096/12000]  acc=0.6667  min=0.3333  best=0.8000  reward=9.60
[ 3097/12000]  acc=0.6667  min=0.4667  best=0.8000  reward=10.27
[ 3098/12000]  acc=0.6667  min=0.4667  best=0.8000  reward=10.07
[ 3099/12000]  acc=0.7333  min=0.4667  best=0.8000  reward=10.40
[ 3100/12000]  acc=0.6667  min=0.4000  best=0.8000  reward=9.67 [ckpt]
[ 3101/12000]  acc=0.7333  min=0.5333  best=0.8000  reward=10.60
[ 3102/12000]  acc=0.7333  min=0.5333  best=0.8000  reward=10.60
[ 3103/12000]  acc=0.7333  min=0.4667  best=0.8000  reward=10.47
[ 3104/12000]  acc=0.8000  min=0.4667  best=0.8000  reward=11.27
[ 3105/12000]  acc=0.6667  min=0.4667  best=0.8000  reward=9.87
[ 3106/12000]  acc=0.8000  min=0.4667  best=0.8000  reward=10.80
[ 3107/12000]  acc=0.7333  min=0.5333  best=0.8000  reward=10.73
[ 3108/12000]  acc=0.7333  min=0.6000  best=0.8000  reward=10.67
[ 3109/12000]  acc=0.7333  min=0.2667  best=0.8000  reward=10.20
[ 3110/12000]  acc=0.6667  min=0.4667  best=0.8000  reward=9.80
[ 3111/12000]  acc=0.7333  min=0.4667  best=0.8000  reward=10.33
[ 3112/12000]  acc=0.8000  min=0.5333  best=0.8000  reward=11.40
[ 3113/12000]  acc=0.7333  min=0.4667  best=0.8000  reward=10.60
[ 3114/12000]  acc=0.6667  min=0.4000  best=0.8000  reward=10.00
[ 3115/12000]  acc=0.6667  min=0.4667  best=0.8000  reward=10.07
[ 3116/12000]  acc=0.7333  min=0.4000  best=0.8000  reward=10.00
[ 3117/12000]  acc=0.7333  min=0.4667  best=0.8000  reward=10.47
[ 3118/12000]  acc=0.7333  min=0.4667  best=0.8000  reward=10.73
[ 3119/12000]  acc=0.7333  min=0.4667  best=0.8000  reward=10.60
[ 3120/12000]  acc=0.7333  min=0.5333  best=0.8000  reward=10.60 [ckpt]
[ 3121/12000]  acc=0.7333  min=0.5333  best=0.8000  reward=10.33
[ 3122/12000]  acc=0.7333  min=0.5333  best=0.8000  reward=10.60
[ 3123/12000]  acc=0.7333  min=0.4667  best=0.8000  reward=10.60
[ 3124/12000]  acc=0.7333  min=0.5333  best=0.8000  reward=10.93
[ 3125/12000]  acc=0.7333  min=0.4000  best=0.8000  reward=10.47
[ 3126/12000]  acc=0.6667  min=0.3333  best=0.8000  reward=9.60
[ 3127/12000]  acc=0.7333  min=0.4667  best=0.8000  reward=10.73
[ 3128/12000]  acc=0.8000  min=0.4000  best=0.8000  reward=10.80
[ 3129/12000]  acc=0.7333  min=0.4000  best=0.8000  reward=10.60
[ 3130/12000]  acc=0.7333  min=0.4000  best=0.8000  reward=10.53
[ 3131/12000]  acc=0.7333  min=0.6000  best=0.8000  reward=10.87
[ 3132/12000]  acc=0.6667  min=0.5333  best=0.8000  reward=9.87
[ 3133/12000]  acc=0.6667  min=0.6000  best=0.8000  reward=10.00
[ 3134/12000]  acc=0.6667  min=0.5333  best=0.8000  reward=9.80
[ 3135/12000]  acc=0.8000  min=0.5333  best=0.8000  reward=11.00
[ 3136/12000]  acc=0.6667  min=0.4667  best=0.8000  reward=10.33
[ 3137/12000]  acc=0.6667  min=0.6000  best=0.8000  reward=10.13
[ 3138/12000]  acc=0.7333  min=0.4000  best=0.8000  reward=10.80
[ 3139/12000]  acc=0.7333  min=0.4667  best=0.8000  reward=10.47
[ 3140/12000]  acc=0.7333  min=0.6000  best=0.8000  reward=10.67 [ckpt]
[ 3141/12000]  acc=0.6667  min=0.4667  best=0.8000  reward=9.73
[ 3142/12000]  acc=0.8000  min=0.5333  best=0.8000  reward=11.13
[ 3143/12000]  acc=0.7333  min=0.5333  best=0.8000  reward=10.67
[ 3144/12000]  acc=0.6667  min=0.4000  best=0.8000  reward=9.80
[ 3145/12000]  acc=0.7333  min=0.4667  best=0.8000  reward=10.93
[ 3146/12000]  acc=0.6667  min=0.4667  best=0.8000  reward=9.67
[ 3147/12000]  acc=0.6667  min=0.4667  best=0.8000  reward=9.80
[ 3148/12000]  acc=0.7333  min=0.6000  best=0.8000  reward=11.13
[ 3149/12000]  acc=0.7333  min=0.5333  best=0.8000  reward=10.60
[ 3150/12000]  acc=0.7333  min=0.4000  best=0.8000  reward=10.40
[ 3151/12000]  acc=0.8000  min=0.4667  best=0.8000  reward=10.87
[ 3152/12000]  acc=0.7333  min=0.4667  best=0.8000  reward=10.33
[ 3153/12000]  acc=0.6667  min=0.3333  best=0.8000  reward=9.87
[ 3154/12000]  acc=0.6667  min=0.4000  best=0.8000  reward=9.80
[ 3155/12000]  acc=0.7333  min=0.4667  best=0.8000  reward=10.60
[ 3156/12000]  acc=0.6667  min=0.4000  best=0.8000  reward=9.93
[ 3157/12000]  acc=0.6667  min=0.5333  best=0.8000  reward=10.60
[ 3158/12000]  acc=0.6667  min=0.3333  best=0.8000  reward=9.87
[ 3159/12000]  acc=0.6667  min=0.4667  best=0.8000  reward=9.80
[ 3160/12000]  acc=0.6667  min=0.4667  best=0.8000  reward=9.87 [ckpt]
[ 3161/12000]  acc=0.7333  min=0.5333  best=0.8000  reward=10.67
[ 3162/12000]  acc=0.7333  min=0.4667  best=0.8000  reward=10.47
[ 3163/12000]  acc=0.6667  min=0.4667  best=0.8000  reward=9.80
[ 3164/12000]  acc=0.6667  min=0.4000  best=0.8000  reward=9.73
[ 3165/12000]  acc=0.6667  min=0.4000  best=0.8000  reward=9.67
[ 3166/12000]  acc=0.7333  min=0.6000  best=0.8000  reward=10.67
[ 3167/12000]  acc=0.7333  min=0.4000  best=0.8000  reward=10.13
[ 3168/12000]  acc=0.7333  min=0.3333  best=0.8000  reward=9.67
[ 3169/12000]  acc=0.8000  min=0.4000  best=0.8000  reward=10.73
[ 3170/12000]  acc=0.7333  min=0.5333  best=0.8000  reward=10.07
[ 3171/12000]  acc=0.6667  min=0.6000  best=0.8000  reward=10.07
[ 3172/12000]  acc=0.8000  min=0.4667  best=0.8000  reward=11.33
[ 3173/12000]  acc=0.7333  min=0.4667  best=0.8000  reward=10.27
[ 3174/12000]  acc=0.6667  min=0.4667  best=0.8000  reward=10.07
[ 3175/12000]  acc=0.6667  min=0.5333  best=0.8000  reward=10.07
[ 3176/12000]  acc=0.6667  min=0.6000  best=0.8000  reward=10.47
[ 3177/12000]  acc=0.6667  min=0.3333  best=0.8000  reward=9.80
[ 3178/12000]  acc=0.8000  min=0.4000  best=0.8000  reward=11.07
[ 3179/12000]  acc=0.6667  min=0.4000  best=0.8000  reward=9.73
[ 3180/12000]  acc=0.7333  min=0.4667  best=0.8000  reward=10.53 [ckpt]
[ 3181/12000]  acc=0.6667  min=0.4000  best=0.8000  reward=9.67
[ 3182/12000]  acc=0.6667  min=0.4667  best=0.8000  reward=9.67
[ 3183/12000]  acc=0.6667  min=0.5333  best=0.8000  reward=9.73
[ 3184/12000]  acc=0.7333  min=0.4667  best=0.8000  reward=10.73
[ 3185/12000]  acc=0.8000  min=0.4000  best=0.8000  reward=10.67
[ 3186/12000]  acc=0.7333  min=0.4667  best=0.8000  reward=10.47
[ 3187/12000]  acc=0.7333  min=0.3333  best=0.8000  reward=10.40
[ 3188/12000]  acc=0.7333  min=0.4667  best=0.8000  reward=10.53
[ 3189/12000]  acc=0.7333  min=0.5333  best=0.8000  reward=10.47
[ 3190/12000]  acc=0.7333  min=0.6000  best=0.8000  reward=10.80
[ 3191/12000]  acc=0.8000  min=0.3333  best=0.8000  reward=10.93
[ 3192/12000]  acc=0.7333  min=0.3333  best=0.8000  reward=10.40
[ 3193/12000]  acc=0.7333  min=0.4000  best=0.8000  reward=10.53
[ 3194/12000]  acc=0.6667  min=0.5333  best=0.8000  reward=10.27
[ 3195/12000]  acc=0.7333  min=0.4667  best=0.8000  reward=10.27
[ 3196/12000]  acc=0.7333  min=0.4000  best=0.8000  reward=10.47
[ 3197/12000]  acc=0.7333  min=0.3333  best=0.8000  reward=10.27
[ 3198/12000]  acc=0.7333  min=0.4667  best=0.8000  reward=10.20
[ 3199/12000]  acc=0.7333  min=0.4667  best=0.8000  reward=10.60
[ 3200/12000]  acc=0.8000  min=0.6000  best=0.8000  reward=11.07 [ckpt]
[ 3201/12000]  acc=0.6667  min=0.4000  best=0.8000  reward=9.87
[ 3202/12000]  acc=0.8000  min=0.4000  best=0.8000  reward=11.47
[ 3203/12000]  acc=0.7333  min=0.3333  best=0.8000  reward=10.67
[ 3204/12000]  acc=0.7333  min=0.4667  best=0.8000  reward=10.60
[ 3205/12000]  acc=0.8000  min=0.6000  best=0.8000  reward=11.20
[ 3206/12000]  acc=0.8000  min=0.4667  best=0.8000  reward=11.27
[ 3207/12000]  acc=0.8000  min=0.4667  best=0.8000  reward=10.93
[ 3208/12000]  acc=0.6667  min=0.6000  best=0.8000  reward=10.00
[ 3209/12000]  acc=0.7333  min=0.4000  best=0.8000  reward=10.33
[ 3210/12000]  acc=0.7333  min=0.4000  best=0.8000  reward=10.60
[ 3211/12000]  acc=0.7333  min=0.5333  best=0.8000  reward=10.67
[ 3212/12000]  acc=0.7333  min=0.4000  best=0.8000  reward=10.07
[ 3213/12000]  acc=0.6667  min=0.5333  best=0.8000  reward=10.07
[ 3214/12000]  acc=0.7333  min=0.4000  best=0.8000  reward=10.60
[ 3215/12000]  acc=0.6667  min=0.4000  best=0.8000  reward=9.87
[ 3216/12000]  acc=0.7333  min=0.4000  best=0.8000  reward=10.40
[ 3217/12000]  acc=0.8000  min=0.5333  best=0.8000  reward=10.40
[ 3218/12000]  acc=0.7333  min=0.4000  best=0.8000  reward=10.40
[ 3219/12000]  acc=0.6667  min=0.5333  best=0.8000  reward=9.93
[ 3220/12000]  acc=0.6667  min=0.4000  best=0.8000  reward=10.33 [ckpt]
[ 3221/12000]  acc=0.8000  min=0.5333  best=0.8000  reward=11.20
[ 3222/12000]  acc=0.7333  min=0.5333  best=0.8000  reward=10.67
[ 3223/12000]  acc=0.7333  min=0.4000  best=0.8000  reward=10.60
[ 3224/12000]  acc=0.6667  min=0.5333  best=0.8000  reward=9.67
[ 3225/12000]  acc=0.7333  min=0.6000  best=0.8000  reward=10.93
[ 3226/12000]  acc=0.6667  min=0.3333  best=0.8000  reward=9.60
[ 3227/12000]  acc=0.8000  min=0.4667  best=0.8000  reward=10.47
[ 3228/12000]  acc=0.7333  min=0.4000  best=0.8000  reward=10.67
[ 3229/12000]  acc=0.7333  min=0.6000  best=0.8000  reward=10.80
[ 3230/12000]  acc=0.7333  min=0.5333  best=0.8000  reward=10.67
[ 3231/12000]  acc=0.7333  min=0.4667  best=0.8000  reward=10.93
[ 3232/12000]  acc=0.7333  min=0.4000  best=0.8000  reward=9.87
[ 3233/12000]  acc=0.8000  min=0.3333  best=0.8000  reward=10.60
[ 3234/12000]  acc=0.7333  min=0.4667  best=0.8000  reward=10.60
[ 3235/12000]  acc=0.7333  min=0.4000  best=0.8000  reward=10.53
[ 3236/12000]  acc=0.6667  min=0.4000  best=0.8000  reward=9.93
[ 3237/12000]  acc=0.7333  min=0.4000  best=0.8000  reward=10.40
[ 3238/12000]  acc=0.7333  min=0.4667  best=0.8000  reward=10.53
[ 3239/12000]  acc=0.7333  min=0.4667  best=0.8000  reward=10.87
[ 3240/12000]  acc=0.6667  min=0.4667  best=0.8000  reward=9.93 [ckpt]
[ 3241/12000]  acc=0.7333  min=0.5333  best=0.8000  reward=10.53
[ 3242/12000]  acc=0.6667  min=0.5333  best=0.8000  reward=9.87
[ 3243/12000]  acc=0.6667  min=0.3333  best=0.8000  reward=9.87
[ 3244/12000]  acc=0.6667  min=0.4000  best=0.8000  reward=10.33
[ 3245/12000]  acc=0.7333  min=0.5333  best=0.8000  reward=10.93
[ 3246/12000]  acc=0.7333  min=0.4667  best=0.8000  reward=10.53
[ 3247/12000]  acc=0.6667  min=0.6000  best=0.8000  reward=10.13
[ 3248/12000]  acc=0.7333  min=0.4000  best=0.8000  reward=9.93
[ 3249/12000]  acc=0.7333  min=0.3333  best=0.8000  reward=10.53
[ 3250/12000]  acc=0.7333  min=0.4000  best=0.8000  reward=10.93
[ 3251/12000]  acc=0.8000  min=0.4000  best=0.8000  reward=11.07
[ 3252/12000]  acc=0.8000  min=0.4000  best=0.8000  reward=11.07
[ 3253/12000]  acc=0.8000  min=0.4667  best=0.8000  reward=11.07
[ 3254/12000]  acc=0.8000  min=0.4667  best=0.8000  reward=10.20
[ 3255/12000]  acc=0.7333  min=0.4667  best=0.8000  reward=10.33
[ 3256/12000]  acc=0.7333  min=0.5333  best=0.8000  reward=10.53
[ 3257/12000]  acc=0.7333  min=0.6000  best=0.8000  reward=10.53
[ 3258/12000]  acc=0.6667  min=0.5333  best=0.8000  reward=9.80
[ 3259/12000]  acc=0.7333  min=0.4000  best=0.8000  reward=10.27
[ 3260/12000]  acc=0.7333  min=0.4667  best=0.8000  reward=10.60 [ckpt]
[ 3261/12000]  acc=0.7333  min=0.4000  best=0.8000  reward=10.47
[ 3262/12000]  acc=0.7333  min=0.2667  best=0.8000  reward=10.40
[ 3263/12000]  acc=0.7333  min=0.3333  best=0.8000  reward=10.87
[ 3264/12000]  acc=0.7333  min=0.5333  best=0.8000  reward=10.20
[ 3265/12000]  acc=0.8000  min=0.2667  best=0.8000  reward=10.87
[ 3266/12000]  acc=0.7333  min=0.4000  best=0.8000  reward=10.80
[ 3267/12000]  acc=0.7333  min=0.5333  best=0.8000  reward=10.53
[ 3268/12000]  acc=0.8000  min=0.4000  best=0.8000  reward=10.67
[ 3269/12000]  acc=0.8000  min=0.4000  best=0.8000  reward=10.40
[ 3270/12000]  acc=0.7333  min=0.4000  best=0.8000  reward=10.47
[ 3271/12000]  acc=0.7333  min=0.4667  best=0.8000  reward=10.93
[ 3272/12000]  acc=0.7333  min=0.4000  best=0.8000  reward=10.60
[ 3273/12000]  acc=0.7333  min=0.5333  best=0.8000  reward=10.53
[ 3274/12000]  acc=0.8000  min=0.6000  best=0.8000  reward=11.60
[ 3275/12000]  acc=0.7333  min=0.5333  best=0.8000  reward=10.27
[ 3276/12000]  acc=0.8000  min=0.4000  best=0.8000  reward=10.73
[ 3277/12000]  acc=0.7333  min=0.4667  best=0.8000  reward=10.53
[ 3278/12000]  acc=0.7333  min=0.4667  best=0.8000  reward=10.60
[ 3279/12000]  acc=0.6667  min=0.4000  best=0.8000  reward=10.27
[ 3280/12000]  acc=0.7333  min=0.3333  best=0.8000  reward=10.53 [ckpt]
[ 3281/12000]  acc=0.7333  min=0.5333  best=0.8000  reward=10.60
[ 3282/12000]  acc=0.7333  min=0.5333  best=0.8000  reward=10.67
[ 3283/12000]  acc=0.6667  min=0.3333  best=0.8000  reward=9.80
[ 3284/12000]  acc=0.7333  min=0.4000  best=0.8000  reward=9.73
[ 3285/12000]  acc=0.8000  min=0.4667  best=0.8000  reward=10.67
[ 3286/12000]  acc=0.6667  min=0.5333  best=0.8000  reward=9.87
[ 3287/12000]  acc=0.7333  min=0.4000  best=0.8000  reward=10.40
[ 3288/12000]  acc=0.6667  min=0.3333  best=0.8000  reward=9.73
[ 3289/12000]  acc=0.7333  min=0.4667  best=0.8000  reward=10.67
[ 3290/12000]  acc=0.7333  min=0.4667  best=0.8000  reward=11.00
[ 3291/12000]  acc=0.7333  min=0.5333  best=0.8000  reward=10.53
[ 3292/12000]  acc=0.7333  min=0.3333  best=0.8000  reward=10.47
[ 3293/12000]  acc=0.7333  min=0.5333  best=0.8000  reward=10.00
[ 3294/12000]  acc=0.6667  min=0.5333  best=0.8000  reward=10.60
[ 3295/12000]  acc=0.7333  min=0.4667  best=0.8000  reward=10.27
[ 3296/12000]  acc=0.8000  min=0.3333  best=0.8000  reward=10.33
[ 3297/12000]  acc=0.6667  min=0.4000  best=0.8000  reward=9.80
[ 3298/12000]  acc=0.6667  min=0.5333  best=0.8000  reward=10.00
[ 3299/12000]  acc=0.1333  min=0.1333  best=0.8000  reward=5.93
[ 3300/12000]  acc=0.6667  min=0.4667  best=0.8000  reward=9.93 [ckpt]
[ 3301/12000]  acc=0.7333  min=0.4000  best=0.8000  reward=10.80
[ 3302/12000]  acc=0.5333  min=0.2667  best=0.8000  reward=6.47
[ 3303/12000]  acc=0.7333  min=0.5333  best=0.8000  reward=10.60
[ 3304/12000]  acc=0.7333  min=0.4000  best=0.8000  reward=10.53
[ 3305/12000]  acc=0.7333  min=0.6000  best=0.8000  reward=10.53
[ 3306/12000]  acc=0.6667  min=0.4000  best=0.8000  reward=10.27
[ 3307/12000]  acc=0.6667  min=0.4667  best=0.8000  reward=9.93
[ 3308/12000]  acc=0.2000  min=0.2000  best=0.8000  reward=5.20
[ 3309/12000]  acc=0.6667  min=0.5333  best=0.8000  reward=11.20
[ 3310/12000]  acc=0.7333  min=0.4000  best=0.8000  reward=10.67
[ 3311/12000]  acc=0.6667  min=0.4667  best=0.8000  reward=9.93
[ 3312/12000]  acc=0.6667  min=0.4000  best=0.8000  reward=9.87
[ 3313/12000]  acc=0.8000  min=0.5333  best=0.8000  reward=11.33
[ 3314/12000]  acc=0.7333  min=0.6000  best=0.8000  reward=10.80
[ 3315/12000]  acc=0.4000  min=0.4000  best=0.8000  reward=6.93
[ 3316/12000]  acc=0.2667  min=0.2000  best=0.8000  reward=6.00
[ 3317/12000]  acc=0.5333  min=0.3333  best=0.8000  reward=5.93
[ 3318/12000]  acc=0.4000  min=0.3333  best=0.8000  reward=6.53
[ 3319/12000]  acc=0.5333  min=0.3333  best=0.8000  reward=7.00
[ 3320/12000]  acc=0.7333  min=0.4000  best=0.8000  reward=10.27 [ckpt]
[ 3321/12000]  acc=0.8000  min=0.3333  best=0.8000  reward=10.80
[ 3322/12000]  acc=0.5333  min=0.2000  best=0.8000  reward=5.80
[ 3323/12000]  acc=0.6667  min=0.4000  best=0.8000  reward=9.93
[ 3324/12000]  acc=0.4000  min=0.3333  best=0.8000  reward=7.07
[ 3325/12000]  acc=0.3333  min=0.2000  best=0.8000  reward=5.00
[ 3326/12000]  acc=0.4000  min=0.2000  best=0.8000  reward=6.67
[ 3327/12000]  acc=0.4000  min=0.2667  best=0.8000  reward=6.47
[ 3328/12000]  acc=0.3333  min=0.3333  best=0.8000  reward=6.67
[ 3329/12000]  acc=0.7333  min=0.4667  best=0.8000  reward=10.53
[ 3330/12000]  acc=0.7333  min=0.4667  best=0.8000  reward=10.53
[ 3331/12000]  acc=0.7333  min=0.5333  best=0.8000  reward=10.60
[ 3332/12000]  acc=0.7333  min=0.4000  best=0.8000  reward=10.53
[ 3333/12000]  acc=0.5333  min=0.3333  best=0.8000  reward=6.93
[ 3334/12000]  acc=0.8000  min=0.6000  best=0.8000  reward=11.33
[ 3335/12000]  acc=0.5333  min=0.2667  best=0.8000  reward=6.67
[ 3336/12000]  acc=0.4000  min=0.3333  best=0.8000  reward=6.87
[ 3337/12000]  acc=0.4000  min=0.2667  best=0.8000  reward=6.53
[ 3338/12000]  acc=0.4667  min=0.3333  best=0.8000  reward=6.00
[ 3339/12000]  acc=0.5333  min=0.2667  best=0.8000  reward=6.87
[ 3340/12000]  acc=0.3333  min=0.2667  best=0.8000  reward=7.13 [ckpt]
[ 3341/12000]  acc=0.4667  min=0.2667  best=0.8000  reward=6.87
[ 3342/12000]  acc=0.4000  min=0.2667  best=0.8000  reward=7.00
[ 3343/12000]  acc=0.4000  min=0.2000  best=0.8000  reward=6.40
[ 3344/12000]  acc=0.5333  min=0.2667  best=0.8000  reward=7.80
[ 3345/12000]  acc=0.5333  min=0.3333  best=0.8000  reward=7.27
[ 3346/12000]  acc=0.2667  min=0.2667  best=0.8000  reward=6.87
[ 3347/12000]  acc=0.6667  min=0.4667  best=0.8000  reward=9.87
[ 3348/12000]  acc=0.3333  min=0.2667  best=0.8000  reward=6.53
[ 3349/12000]  acc=0.4667  min=0.3333  best=0.8000  reward=6.67
[ 3350/12000]  acc=0.3333  min=0.2667  best=0.8000  reward=6.93
[ 3351/12000]  acc=0.4667  min=0.3333  best=0.8000  reward=7.00
[ 3352/12000]  acc=0.5333  min=0.2667  best=0.8000  reward=7.07
[ 3353/12000]  acc=0.6000  min=0.2000  best=0.8000  reward=6.80
[ 3354/12000]  acc=0.4667  min=0.2667  best=0.8000  reward=6.60
[ 3355/12000]  acc=0.2667  min=0.2000  best=0.8000  reward=5.73
[ 3356/12000]  acc=0.4667  min=0.2667  best=0.8000  reward=6.67
[ 3357/12000]  acc=0.5333  min=0.3333  best=0.8000  reward=7.07
[ 3358/12000]  acc=0.2667  min=0.2667  best=0.8000  reward=6.93
[ 3359/12000]  acc=0.5333  min=0.2000  best=0.8000  reward=6.93
[ 3360/12000]  acc=0.4000  min=0.2667  best=0.8000  reward=6.33 [ckpt]
[ 3361/12000]  acc=0.4667  min=0.3333  best=0.8000  reward=7.00
[ 3362/12000]  acc=0.4000  min=0.4000  best=0.8000  reward=7.67
[ 3363/12000]  acc=0.4000  min=0.3333  best=0.8000  reward=6.67
[ 3364/12000]  acc=0.4667  min=0.3333  best=0.8000  reward=7.13
[ 3365/12000]  acc=0.2667  min=0.2667  best=0.8000  reward=6.60
[ 3366/12000]  acc=0.4667  min=0.3333  best=0.8000  reward=6.67
[ 3367/12000]  acc=0.5333  min=0.2667  best=0.8000  reward=7.00
[ 3368/12000]  acc=0.4667  min=0.3333  best=0.8000  reward=7.07
[ 3369/12000]  acc=0.4000  min=0.2667  best=0.8000  reward=6.33
[ 3370/12000]  acc=0.4000  min=0.3333  best=0.8000  reward=7.07
[ 3371/12000]  acc=0.5333  min=0.4000  best=0.8000  reward=7.60
[ 3372/12000]  acc=0.4667  min=0.2667  best=0.8000  reward=6.73
[ 3373/12000]  acc=0.5333  min=0.3333  best=0.8000  reward=7.13
[ 3374/12000]  acc=0.4667  min=0.3333  best=0.8000  reward=6.80
[ 3375/12000]  acc=0.3333  min=0.3333  best=0.8000  reward=7.07
[ 3376/12000]  acc=0.6667  min=0.4667  best=0.8000  reward=9.73
[ 3377/12000]  acc=0.7333  min=0.5333  best=0.8000  reward=10.40
[ 3378/12000]  acc=0.4667  min=0.3333  best=0.8000  reward=6.67
[ 3379/12000]  acc=0.4000  min=0.2667  best=0.8000  reward=6.27
[ 3380/12000]  acc=0.7333  min=0.4000  best=0.8000  reward=10.40 [ckpt]
[ 3381/12000]  acc=0.4000  min=0.3333  best=0.8000  reward=6.47
[ 3382/12000]  acc=0.7333  min=0.4667  best=0.8000  reward=10.40
[ 3383/12000]  acc=0.3333  min=0.3333  best=0.8000  reward=7.13
[ 3384/12000]  acc=0.4667  min=0.3333  best=0.8000  reward=7.20
[ 3385/12000]  acc=0.4000  min=0.3333  best=0.8000  reward=7.20
[ 3386/12000]  acc=0.3333  min=0.2667  best=0.8000  reward=7.33
[ 3387/12000]  acc=0.3333  min=0.2667  best=0.8000  reward=6.07
[ 3388/12000]  acc=0.7333  min=0.3333  best=0.8000  reward=10.33
[ 3389/12000]  acc=0.7333  min=0.4000  best=0.8000  reward=10.47
[ 3390/12000]  acc=0.6667  min=0.4667  best=0.8000  reward=9.87
[ 3391/12000]  acc=0.7333  min=0.4000  best=0.8000  reward=9.93
[ 3392/12000]  acc=0.7333  min=0.3333  best=0.8000  reward=10.47
[ 3393/12000]  acc=0.7333  min=0.4000  best=0.8000  reward=10.40
[ 3394/12000]  acc=0.7333  min=0.5333  best=0.8000  reward=10.60
[ 3395/12000]  acc=0.6667  min=0.4667  best=0.8000  reward=9.73
[ 3396/12000]  acc=0.6667  min=0.4667  best=0.8000  reward=9.60
[ 3397/12000]  acc=0.6667  min=0.3333  best=0.8000  reward=9.93
[ 3398/12000]  acc=0.7333  min=0.3333  best=0.8000  reward=10.40
[ 3399/12000]  acc=0.7333  min=0.4000  best=0.8000  reward=10.53
[ 3400/12000]  acc=0.7333  min=0.4667  best=0.8000  reward=10.47 [ckpt]
[ 3401/12000]  acc=0.7333  min=0.4667  best=0.8000  reward=10.73
[ 3402/12000]  acc=0.7333  min=0.5333  best=0.8000  reward=10.73
[ 3403/12000]  acc=0.6667  min=0.3333  best=0.8000  reward=9.93
[ 3404/12000]  acc=0.7333  min=0.5333  best=0.8000  reward=10.00
[ 3405/12000]  acc=0.6667  min=0.4000  best=0.8000  reward=9.67
[ 3406/12000]  acc=0.7333  min=0.5333  best=0.8000  reward=10.53
[ 3407/12000]  acc=0.6667  min=0.4667  best=0.8000  reward=9.73
[ 3408/12000]  acc=0.7333  min=0.3333  best=0.8000  reward=10.47
[ 3409/12000]  acc=0.7333  min=0.6000  best=0.8000  reward=10.67
[ 3410/12000]  acc=0.7333  min=0.4667  best=0.8000  reward=10.93
[ 3411/12000]  acc=0.6667  min=0.3333  best=0.8000  reward=9.80
[ 3412/12000]  acc=0.6667  min=0.4667  best=0.8000  reward=10.00
[ 3413/12000]  acc=0.7333  min=0.3333  best=0.8000  reward=10.47
[ 3414/12000]  acc=0.6667  min=0.5333  best=0.8000  reward=9.80
[ 3415/12000]  acc=0.7333  min=0.4000  best=0.8000  reward=10.47
[ 3416/12000]  acc=0.7333  min=0.4667  best=0.8000  reward=10.60
[ 3417/12000]  acc=0.7333  min=0.4667  best=0.8000  reward=10.53
[ 3418/12000]  acc=0.7333  min=0.6000  best=0.8000  reward=10.87
[ 3419/12000]  acc=0.7333  min=0.4000  best=0.8000  reward=10.27
[ 3420/12000]  acc=0.6667  min=0.4000  best=0.8000  reward=10.00 [ckpt]
[ 3421/12000]  acc=0.6667  min=0.4667  best=0.8000  reward=9.80
[ 3422/12000]  acc=0.8000  min=0.5333  best=0.8000  reward=10.67
[ 3423/12000]  acc=0.6667  min=0.5333  best=0.8000  reward=9.93
[ 3424/12000]  acc=0.6667  min=0.4000  best=0.8000  reward=9.67
[ 3425/12000]  acc=0.7333  min=0.4000  best=0.8000  reward=10.40
[ 3426/12000]  acc=0.6667  min=0.3333  best=0.8000  reward=10.27
[ 3427/12000]  acc=0.7333  min=0.4667  best=0.8000  reward=10.53
[ 3428/12000]  acc=0.7333  min=0.4000  best=0.8000  reward=10.47
[ 3429/12000]  acc=0.7333  min=0.4667  best=0.8000  reward=10.47
[ 3430/12000]  acc=0.7333  min=0.4667  best=0.8000  reward=10.20
[ 3431/12000]  acc=0.7333  min=0.4667  best=0.8000  reward=10.20
[ 3432/12000]  acc=0.6667  min=0.2667  best=0.8000  reward=9.73
[ 3433/12000]  acc=0.7333  min=0.2667  best=0.8000  reward=10.00
[ 3434/12000]  acc=0.6667  min=0.4667  best=0.8000  reward=9.93
[ 3435/12000]  acc=0.8000  min=0.5333  best=0.8000  reward=10.53
[ 3436/12000]  acc=0.6667  min=0.4667  best=0.8000  reward=10.13
[ 3437/12000]  acc=0.7333  min=0.5333  best=0.8000  reward=10.67
[ 3438/12000]  acc=0.6667  min=0.5333  best=0.8000  reward=10.07
[ 3439/12000]  acc=0.7333  min=0.4667  best=0.8000  reward=10.87
[ 3440/12000]  acc=0.7333  min=0.4667  best=0.8000  reward=10.53 [ckpt]
[ 3441/12000]  acc=0.7333  min=0.5333  best=0.8000  reward=10.73
[ 3442/12000]  acc=0.6667  min=0.5333  best=0.8000  reward=10.07
[ 3443/12000]  acc=0.6667  min=0.4000  best=0.8000  reward=9.87
[ 3444/12000]  acc=0.6667  min=0.5333  best=0.8000  reward=10.00
[ 3445/12000]  acc=0.7333  min=0.5333  best=0.8000  reward=11.20
[ 3446/12000]  acc=0.6667  min=0.4000  best=0.8000  reward=9.73
[ 3447/12000]  acc=0.6667  min=0.4667  best=0.8000  reward=9.73
[ 3448/12000]  acc=0.7333  min=0.4667  best=0.8000  reward=10.47
[ 3449/12000]  acc=0.6667  min=0.6000  best=0.8000  reward=10.20
[ 3450/12000]  acc=0.7333  min=0.4667  best=0.8000  reward=10.40
[ 3451/12000]  acc=0.7333  min=0.5333  best=0.8000  reward=10.40
[ 3452/12000]  acc=0.7333  min=0.5333  best=0.8000  reward=10.67
[ 3453/12000]  acc=0.7333  min=0.5333  best=0.8000  reward=10.73
[ 3454/12000]  acc=0.6667  min=0.4000  best=0.8000  reward=9.67
[ 3455/12000]  acc=0.7333  min=0.5333  best=0.8000  reward=10.00
[ 3456/12000]  acc=0.7333  min=0.5333  best=0.8000  reward=10.60
[ 3457/12000]  acc=0.6667  min=0.4000  best=0.8000  reward=9.87
[ 3458/12000]  acc=0.6667  min=0.4000  best=0.8000  reward=9.87
[ 3459/12000]  acc=0.7333  min=0.4667  best=0.8000  reward=10.80
[ 3460/12000]  acc=0.7333  min=0.5333  best=0.8000  reward=10.87 [ckpt]
[ 3461/12000]  acc=0.6667  min=0.5333  best=0.8000  reward=10.60
[ 3462/12000]  acc=0.7333  min=0.4667  best=0.8000  reward=10.47
[ 3463/12000]  acc=0.7333  min=0.4667  best=0.8000  reward=10.47
[ 3464/12000]  acc=0.7333  min=0.4000  best=0.8000  reward=10.53
[ 3465/12000]  acc=0.7333  min=0.5333  best=0.8000  reward=10.60
[ 3466/12000]  acc=0.7333  min=0.4000  best=0.8000  reward=10.53
[ 3467/12000]  acc=0.7333  min=0.5333  best=0.8000  reward=10.93
[ 3468/12000]  acc=0.6667  min=0.5333  best=0.8000  reward=9.87
[ 3469/12000]  acc=0.7333  min=0.4667  best=0.8000  reward=10.67
[ 3470/12000]  acc=0.6667  min=0.5333  best=0.8000  reward=10.60
[ 3471/12000]  acc=0.7333  min=0.5333  best=0.8000  reward=10.53
[ 3472/12000]  acc=0.6667  min=0.4667  best=0.8000  reward=9.67
[ 3473/12000]  acc=0.6667  min=0.4000  best=0.8000  reward=10.40
[ 3474/12000]  acc=0.7333  min=0.5333  best=0.8000  reward=10.40
[ 3475/12000]  acc=0.7333  min=0.2667  best=0.8000  reward=10.40
[ 3476/12000]  acc=0.7333  min=0.4000  best=0.8000  reward=10.47
[ 3477/12000]  acc=0.6667  min=0.5333  best=0.8000  reward=9.87
[ 3478/12000]  acc=0.6667  min=0.3333  best=0.8000  reward=9.60
[ 3479/12000]  acc=0.6667  min=0.6000  best=0.8000  reward=10.00
[ 3480/12000]  acc=0.7333  min=0.6000  best=0.8000  reward=10.73 [ckpt]
[ 3481/12000]  acc=0.6667  min=0.4667  best=0.8000  reward=9.93
[ 3482/12000]  acc=0.6667  min=0.5333  best=0.8000  reward=9.93
[ 3483/12000]  acc=0.7333  min=0.6000  best=0.8000  reward=10.73
[ 3484/12000]  acc=0.7333  min=0.6000  best=0.8000  reward=10.73
[ 3485/12000]  acc=0.7333  min=0.4000  best=0.8000  reward=10.47
[ 3486/12000]  acc=0.6667  min=0.5333  best=0.8000  reward=9.93
[ 3487/12000]  acc=0.7333  min=0.5333  best=0.8000  reward=10.67
[ 3488/12000]  acc=0.7333  min=0.5333  best=0.8000  reward=10.67
[ 3489/12000]  acc=0.6667  min=0.6000  best=0.8000  reward=10.00
[ 3490/12000]  acc=0.7333  min=0.4667  best=0.8000  reward=10.53
[ 3491/12000]  acc=0.6667  min=0.5333  best=0.8000  reward=9.93
[ 3492/12000]  acc=0.7333  min=0.4000  best=0.8000  reward=10.40
[ 3493/12000]  acc=0.7333  min=0.4667  best=0.8000  reward=10.60
[ 3494/12000]  acc=0.6667  min=0.4667  best=0.8000  reward=9.87
[ 3495/12000]  acc=0.6667  min=0.4667  best=0.8000  reward=9.80
[ 3496/12000]  acc=0.6667  min=0.4667  best=0.8000  reward=10.00
[ 3497/12000]  acc=0.7333  min=0.4667  best=0.8000  reward=10.60
[ 3498/12000]  acc=0.6667  min=0.4667  best=0.8000  reward=10.53
[ 3499/12000]  acc=0.6667  min=0.5333  best=0.8000  reward=9.73
[ 3500/12000]  acc=0.7333  min=0.4000  best=0.8000  reward=10.53 [ckpt]
[ 3501/12000]  acc=0.7333  min=0.4000  best=0.8000  reward=10.33
[ 3502/12000]  acc=0.7333  min=0.4667  best=0.8000  reward=10.53
[ 3503/12000]  acc=0.7333  min=0.4000  best=0.8000  reward=10.53
[ 3504/12000]  acc=0.6667  min=0.5333  best=0.8000  reward=10.13
[ 3505/12000]  acc=0.6667  min=0.4667  best=0.8000  reward=9.87
[ 3506/12000]  acc=0.7333  min=0.4667  best=0.8000  reward=10.67
[ 3507/12000]  acc=0.6667  min=0.6000  best=0.8000  reward=9.93
[ 3508/12000]  acc=0.6667  min=0.4667  best=0.8000  reward=10.47
[ 3509/12000]  acc=0.7333  min=0.6000  best=0.8000  reward=10.73
[ 3510/12000]  acc=0.7333  min=0.5333  best=0.8000  reward=10.47
[ 3511/12000]  acc=0.7333  min=0.5333  best=0.8000  reward=10.40
[ 3512/12000]  acc=0.6667  min=0.5333  best=0.8000  reward=10.00
[ 3513/12000]  acc=0.7333  min=0.4000  best=0.8000  reward=10.53
[ 3514/12000]  acc=0.7333  min=0.4667  best=0.8000  reward=10.40
[ 3515/12000]  acc=0.8000  min=0.5333  best=0.8000  reward=11.33
[ 3516/12000]  acc=0.7333  min=0.3333  best=0.8000  reward=10.60
[ 3517/12000]  acc=0.6667  min=0.4667  best=0.8000  reward=10.00
[ 3518/12000]  acc=0.7333  min=0.4667  best=0.8000  reward=10.20
[ 3519/12000]  acc=0.7333  min=0.5333  best=0.8000  reward=10.67
[ 3520/12000]  acc=0.7333  min=0.5333  best=0.8000  reward=10.67 [ckpt]
[ 3521/12000]  acc=0.7333  min=0.4667  best=0.8000  reward=10.20
[ 3522/12000]  acc=0.7333  min=0.4667  best=0.8000  reward=10.60
[ 3523/12000]  acc=0.6667  min=0.5333  best=0.8000  reward=10.00
[ 3524/12000]  acc=0.6667  min=0.4667  best=0.8000  reward=9.87
[ 3525/12000]  acc=0.7333  min=0.4667  best=0.8000  reward=10.47
[ 3526/12000]  acc=0.7333  min=0.5333  best=0.8000  reward=10.40
[ 3527/12000]  acc=0.8000  min=0.6000  best=0.8000  reward=11.40
[ 3528/12000]  acc=0.8000  min=0.4000  best=0.8000  reward=10.87
[ 3529/12000]  acc=0.6667  min=0.6000  best=0.8000  reward=10.00
[ 3530/12000]  acc=0.7333  min=0.3333  best=0.8000  reward=10.20
[ 3531/12000]  acc=0.7333  min=0.5333  best=0.8000  reward=10.73
[ 3532/12000]  acc=0.6667  min=0.5333  best=0.8000  reward=9.87
[ 3533/12000]  acc=0.7333  min=0.6000  best=0.8000  reward=10.93
[ 3534/12000]  acc=0.7333  min=0.4667  best=0.8000  reward=10.80
[ 3535/12000]  acc=0.7333  min=0.4667  best=0.8000  reward=10.53
[ 3536/12000]  acc=0.6667  min=0.5333  best=0.8000  reward=10.40
[ 3537/12000]  acc=0.6667  min=0.5333  best=0.8000  reward=9.73
[ 3538/12000]  acc=0.7333  min=0.4667  best=0.8000  reward=10.60
[ 3539/12000]  acc=0.6667  min=0.6000  best=0.8000  reward=9.93
[ 3540/12000]  acc=0.7333  min=0.4667  best=0.8000  reward=10.53 [ckpt]
[ 3541/12000]  acc=0.6667  min=0.4667  best=0.8000  reward=10.53
[ 3542/12000]  acc=0.6667  min=0.4667  best=0.8000  reward=9.73
[ 3543/12000]  acc=0.6667  min=0.4000  best=0.8000  reward=9.73
[ 3544/12000]  acc=0.7333  min=0.5333  best=0.8000  reward=10.53
[ 3545/12000]  acc=0.7333  min=0.4667  best=0.8000  reward=10.40
[ 3546/12000]  acc=0.6667  min=0.4000  best=0.8000  reward=10.00
[ 3547/12000]  acc=0.7333  min=0.4667  best=0.8000  reward=10.53
[ 3548/12000]  acc=0.6667  min=0.4667  best=0.8000  reward=9.67
[ 3549/12000]  acc=0.6667  min=0.4000  best=0.8000  reward=9.67
[ 3550/12000]  acc=0.6667  min=0.4667  best=0.8000  reward=9.80
[ 3551/12000]  acc=0.7333  min=0.5333  best=0.8000  reward=10.80
[ 3552/12000]  acc=0.7333  min=0.4667  best=0.8000  reward=10.93
[ 3553/12000]  acc=0.7333  min=0.5333  best=0.8000  reward=10.67
[ 3554/12000]  acc=0.7333  min=0.4000  best=0.8000  reward=10.73
[ 3555/12000]  acc=0.6667  min=0.5333  best=0.8000  reward=10.07
[ 3556/12000]  acc=0.6667  min=0.4667  best=0.8000  reward=9.67
[ 3557/12000]  acc=0.6667  min=0.5333  best=0.8000  reward=10.07
[ 3558/12000]  acc=0.7333  min=0.5333  best=0.8000  reward=10.20
[ 3559/12000]  acc=0.7333  min=0.4667  best=0.8000  reward=10.67
[ 3560/12000]  acc=0.7333  min=0.5333  best=0.8000  reward=10.53 [ckpt]
[ 3561/12000]  acc=0.6667  min=0.4667  best=0.8000  reward=9.87
[ 3562/12000]  acc=0.7333  min=0.4667  best=0.8000  reward=10.07
[ 3563/12000]  acc=0.7333  min=0.5333  best=0.8000  reward=10.73
[ 3564/12000]  acc=0.6667  min=0.5333  best=0.8000  reward=9.93
[ 3565/12000]  acc=0.7333  min=0.4667  best=0.8000  reward=10.40
[ 3566/12000]  acc=0.7333  min=0.3333  best=0.8000  reward=10.73
[ 3567/12000]  acc=0.7333  min=0.3333  best=0.8000  reward=10.13
[ 3568/12000]  acc=0.7333  min=0.4000  best=0.8000  reward=10.73
[ 3569/12000]  acc=0.6667  min=0.4667  best=0.8000  reward=9.67
[ 3570/12000]  acc=0.7333  min=0.5333  best=0.8000  reward=10.53
[ 3571/12000]  acc=0.7333  min=0.5333  best=0.8000  reward=10.60
[ 3572/12000]  acc=0.6667  min=0.5333  best=0.8000  reward=9.93
[ 3573/12000]  acc=0.7333  min=0.4667  best=0.8000  reward=10.67
[ 3574/12000]  acc=0.7333  min=0.5333  best=0.8000  reward=10.80
[ 3575/12000]  acc=0.6667  min=0.2667  best=0.8000  reward=9.67
[ 3576/12000]  acc=0.7333  min=0.5333  best=0.8000  reward=10.53
[ 3577/12000]  acc=0.7333  min=0.4667  best=0.8000  reward=10.67
[ 3578/12000]  acc=0.7333  min=0.3333  best=0.8000  reward=10.40
[ 3579/12000]  acc=0.7333  min=0.5333  best=0.8000  reward=10.67
[ 3580/12000]  acc=0.6667  min=0.5333  best=0.8000  reward=9.87 [ckpt]
[ 3581/12000]  acc=0.7333  min=0.4667  best=0.8000  reward=10.53
[ 3582/12000]  acc=0.7333  min=0.4667  best=0.8000  reward=10.53
[ 3583/12000]  acc=0.7333  min=0.3333  best=0.8000  reward=10.53
[ 3584/12000]  acc=0.6667  min=0.5333  best=0.8000  reward=9.73
[ 3585/12000]  acc=0.7333  min=0.5333  best=0.8000  reward=10.60
[ 3586/12000]  acc=0.6667  min=0.3333  best=0.8000  reward=9.60
[ 3587/12000]  acc=0.7333  min=0.3333  best=0.8000  reward=10.60
[ 3588/12000]  acc=0.6667  min=0.4667  best=0.8000  reward=9.80
[ 3589/12000]  acc=0.7333  min=0.5333  best=0.8000  reward=10.53
[ 3590/12000]  acc=0.8000  min=0.4667  best=0.8000  reward=10.93
[ 3591/12000]  acc=0.7333  min=0.4000  best=0.8000  reward=10.40
[ 3592/12000]  acc=0.7333  min=0.4000  best=0.8000  reward=10.60
[ 3593/12000]  acc=0.7333  min=0.2667  best=0.8000  reward=10.07
[ 3594/12000]  acc=0.7333  min=0.4667  best=0.8000  reward=10.67
[ 3595/12000]  acc=0.7333  min=0.4667  best=0.8000  reward=10.53
[ 3596/12000]  acc=0.6667  min=0.3333  best=0.8000  reward=9.53
[ 3597/12000]  acc=0.6667  min=0.3333  best=0.8000  reward=9.73
[ 3598/12000]  acc=0.7333  min=0.4667  best=0.8000  reward=10.60
[ 3599/12000]  acc=0.6667  min=0.3333  best=0.8000  reward=9.67
[ 3600/12000]  acc=0.6667  min=0.3333  best=0.8000  reward=9.93 [ckpt]
[ 3601/12000]  acc=0.6667  min=0.4667  best=0.8000  reward=9.87
[ 3602/12000]  acc=0.7333  min=0.6000  best=0.8000  reward=10.87
[ 3603/12000]  acc=0.7333  min=0.4667  best=0.8000  reward=10.60
[ 3604/12000]  acc=0.7333  min=0.4667  best=0.8000  reward=10.60
[ 3605/12000]  acc=0.6667  min=0.4667  best=0.8000  reward=9.80
[ 3606/12000]  acc=0.6667  min=0.4667  best=0.8000  reward=10.07
[ 3607/12000]  acc=0.6667  min=0.5333  best=0.8000  reward=9.80
[ 3608/12000]  acc=0.7333  min=0.4000  best=0.8000  reward=10.73
[ 3609/12000]  acc=0.7333  min=0.5333  best=0.8000  reward=10.47
[ 3610/12000]  acc=0.8000  min=0.4667  best=0.8000  reward=10.67
[ 3611/12000]  acc=0.7333  min=0.5333  best=0.8000  reward=10.33
[ 3612/12000]  acc=0.7333  min=0.5333  best=0.8000  reward=10.87
[ 3613/12000]  acc=0.8000  min=0.6000  best=0.8000  reward=11.20
[ 3614/12000]  acc=0.7333  min=0.5333  best=0.8000  reward=10.53
[ 3615/12000]  acc=0.7333  min=0.4000  best=0.8000  reward=10.67
[ 3616/12000]  acc=0.6667  min=0.4667  best=0.8000  reward=9.93
[ 3617/12000]  acc=0.7333  min=0.6000  best=0.8000  reward=10.80
[ 3618/12000]  acc=0.7333  min=0.4667  best=0.8000  reward=10.53
[ 3619/12000]  acc=0.7333  min=0.6000  best=0.8000  reward=10.60
[ 3620/12000]  acc=0.7333  min=0.4000  best=0.8000  reward=10.33 [ckpt]
[ 3621/12000]  acc=0.6667  min=0.4000  best=0.8000  reward=10.07
[ 3622/12000]  acc=0.6667  min=0.4667  best=0.8000  reward=9.73
[ 3623/12000]  acc=0.6667  min=0.4000  best=0.8000  reward=9.67
[ 3624/12000]  acc=0.7333  min=0.5333  best=0.8000  reward=10.73
[ 3625/12000]  acc=0.7333  min=0.2667  best=0.8000  reward=10.60
[ 3626/12000]  acc=0.7333  min=0.4667  best=0.8000  reward=10.40
[ 3627/12000]  acc=0.7333  min=0.5333  best=0.8000  reward=10.53
[ 3628/12000]  acc=0.8000  min=0.4000  best=0.8000  reward=10.60
[ 3629/12000]  acc=0.6667  min=0.5333  best=0.8000  reward=10.13
[ 3630/12000]  acc=0.7333  min=0.4667  best=0.8000  reward=10.33
[ 3631/12000]  acc=0.8000  min=0.5333  best=0.8000  reward=11.40
[ 3632/12000]  acc=0.7333  min=0.4000  best=0.8000  reward=10.47
[ 3633/12000]  acc=0.7333  min=0.5333  best=0.8000  reward=10.73
[ 3634/12000]  acc=0.8000  min=0.3333  best=0.8000  reward=10.87
[ 3635/12000]  acc=0.7333  min=0.4000  best=0.8000  reward=9.93
[ 3636/12000]  acc=0.6667  min=0.5333  best=0.8000  reward=9.93
[ 3637/12000]  acc=0.6667  min=0.2667  best=0.8000  reward=10.33
[ 3638/12000]  acc=0.6667  min=0.4667  best=0.8000  reward=9.67
[ 3639/12000]  acc=0.7333  min=0.3333  best=0.8000  reward=10.47
[ 3640/12000]  acc=0.7333  min=0.4000  best=0.8000  reward=10.60 [ckpt]
[ 3641/12000]  acc=0.7333  min=0.4667  best=0.8000  reward=10.73
[ 3642/12000]  acc=0.7333  min=0.4667  best=0.8000  reward=10.53
[ 3643/12000]  acc=0.7333  min=0.4667  best=0.8000  reward=9.93
[ 3644/12000]  acc=0.6667  min=0.6000  best=0.8000  reward=10.60
[ 3645/12000]  acc=0.6667  min=0.4000  best=0.8000  reward=10.07
[ 3646/12000]  acc=0.7333  min=0.6000  best=0.8000  reward=11.27
[ 3647/12000]  acc=0.6667  min=0.4667  best=0.8000  reward=9.87
[ 3648/12000]  acc=0.6667  min=0.4000  best=0.8000  reward=10.00
[ 3649/12000]  acc=0.7333  min=0.4000  best=0.8000  reward=10.60
[ 3650/12000]  acc=0.6667  min=0.3333  best=0.8000  reward=9.73
[ 3651/12000]  acc=0.7333  min=0.5333  best=0.8000  reward=10.73
[ 3652/12000]  acc=0.6667  min=0.4667  best=0.8000  reward=9.87
[ 3653/12000]  acc=0.6667  min=0.4667  best=0.8000  reward=9.93
[ 3654/12000]  acc=0.6667  min=0.5333  best=0.8000  reward=9.93
[ 3655/12000]  acc=0.7333  min=0.5333  best=0.8000  reward=10.67
[ 3656/12000]  acc=0.7333  min=0.4000  best=0.8000  reward=10.67
[ 3657/12000]  acc=0.7333  min=0.4667  best=0.8000  reward=10.47
[ 3658/12000]  acc=0.7333  min=0.5333  best=0.8000  reward=10.80
[ 3659/12000]  acc=0.7333  min=0.4000  best=0.8000  reward=10.47
[ 3660/12000]  acc=0.7333  min=0.4667  best=0.8000  reward=10.53 [ckpt]
[ 3661/12000]  acc=0.7333  min=0.5333  best=0.8000  reward=10.60
[ 3662/12000]  acc=0.7333  min=0.4667  best=0.8000  reward=10.93
[ 3663/12000]  acc=0.7333  min=0.5333  best=0.8000  reward=10.60
[ 3664/12000]  acc=0.6667  min=0.4667  best=0.8000  reward=9.73
[ 3665/12000]  acc=0.7333  min=0.5333  best=0.8000  reward=10.53
[ 3666/12000]  acc=0.7333  min=0.4667  best=0.8000  reward=10.60
[ 3667/12000]  acc=0.7333  min=0.5333  best=0.8000  reward=10.80
[ 3668/12000]  acc=0.6667  min=0.4000  best=0.8000  reward=9.67
[ 3669/12000]  acc=0.7333  min=0.5333  best=0.8000  reward=10.07
[ 3670/12000]  acc=0.8000  min=0.3333  best=0.8000  reward=10.93
[ 3671/12000]  acc=0.6667  min=0.4667  best=0.8000  reward=9.73
[ 3672/12000]  acc=0.7333  min=0.4667  best=0.8000  reward=10.60
[ 3673/12000]  acc=0.7333  min=0.2667  best=0.8000  reward=10.33
[ 3674/12000]  acc=0.7333  min=0.5333  best=0.8000  reward=10.87
[ 3675/12000]  acc=0.7333  min=0.5333  best=0.8000  reward=10.07
[ 3676/12000]  acc=0.6667  min=0.5333  best=0.8000  reward=9.87
[ 3677/12000]  acc=0.6667  min=0.5333  best=0.8000  reward=10.67
[ 3678/12000]  acc=0.7333  min=0.4000  best=0.8000  reward=10.40
[ 3679/12000]  acc=0.7333  min=0.4000  best=0.8000  reward=10.67
[ 3680/12000]  acc=0.7333  min=0.6667  best=0.8000  reward=10.87 [ckpt]
[ 3681/12000]  acc=0.7333  min=0.4667  best=0.8000  reward=10.53
[ 3682/12000]  acc=0.7333  min=0.4667  best=0.8000  reward=11.00
[ 3683/12000]  acc=0.7333  min=0.4667  best=0.8000  reward=10.40
[ 3684/12000]  acc=0.7333  min=0.4667  best=0.8000  reward=10.13
[ 3685/12000]  acc=0.6667  min=0.5333  best=0.8000  reward=10.00
[ 3686/12000]  acc=0.6667  min=0.4667  best=0.8000  reward=9.93
[ 3687/12000]  acc=0.7333  min=0.4000  best=0.8000  reward=10.13
[ 3688/12000]  acc=0.7333  min=0.5333  best=0.8000  reward=10.67
[ 3689/12000]  acc=0.7333  min=0.5333  best=0.8000  reward=10.47
[ 3690/12000]  acc=0.7333  min=0.4000  best=0.8000  reward=10.67
[ 3691/12000]  acc=0.7333  min=0.5333  best=0.8000  reward=10.73
[ 3692/12000]  acc=0.7333  min=0.5333  best=0.8000  reward=10.47
[ 3693/12000]  acc=0.6667  min=0.6000  best=0.8000  reward=10.07
[ 3694/12000]  acc=0.7333  min=0.5333  best=0.8000  reward=10.67
[ 3695/12000]  acc=0.7333  min=0.5333  best=0.8000  reward=11.13
[ 3696/12000]  acc=0.7333  min=0.5333  best=0.8000  reward=10.80
[ 3697/12000]  acc=0.7333  min=0.3333  best=0.8000  reward=10.53
[ 3698/12000]  acc=0.8000  min=0.4667  best=0.8000  reward=11.20
[ 3699/12000]  acc=0.6667  min=0.4000  best=0.8000  reward=9.53
[ 3700/12000]  acc=0.7333  min=0.4667  best=0.8000  reward=10.60 [ckpt]
[ 3701/12000]  acc=0.7333  min=0.4667  best=0.8000  reward=10.60
[ 3702/12000]  acc=0.7333  min=0.4667  best=0.8000  reward=10.67
[ 3703/12000]  acc=0.6667  min=0.5333  best=0.8000  reward=10.00
[ 3704/12000]  acc=0.8000  min=0.3333  best=0.8000  reward=11.27
[ 3705/12000]  acc=0.6667  min=0.5333  best=0.8000  reward=9.87
[ 3706/12000]  acc=0.6667  min=0.5333  best=0.8000  reward=9.73
[ 3707/12000]  acc=0.6667  min=0.6000  best=0.8000  reward=9.93
[ 3708/12000]  acc=0.7333  min=0.4000  best=0.8000  reward=10.47
[ 3709/12000]  acc=0.6667  min=0.4667  best=0.8000  reward=9.73
[ 3710/12000]  acc=0.7333  min=0.4667  best=0.8000  reward=10.53
[ 3711/12000]  acc=0.7333  min=0.4000  best=0.8000  reward=10.40
[ 3712/12000]  acc=0.6667  min=0.4667  best=0.8000  reward=9.67
[ 3713/12000]  acc=0.7333  min=0.4000  best=0.8000  reward=10.67
[ 3714/12000]  acc=0.7333  min=0.3333  best=0.8000  reward=10.60
[ 3715/12000]  acc=0.7333  min=0.5333  best=0.8000  reward=10.87
[ 3716/12000]  acc=0.7333  min=0.4000  best=0.8000  reward=11.33
[ 3717/12000]  acc=0.6667  min=0.4000  best=0.8000  reward=9.67
[ 3718/12000]  acc=0.8000  min=0.4667  best=0.8000  reward=11.13
[ 3719/12000]  acc=0.7333  min=0.4667  best=0.8000  reward=10.40
[ 3720/12000]  acc=0.6667  min=0.4667  best=0.8000  reward=9.73 [ckpt]
[ 3721/12000]  acc=0.6667  min=0.5333  best=0.8000  reward=9.87
[ 3722/12000]  acc=0.7333  min=0.4667  best=0.8000  reward=10.53
[ 3723/12000]  acc=0.7333  min=0.5333  best=0.8000  reward=10.73
[ 3724/12000]  acc=0.7333  min=0.5333  best=0.8000  reward=10.67
[ 3725/12000]  acc=0.7333  min=0.4667  best=0.8000  reward=10.53
[ 3726/12000]  acc=0.7333  min=0.4000  best=0.8000  reward=9.73
[ 3727/12000]  acc=0.6667  min=0.4667  best=0.8000  reward=9.80
[ 3728/12000]  acc=0.7333  min=0.4667  best=0.8000  reward=10.47
[ 3729/12000]  acc=0.7333  min=0.4667  best=0.8000  reward=10.60
[ 3730/12000]  acc=0.8000  min=0.4000  best=0.8000  reward=11.33
[ 3731/12000]  acc=0.7333  min=0.4000  best=0.8000  reward=11.20
[ 3732/12000]  acc=0.6667  min=0.4000  best=0.8000  reward=9.80
[ 3733/12000]  acc=0.6667  min=0.4000  best=0.8000  reward=10.13
[ 3734/12000]  acc=0.6667  min=0.2667  best=0.8000  reward=9.47
[ 3735/12000]  acc=0.7333  min=0.6000  best=0.8000  reward=10.60
[ 3736/12000]  acc=0.7333  min=0.4667  best=0.8000  reward=10.67
[ 3737/12000]  acc=0.6667  min=0.6000  best=0.8000  reward=10.27
[ 3738/12000]  acc=0.7333  min=0.5333  best=0.8000  reward=10.67
[ 3739/12000]  acc=0.7333  min=0.4000  best=0.8000  reward=10.40
[ 3740/12000]  acc=0.7333  min=0.4667  best=0.8000  reward=10.73 [ckpt]
[ 3741/12000]  acc=0.7333  min=0.6667  best=0.8000  reward=10.93
[ 3742/12000]  acc=0.7333  min=0.5333  best=0.8000  reward=11.07
[ 3743/12000]  acc=0.6667  min=0.4000  best=0.8000  reward=9.73
[ 3744/12000]  acc=0.6667  min=0.5333  best=0.8000  reward=9.73
[ 3745/12000]  acc=0.7333  min=0.4667  best=0.8000  reward=10.60
[ 3746/12000]  acc=0.7333  min=0.5333  best=0.8000  reward=10.60
[ 3747/12000]  acc=0.7333  min=0.6000  best=0.8000  reward=10.60
[ 3748/12000]  acc=0.6667  min=0.5333  best=0.8000  reward=9.87
[ 3749/12000]  acc=0.6667  min=0.3333  best=0.8000  reward=9.60
[ 3750/12000]  acc=0.7333  min=0.4000  best=0.8000  reward=10.60
[ 3751/12000]  acc=0.7333  min=0.4667  best=0.8000  reward=10.67
[ 3752/12000]  acc=0.8000  min=0.5333  best=0.8000  reward=11.40
[ 3753/12000]  acc=0.7333  min=0.5333  best=0.8000  reward=10.93
[ 3754/12000]  acc=0.7333  min=0.6000  best=0.8000  reward=10.80
[ 3755/12000]  acc=0.6667  min=0.4667  best=0.8000  reward=9.87
[ 3756/12000]  acc=0.6667  min=0.4667  best=0.8000  reward=10.07
[ 3757/12000]  acc=0.6667  min=0.5333  best=0.8000  reward=10.27
[ 3758/12000]  acc=0.7333  min=0.4667  best=0.8000  reward=10.87
[ 3759/12000]  acc=0.6667  min=0.4667  best=0.8000  reward=9.80
[ 3760/12000]  acc=0.6667  min=0.4667  best=0.8000  reward=9.93 [ckpt]
[ 3761/12000]  acc=0.7333  min=0.4667  best=0.8000  reward=10.80
[ 3762/12000]  acc=0.7333  min=0.5333  best=0.8000  reward=10.47
[ 3763/12000]  acc=0.7333  min=0.5333  best=0.8000  reward=10.27
[ 3764/12000]  acc=0.7333  min=0.6000  best=0.8000  reward=10.53
[ 3765/12000]  acc=0.6667  min=0.4667  best=0.8000  reward=9.87
[ 3766/12000]  acc=0.6667  min=0.4000  best=0.8000  reward=10.00
[ 3767/12000]  acc=0.8000  min=0.5333  best=0.8000  reward=11.40
[ 3768/12000]  acc=0.7333  min=0.4667  best=0.8000  reward=10.67
[ 3769/12000]  acc=0.6667  min=0.4000  best=0.8000  reward=9.80
[ 3770/12000]  acc=0.8000  min=0.5333  best=0.8000  reward=10.67
[ 3771/12000]  acc=0.6667  min=0.5333  best=0.8000  reward=9.80
[ 3772/12000]  acc=0.6667  min=0.5333  best=0.8000  reward=9.87
[ 3773/12000]  acc=0.7333  min=0.4667  best=0.8000  reward=10.00
[ 3774/12000]  acc=0.6667  min=0.5333  best=0.8000  reward=10.13
[ 3775/12000]  acc=0.7333  min=0.4667  best=0.8000  reward=10.67
[ 3776/12000]  acc=0.7333  min=0.3333  best=0.8000  reward=10.47
[ 3777/12000]  acc=0.7333  min=0.4667  best=0.8000  reward=10.53
[ 3778/12000]  acc=0.7333  min=0.4667  best=0.8000  reward=10.53
[ 3779/12000]  acc=0.6667  min=0.5333  best=0.8000  reward=10.20
[ 3780/12000]  acc=0.7333  min=0.4667  best=0.8000  reward=10.60 [ckpt]
[ 3781/12000]  acc=0.7333  min=0.4667  best=0.8000  reward=10.53
[ 3782/12000]  acc=0.7333  min=0.4000  best=0.8000  reward=10.27
[ 3783/12000]  acc=0.7333  min=0.4667  best=0.8000  reward=10.60
[ 3784/12000]  acc=0.6667  min=0.4667  best=0.8000  reward=9.87
[ 3785/12000]  acc=0.7333  min=0.4667  best=0.8000  reward=10.67
[ 3786/12000]  acc=0.6667  min=0.4000  best=0.8000  reward=9.73
[ 3787/12000]  acc=0.8000  min=0.4667  best=0.8000  reward=11.40
[ 3788/12000]  acc=0.7333  min=0.4000  best=0.8000  reward=10.67
[ 3789/12000]  acc=0.7333  min=0.5333  best=0.8000  reward=10.47
[ 3790/12000]  acc=0.7333  min=0.6000  best=0.8000  reward=10.80
[ 3791/12000]  acc=0.7333  min=0.5333  best=0.8000  reward=10.67
[ 3792/12000]  acc=0.6667  min=0.4667  best=0.8000  reward=9.80
[ 3793/12000]  acc=0.6667  min=0.4667  best=0.8000  reward=10.33
[ 3794/12000]  acc=0.7333  min=0.4667  best=0.8000  reward=10.60
[ 3795/12000]  acc=0.7333  min=0.3333  best=0.8000  reward=10.40
[ 3796/12000]  acc=0.6667  min=0.6000  best=0.8000  reward=10.27
[ 3797/12000]  acc=0.7333  min=0.4667  best=0.8000  reward=10.60
[ 3798/12000]  acc=0.6667  min=0.4667  best=0.8000  reward=9.73
[ 3799/12000]  acc=0.7333  min=0.4667  best=0.8000  reward=10.07
[ 3800/12000]  acc=0.7333  min=0.4000  best=0.8000  reward=10.53 [ckpt]
[ 3801/12000]  acc=0.7333  min=0.4000  best=0.8000  reward=10.60
[ 3802/12000]  acc=0.7333  min=0.6000  best=0.8000  reward=10.80
[ 3803/12000]  acc=0.8000  min=0.5333  best=0.8000  reward=11.40
[ 3804/12000]  acc=0.8000  min=0.5333  best=0.8000  reward=11.40
[ 3805/12000]  acc=0.6667  min=0.5333  best=0.8000  reward=9.73
[ 3806/12000]  acc=0.7333  min=0.4667  best=0.8000  reward=10.53
[ 3807/12000]  acc=0.6667  min=0.4667  best=0.8000  reward=9.80
[ 3808/12000]  acc=0.6667  min=0.6000  best=0.8000  reward=10.00
[ 3809/12000]  acc=0.6667  min=0.4667  best=0.8000  reward=9.67
[ 3810/12000]  acc=0.8000  min=0.4000  best=0.8000  reward=10.87
[ 3811/12000]  acc=0.6667  min=0.4000  best=0.8000  reward=9.67
[ 3812/12000]  acc=0.7333  min=0.4667  best=0.8000  reward=10.47
[ 3813/12000]  acc=0.7333  min=0.3333  best=0.8000  reward=10.47
[ 3814/12000]  acc=0.7333  min=0.4000  best=0.8000  reward=10.73
[ 3815/12000]  acc=0.6667  min=0.5333  best=0.8000  reward=10.00
[ 3816/12000]  acc=0.7333  min=0.4000  best=0.8000  reward=11.00
[ 3817/12000]  acc=0.7333  min=0.5333  best=0.8000  reward=10.73
[ 3818/12000]  acc=0.6667  min=0.6000  best=0.8000  reward=10.00
[ 3819/12000]  acc=0.7333  min=0.4667  best=0.8000  reward=10.47
[ 3820/12000]  acc=0.7333  min=0.4000  best=0.8000  reward=10.80 [ckpt]
[ 3821/12000]  acc=0.7333  min=0.5333  best=0.8000  reward=10.73
[ 3822/12000]  acc=0.7333  min=0.4667  best=0.8000  reward=10.00
[ 3823/12000]  acc=0.6667  min=0.4667  best=0.8000  reward=9.87
[ 3824/12000]  acc=0.7333  min=0.5333  best=0.8000  reward=10.40
[ 3825/12000]  acc=0.6667  min=0.5333  best=0.8000  reward=9.80
[ 3826/12000]  acc=0.6667  min=0.4000  best=0.8000  reward=10.27
[ 3827/12000]  acc=0.7333  min=0.6000  best=0.8000  reward=10.73
[ 3828/12000]  acc=0.7333  min=0.4667  best=0.8000  reward=10.53
[ 3829/12000]  acc=0.7333  min=0.5333  best=0.8000  reward=10.67
[ 3830/12000]  acc=0.7333  min=0.4000  best=0.8000  reward=10.67
[ 3831/12000]  acc=0.8000  min=0.4667  best=0.8000  reward=10.93
[ 3832/12000]  acc=0.7333  min=0.3333  best=0.8000  reward=10.20
[ 3833/12000]  acc=0.7333  min=0.4667  best=0.8000  reward=10.40
[ 3834/12000]  acc=0.7333  min=0.5333  best=0.8000  reward=10.67
[ 3835/12000]  acc=0.7333  min=0.5333  best=0.8000  reward=10.60
[ 3836/12000]  acc=0.7333  min=0.5333  best=0.8000  reward=10.60
[ 3837/12000]  acc=0.6667  min=0.4000  best=0.8000  reward=9.93
[ 3838/12000]  acc=0.7333  min=0.4000  best=0.8000  reward=10.27
[ 3839/12000]  acc=0.6667  min=0.4000  best=0.8000  reward=9.60
[ 3840/12000]  acc=0.8000  min=0.4667  best=0.8000  reward=11.33 [ckpt]
[ 3841/12000]  acc=0.6667  min=0.4667  best=0.8000  reward=9.80
[ 3842/12000]  acc=0.7333  min=0.4000  best=0.8000  reward=10.67
[ 3843/12000]  acc=0.6667  min=0.4667  best=0.8000  reward=9.80
[ 3844/12000]  acc=0.7333  min=0.5333  best=0.8000  reward=10.60
[ 3845/12000]  acc=0.6667  min=0.4000  best=0.8000  reward=9.73
[ 3846/12000]  acc=0.6667  min=0.6000  best=0.8000  reward=10.07
[ 3847/12000]  acc=0.6667  min=0.4667  best=0.8000  reward=10.07
[ 3848/12000]  acc=0.7333  min=0.4000  best=0.8000  reward=10.67
[ 3849/12000]  acc=0.6667  min=0.5333  best=0.8000  reward=9.87
[ 3850/12000]  acc=0.6667  min=0.6000  best=0.8000  reward=10.13
[ 3851/12000]  acc=0.6667  min=0.4667  best=0.8000  reward=9.80
[ 3852/12000]  acc=0.6667  min=0.6000  best=0.8000  reward=10.53
[ 3853/12000]  acc=0.6667  min=0.6000  best=0.8000  reward=10.13
[ 3854/12000]  acc=0.7333  min=0.4000  best=0.8000  reward=10.73
[ 3855/12000]  acc=0.8000  min=0.6000  best=0.8000  reward=11.47
[ 3856/12000]  acc=0.7333  min=0.4000  best=0.8000  reward=10.60
[ 3857/12000]  acc=0.7333  min=0.5333  best=0.8000  reward=10.53
[ 3858/12000]  acc=0.7333  min=0.5333  best=0.8000  reward=10.80
[ 3859/12000]  acc=0.7333  min=0.5333  best=0.8000  reward=10.67
[ 3860/12000]  acc=0.6667  min=0.4667  best=0.8000  reward=9.93 [ckpt]
[ 3861/12000]  acc=0.7333  min=0.4667  best=0.8000  reward=10.93
[ 3862/12000]  acc=0.6667  min=0.5333  best=0.8000  reward=9.93
[ 3863/12000]  acc=0.7333  min=0.6000  best=0.8000  reward=10.80
[ 3864/12000]  acc=0.6667  min=0.3333  best=0.8000  reward=9.73
[ 3865/12000]  acc=0.7333  min=0.3333  best=0.8000  reward=10.53
[ 3866/12000]  acc=0.7333  min=0.4000  best=0.8000  reward=10.27
[ 3867/12000]  acc=0.7333  min=0.6000  best=0.8000  reward=10.67
[ 3868/12000]  acc=0.7333  min=0.4000  best=0.8000  reward=10.40
[ 3869/12000]  acc=0.7333  min=0.4000  best=0.8000  reward=10.67
[ 3870/12000]  acc=0.8000  min=0.4667  best=0.8000  reward=11.00
[ 3871/12000]  acc=0.7333  min=0.6000  best=0.8000  reward=10.60
[ 3872/12000]  acc=0.7333  min=0.4000  best=0.8000  reward=10.53
[ 3873/12000]  acc=0.7333  min=0.6000  best=0.8000  reward=10.60
[ 3874/12000]  acc=0.7333  min=0.4667  best=0.8000  reward=10.27
[ 3875/12000]  acc=0.7333  min=0.4667  best=0.8000  reward=11.07
[ 3876/12000]  acc=0.6667  min=0.3333  best=0.8000  reward=9.53
[ 3877/12000]  acc=0.6667  min=0.4667  best=0.8000  reward=9.87
[ 3878/12000]  acc=0.6667  min=0.5333  best=0.8000  reward=10.00
[ 3879/12000]  acc=0.8000  min=0.4667  best=0.8000  reward=10.73
[ 3880/12000]  acc=0.7333  min=0.5333  best=0.8000  reward=10.60 [ckpt]
[ 3881/12000]  acc=0.6667  min=0.3333  best=0.8000  reward=9.87
[ 3882/12000]  acc=0.6667  min=0.4000  best=0.8000  reward=9.53
[ 3883/12000]  acc=0.7333  min=0.4000  best=0.8000  reward=9.87
[ 3884/12000]  acc=0.6667  min=0.5333  best=0.8000  reward=10.00
[ 3885/12000]  acc=0.7333  min=0.4667  best=0.8000  reward=10.53
[ 3886/12000]  acc=0.7333  min=0.5333  best=0.8000  reward=10.20
[ 3887/12000]  acc=0.7333  min=0.4667  best=0.8000  reward=10.53
[ 3888/12000]  acc=0.6667  min=0.5333  best=0.8000  reward=10.47
[ 3889/12000]  acc=0.7333  min=0.5333  best=0.8000  reward=11.07
[ 3890/12000]  acc=0.6667  min=0.4667  best=0.8000  reward=9.73
[ 3891/12000]  acc=0.7333  min=0.5333  best=0.8000  reward=10.60
[ 3892/12000]  acc=0.8000  min=0.5333  best=0.8000  reward=10.93
[ 3893/12000]  acc=0.6667  min=0.4000  best=0.8000  reward=9.80
[ 3894/12000]  acc=0.6667  min=0.4667  best=0.8000  reward=9.67
[ 3895/12000]  acc=0.7333  min=0.5333  best=0.8000  reward=9.73
[ 3896/12000]  acc=0.8000  min=0.6000  best=0.8000  reward=11.27
[ 3897/12000]  acc=0.6667  min=0.3333  best=0.8000  reward=9.80
[ 3898/12000]  acc=0.8000  min=0.4667  best=0.8000  reward=11.20
[ 3899/12000]  acc=0.7333  min=0.4667  best=0.8000  reward=10.40
[ 3900/12000]  acc=0.7333  min=0.4667  best=0.8000  reward=10.87 [ckpt]
[ 3901/12000]  acc=0.7333  min=0.4667  best=0.8000  reward=10.60
[ 3902/12000]  acc=0.6667  min=0.4667  best=0.8000  reward=9.93
[ 3903/12000]  acc=0.8000  min=0.5333  best=0.8000  reward=11.20
[ 3904/12000]  acc=0.6667  min=0.4667  best=0.8000  reward=10.40
[ 3905/12000]  acc=0.6667  min=0.5333  best=0.8000  reward=10.07
[ 3906/12000]  acc=0.7333  min=0.4667  best=0.8000  reward=10.53
[ 3907/12000]  acc=0.8000  min=0.4667  best=0.8000  reward=11.40
[ 3908/12000]  acc=0.7333  min=0.6000  best=0.8000  reward=10.87
[ 3909/12000]  acc=0.7333  min=0.4667  best=0.8000  reward=10.53
[ 3910/12000]  acc=0.7333  min=0.4667  best=0.8000  reward=10.60
[ 3911/12000]  acc=0.7333  min=0.5333  best=0.8000  reward=10.73
[ 3912/12000]  acc=0.7333  min=0.5333  best=0.8000  reward=10.47
[ 3913/12000]  acc=0.7333  min=0.4667  best=0.8000  reward=11.00
[ 3914/12000]  acc=0.7333  min=0.4667  best=0.8000  reward=10.53
[ 3915/12000]  acc=0.7333  min=0.3333  best=0.8000  reward=10.53
[ 3916/12000]  acc=0.7333  min=0.4667  best=0.8000  reward=10.73
[ 3917/12000]  acc=0.7333  min=0.5333  best=0.8000  reward=10.67
[ 3918/12000]  acc=0.6667  min=0.4000  best=0.8000  reward=9.60
[ 3919/12000]  acc=0.8000  min=0.4000  best=0.8000  reward=11.13
[ 3920/12000]  acc=0.7333  min=0.4667  best=0.8000  reward=10.67 [ckpt]
[ 3921/12000]  acc=0.7333  min=0.4667  best=0.8000  reward=10.60
[ 3922/12000]  acc=0.7333  min=0.3333  best=0.8000  reward=10.53
[ 3923/12000]  acc=0.6667  min=0.4000  best=0.8000  reward=10.00
[ 3924/12000]  acc=0.7333  min=0.4667  best=0.8000  reward=10.53
[ 3925/12000]  acc=0.6667  min=0.4000  best=0.8000  reward=9.73
[ 3926/12000]  acc=0.7333  min=0.3333  best=0.8000  reward=10.47
[ 3927/12000]  acc=0.6667  min=0.4667  best=0.8000  reward=10.20
[ 3928/12000]  acc=0.7333  min=0.5333  best=0.8000  reward=10.67
[ 3929/12000]  acc=0.6667  min=0.5333  best=0.8000  reward=9.80
[ 3930/12000]  acc=0.6667  min=0.4667  best=0.8000  reward=9.73
[ 3931/12000]  acc=0.7333  min=0.5333  best=0.8000  reward=10.67
[ 3932/12000]  acc=0.7333  min=0.3333  best=0.8000  reward=10.40
[ 3933/12000]  acc=0.7333  min=0.4667  best=0.8000  reward=10.53
[ 3934/12000]  acc=0.8000  min=0.5333  best=0.8000  reward=11.53
[ 3935/12000]  acc=0.6667  min=0.5333  best=0.8000  reward=9.87
[ 3936/12000]  acc=0.8000  min=0.5333  best=0.8000  reward=11.33
[ 3937/12000]  acc=0.8000  min=0.4667  best=0.8000  reward=11.20
[ 3938/12000]  acc=0.6667  min=0.5333  best=0.8000  reward=9.93
[ 3939/12000]  acc=0.6667  min=0.4667  best=0.8000  reward=9.73
[ 3940/12000]  acc=0.7333  min=0.5333  best=0.8000  reward=10.27 [ckpt]
[ 3941/12000]  acc=0.6667  min=0.4000  best=0.8000  reward=10.20
[ 3942/12000]  acc=0.7333  min=0.4000  best=0.8000  reward=10.53
[ 3943/12000]  acc=0.6667  min=0.6000  best=0.8000  reward=9.93
[ 3944/12000]  acc=0.7333  min=0.4000  best=0.8000  reward=10.27
[ 3945/12000]  acc=0.7333  min=0.6000  best=0.8000  reward=10.67
[ 3946/12000]  acc=0.7333  min=0.4000  best=0.8000  reward=10.53
[ 3947/12000]  acc=0.8000  min=0.5333  best=0.8000  reward=11.20
[ 3948/12000]  acc=0.7333  min=0.4667  best=0.8000  reward=10.60
[ 3949/12000]  acc=0.7333  min=0.5333  best=0.8000  reward=10.80
[ 3950/12000]  acc=0.7333  min=0.4000  best=0.8000  reward=10.87
[ 3951/12000]  acc=0.7333  min=0.5333  best=0.8000  reward=10.60
[ 3952/12000]  acc=0.7333  min=0.4667  best=0.8000  reward=10.60
[ 3953/12000]  acc=0.7333  min=0.5333  best=0.8000  reward=10.53
[ 3954/12000]  acc=0.6667  min=0.3333  best=0.8000  reward=9.73
[ 3955/12000]  acc=0.7333  min=0.4667  best=0.8000  reward=10.07
[ 3956/12000]  acc=0.6667  min=0.3333  best=0.8000  reward=9.73
[ 3957/12000]  acc=0.7333  min=0.4000  best=0.8000  reward=10.73
[ 3958/12000]  acc=0.6667  min=0.4000  best=0.8000  reward=9.67
[ 3959/12000]  acc=0.8000  min=0.5333  best=0.8000  reward=10.73
[ 3960/12000]  acc=0.6667  min=0.5333  best=0.8000  reward=9.80 [ckpt]
[ 3961/12000]  acc=0.7333  min=0.4667  best=0.8000  reward=10.47
[ 3962/12000]  acc=0.7333  min=0.4000  best=0.8000  reward=11.07
[ 3963/12000]  acc=0.6667  min=0.6000  best=0.8000  reward=9.93
[ 3964/12000]  acc=0.7333  min=0.3333  best=0.8000  reward=9.73
[ 3965/12000]  acc=0.7333  min=0.5333  best=0.8000  reward=10.73
[ 3966/12000]  acc=0.6667  min=0.5333  best=0.8000  reward=9.93
[ 3967/12000]  acc=0.7333  min=0.6000  best=0.8000  reward=10.60
[ 3968/12000]  acc=0.6667  min=0.3333  best=0.8000  reward=9.60
[ 3969/12000]  acc=0.7333  min=0.4667  best=0.8000  reward=10.93
[ 3970/12000]  acc=0.6667  min=0.4000  best=0.8000  reward=9.60
[ 3971/12000]  acc=0.6667  min=0.4000  best=0.8000  reward=9.80
[ 3972/12000]  acc=0.6667  min=0.5333  best=0.8000  reward=9.73
[ 3973/12000]  acc=0.7333  min=0.5333  best=0.8000  reward=10.60
[ 3974/12000]  acc=0.6667  min=0.5333  best=0.8000  reward=9.73
[ 3975/12000]  acc=0.7333  min=0.4667  best=0.8000  reward=10.73
[ 3976/12000]  acc=0.6667  min=0.2000  best=0.8000  reward=9.53
[ 3977/12000]  acc=0.8000  min=0.4000  best=0.8000  reward=10.73
[ 3978/12000]  acc=0.7333  min=0.4667  best=0.8000  reward=10.67
[ 3979/12000]  acc=0.7333  min=0.4000  best=0.8000  reward=10.73
[ 3980/12000]  acc=0.7333  min=0.4667  best=0.8000  reward=10.67 [ckpt]
[ 3981/12000]  acc=0.6667  min=0.4000  best=0.8000  reward=10.00
[ 3982/12000]  acc=0.7333  min=0.5333  best=0.8000  reward=10.40
[ 3983/12000]  acc=0.7333  min=0.4667  best=0.8000  reward=10.40
[ 3984/12000]  acc=0.6667  min=0.4667  best=0.8000  reward=9.87
[ 3985/12000]  acc=0.6667  min=0.5333  best=0.8000  reward=9.87
[ 3986/12000]  acc=0.6667  min=0.3333  best=0.8000  reward=9.93
[ 3987/12000]  acc=0.6667  min=0.4667  best=0.8000  reward=10.13
[ 3988/12000]  acc=0.6667  min=0.4000  best=0.8000  reward=9.67
[ 3989/12000]  acc=0.7333  min=0.4667  best=0.8000  reward=10.87
[ 3990/12000]  acc=0.7333  min=0.3333  best=0.8000  reward=10.47
[ 3991/12000]  acc=0.7333  min=0.4667  best=0.8000  reward=10.47
[ 3992/12000]  acc=0.7333  min=0.4667  best=0.8000  reward=10.67
[ 3993/12000]  acc=0.7333  min=0.4667  best=0.8000  reward=10.73
[ 3994/12000]  acc=0.6667  min=0.4000  best=0.8000  reward=9.93
[ 3995/12000]  acc=0.6667  min=0.4667  best=0.8000  reward=9.60
[ 3996/12000]  acc=0.6667  min=0.5333  best=0.8000  reward=9.87
[ 3997/12000]  acc=0.6667  min=0.2667  best=0.8000  reward=9.47
[ 3998/12000]  acc=0.8000  min=0.4000  best=0.8000  reward=11.47
[ 3999/12000]  acc=0.8000  min=0.4000  best=0.8000  reward=11.07
[ 4000/12000]  acc=0.6667  min=0.5333  best=0.8000  reward=9.93 [ckpt]
[ 4001/12000]  acc=0.6667  min=0.4667  best=0.8000  reward=9.87
[ 4002/12000]  acc=0.7333  min=0.4667  best=0.8000  reward=10.87
[ 4003/12000]  acc=0.6667  min=0.4667  best=0.8000  reward=9.73
[ 4004/12000]  acc=0.7333  min=0.4667  best=0.8000  reward=10.93
[ 4005/12000]  acc=0.7333  min=0.4000  best=0.8000  reward=10.33
[ 4006/12000]  acc=0.7333  min=0.4667  best=0.8000  reward=9.93
[ 4007/12000]  acc=0.6667  min=0.4667  best=0.8000  reward=9.80
[ 4008/12000]  acc=0.7333  min=0.5333  best=0.8000  reward=10.67
[ 4009/12000]  acc=0.6667  min=0.4000  best=0.8000  reward=9.67
[ 4010/12000]  acc=0.6667  min=0.4667  best=0.8000  reward=9.93
[ 4011/12000]  acc=0.7333  min=0.4667  best=0.8000  reward=10.40
[ 4012/12000]  acc=0.6667  min=0.4000  best=0.8000  reward=10.47
[ 4013/12000]  acc=0.6667  min=0.5333  best=0.8000  reward=10.07
[ 4014/12000]  acc=0.7333  min=0.4667  best=0.8000  reward=10.67
[ 4015/12000]  acc=0.6667  min=0.4667  best=0.8000  reward=10.87
[ 4016/12000]  acc=0.7333  min=0.4667  best=0.8000  reward=10.40
[ 4017/12000]  acc=0.6667  min=0.4667  best=0.8000  reward=9.93
[ 4018/12000]  acc=0.6667  min=0.4000  best=0.8000  reward=9.73
[ 4019/12000]  acc=0.8000  min=0.6000  best=0.8000  reward=10.87
[ 4020/12000]  acc=0.7333  min=0.4667  best=0.8000  reward=10.47 [ckpt]
[ 4021/12000]  acc=0.7333  min=0.3333  best=0.8000  reward=10.33
[ 4022/12000]  acc=0.7333  min=0.5333  best=0.8000  reward=10.67
[ 4023/12000]  acc=0.8000  min=0.6000  best=0.8000  reward=11.53
[ 4024/12000]  acc=0.6667  min=0.5333  best=0.8000  reward=9.80
[ 4025/12000]  acc=0.7333  min=0.5333  best=0.8000  reward=10.53
[ 4026/12000]  acc=0.8000  min=0.5333  best=0.8000  reward=10.93
[ 4027/12000]  acc=0.8000  min=0.3333  best=0.8000  reward=11.27
[ 4028/12000]  acc=0.7333  min=0.4667  best=0.8000  reward=10.60
[ 4029/12000]  acc=0.7333  min=0.4667  best=0.8000  reward=10.67
[ 4030/12000]  acc=0.7333  min=0.4667  best=0.8000  reward=10.47
[ 4031/12000]  acc=0.7333  min=0.5333  best=0.8000  reward=10.60
[ 4032/12000]  acc=0.8000  min=0.5333  best=0.8000  reward=10.53
[ 4033/12000]  acc=0.7333  min=0.5333  best=0.8000  reward=10.40
[ 4034/12000]  acc=0.6667  min=0.4000  best=0.8000  reward=9.73
[ 4035/12000]  acc=0.7333  min=0.4667  best=0.8000  reward=10.93
[ 4036/12000]  acc=0.8000  min=0.5333  best=0.8000  reward=11.00
[ 4037/12000]  acc=0.6667  min=0.4000  best=0.8000  reward=9.67
[ 4038/12000]  acc=0.8000  min=0.3333  best=0.8000  reward=10.67
[ 4039/12000]  acc=0.7333  min=0.4667  best=0.8000  reward=10.53
[ 4040/12000]  acc=0.6667  min=0.4667  best=0.8000  reward=9.73 [ckpt]
[ 4041/12000]  acc=0.6667  min=0.5333  best=0.8000  reward=9.93
[ 4042/12000]  acc=0.7333  min=0.4667  best=0.8000  reward=10.67
[ 4043/12000]  acc=0.6667  min=0.5333  best=0.8000  reward=9.80
[ 4044/12000]  acc=0.7333  min=0.6667  best=0.8000  reward=10.80
[ 4045/12000]  acc=0.6667  min=0.5333  best=0.8000  reward=10.13
[ 4046/12000]  acc=0.7333  min=0.4667  best=0.8000  reward=10.53
[ 4047/12000]  acc=0.8000  min=0.2667  best=0.8000  reward=10.07
[ 4048/12000]  acc=0.7333  min=0.5333  best=0.8000  reward=10.33
[ 4049/12000]  acc=0.7333  min=0.3333  best=0.8000  reward=9.93
[ 4050/12000]  acc=0.8000  min=0.5333  best=0.8000  reward=10.73
[ 4051/12000]  acc=0.7333  min=0.4667  best=0.8000  reward=10.47
[ 4052/12000]  acc=0.7333  min=0.5333  best=0.8000  reward=10.60
[ 4053/12000]  acc=0.7333  min=0.6667  best=0.8000  reward=10.80
[ 4054/12000]  acc=0.7333  min=0.4667  best=0.8000  reward=10.13
[ 4055/12000]  acc=0.6667  min=0.4667  best=0.8000  reward=9.73
[ 4056/12000]  acc=0.7333  min=0.4000  best=0.8000  reward=10.40
[ 4057/12000]  acc=0.7333  min=0.6000  best=0.8000  reward=10.73
[ 4058/12000]  acc=0.6667  min=0.4667  best=0.8000  reward=9.73
[ 4059/12000]  acc=0.6667  min=0.4000  best=0.8000  reward=9.67
[ 4060/12000]  acc=0.6667  min=0.5333  best=0.8000  reward=10.67 [ckpt]
[ 4061/12000]  acc=0.7333  min=0.6000  best=0.8000  reward=10.60
[ 4062/12000]  acc=0.7333  min=0.5333  best=0.8000  reward=10.67
[ 4063/12000]  acc=0.7333  min=0.4667  best=0.8000  reward=10.67
[ 4064/12000]  acc=0.7333  min=0.4000  best=0.8000  reward=10.27
[ 4065/12000]  acc=0.8000  min=0.5333  best=0.8000  reward=10.47
[ 4066/12000]  acc=0.8000  min=0.3333  best=0.8000  reward=11.40
[ 4067/12000]  acc=0.6667  min=0.4667  best=0.8000  reward=10.33
[ 4068/12000]  acc=0.6667  min=0.5333  best=0.8000  reward=10.07
[ 4069/12000]  acc=0.8000  min=0.3333  best=0.8000  reward=11.13
[ 4070/12000]  acc=0.7333  min=0.6000  best=0.8000  reward=10.53
[ 4071/12000]  acc=0.7333  min=0.5333  best=0.8000  reward=10.60
[ 4072/12000]  acc=0.6667  min=0.5333  best=0.8000  reward=9.80
[ 4073/12000]  acc=0.8000  min=0.4667  best=0.8000  reward=11.20
[ 4074/12000]  acc=0.8000  min=0.4667  best=0.8000  reward=11.13
[ 4075/12000]  acc=0.7333  min=0.3333  best=0.8000  reward=10.60
[ 4076/12000]  acc=0.7333  min=0.3333  best=0.8000  reward=10.40
[ 4077/12000]  acc=0.6667  min=0.4667  best=0.8000  reward=9.67
[ 4078/12000]  acc=0.8000  min=0.5333  best=0.8000  reward=11.53
[ 4079/12000]  acc=0.7333  min=0.3333  best=0.8000  reward=10.60
[ 4080/12000]  acc=0.8000  min=0.4667  best=0.8000  reward=11.27 [ckpt]
[ 4081/12000]  acc=0.7333  min=0.6000  best=0.8000  reward=10.93
[ 4082/12000]  acc=0.7333  min=0.5333  best=0.8000  reward=10.53
[ 4083/12000]  acc=0.7333  min=0.4667  best=0.8000  reward=10.60
[ 4084/12000]  acc=0.7333  min=0.4667  best=0.8000  reward=10.53
[ 4085/12000]  acc=0.6667  min=0.5333  best=0.8000  reward=10.07
[ 4086/12000]  acc=0.6667  min=0.5333  best=0.8000  reward=10.13
[ 4087/12000]  acc=0.7333  min=0.3333  best=0.8000  reward=10.40
[ 4088/12000]  acc=0.7333  min=0.4667  best=0.8000  reward=10.47
[ 4089/12000]  acc=0.7333  min=0.5333  best=0.8000  reward=10.47
[ 4090/12000]  acc=0.6667  min=0.4667  best=0.8000  reward=10.20
[ 4091/12000]  acc=0.7333  min=0.4667  best=0.8000  reward=10.67
[ 4092/12000]  acc=0.7333  min=0.5333  best=0.8000  reward=10.33
[ 4093/12000]  acc=0.8000  min=0.4667  best=0.8000  reward=10.73
[ 4094/12000]  acc=0.8000  min=0.3333  best=0.8000  reward=11.13
[ 4095/12000]  acc=0.7333  min=0.4667  best=0.8000  reward=10.53
[ 4096/12000]  acc=0.7333  min=0.6000  best=0.8000  reward=10.53
[ 4097/12000]  acc=0.6667  min=0.4000  best=0.8000  reward=10.13
[ 4098/12000]  acc=0.8000  min=0.4667  best=0.8000  reward=11.33
[ 4099/12000]  acc=0.7333  min=0.4667  best=0.8000  reward=11.07
[ 4100/12000]  acc=0.8000  min=0.2667  best=0.8000  reward=10.53 [ckpt]
[ 4101/12000]  acc=0.7333  min=0.4667  best=0.8000  reward=10.67
[ 4102/12000]  acc=0.7333  min=0.5333  best=0.8000  reward=10.67
[ 4103/12000]  acc=0.7333  min=0.4000  best=0.8000  reward=10.53
[ 4104/12000]  acc=0.7333  min=0.6000  best=0.8000  reward=10.53
[ 4105/12000]  acc=0.7333  min=0.4667  best=0.8000  reward=10.67
[ 4106/12000]  acc=0.7333  min=0.5333  best=0.8000  reward=10.73
[ 4107/12000]  acc=0.8000  min=0.6000  best=0.8000  reward=11.20
[ 4108/12000]  acc=0.7333  min=0.4667  best=0.8000  reward=10.67
[ 4109/12000]  acc=0.6667  min=0.4667  best=0.8000  reward=9.87
[ 4110/12000]  acc=0.7333  min=0.5333  best=0.8000  reward=10.67
[ 4111/12000]  acc=0.7333  min=0.4667  best=0.8000  reward=10.87
[ 4112/12000]  acc=0.8000  min=0.5333  best=0.8000  reward=11.27
[ 4113/12000]  acc=0.7333  min=0.3333  best=0.8000  reward=10.40
[ 4114/12000]  acc=0.7333  min=0.6000  best=0.8000  reward=10.87
[ 4115/12000]  acc=0.6667  min=0.4667  best=0.8000  reward=9.87
[ 4116/12000]  acc=0.6667  min=0.4667  best=0.8000  reward=9.93
[ 4117/12000]  acc=0.7333  min=0.5333  best=0.8000  reward=10.73
[ 4118/12000]  acc=0.7333  min=0.4667  best=0.8000  reward=9.73
[ 4119/12000]  acc=0.8000  min=0.4000  best=0.8000  reward=11.07
[ 4120/12000]  acc=0.7333  min=0.5333  best=0.8000  reward=10.33 [ckpt]
[ 4121/12000]  acc=0.7333  min=0.4667  best=0.8000  reward=10.53
[ 4122/12000]  acc=0.7333  min=0.5333  best=0.8000  reward=10.00
[ 4123/12000]  acc=0.7333  min=0.4667  best=0.8000  reward=10.40
[ 4124/12000]  acc=0.7333  min=0.4000  best=0.8000  reward=10.53
[ 4125/12000]  acc=0.7333  min=0.5333  best=0.8000  reward=10.60
[ 4126/12000]  acc=0.7333  min=0.5333  best=0.8000  reward=10.67
[ 4127/12000]  acc=0.6667  min=0.4667  best=0.8000  reward=9.80
[ 4128/12000]  acc=0.7333  min=0.4667  best=0.8000  reward=10.47
[ 4129/12000]  acc=0.7333  min=0.4667  best=0.8000  reward=10.60
[ 4130/12000]  acc=0.7333  min=0.4000  best=0.8000  reward=10.53
[ 4131/12000]  acc=0.7333  min=0.4667  best=0.8000  reward=10.47
[ 4132/12000]  acc=0.7333  min=0.5333  best=0.8000  reward=10.60
[ 4133/12000]  acc=0.7333  min=0.4667  best=0.8000  reward=10.67
[ 4134/12000]  acc=0.7333  min=0.5333  best=0.8000  reward=10.80
[ 4135/12000]  acc=0.7333  min=0.4667  best=0.8000  reward=10.20
[ 4136/12000]  acc=0.6667  min=0.3333  best=0.8000  reward=10.07
[ 4137/12000]  acc=0.7333  min=0.5333  best=0.8000  reward=10.67
[ 4138/12000]  acc=0.7333  min=0.4667  best=0.8000  reward=10.73
[ 4139/12000]  acc=0.7333  min=0.5333  best=0.8000  reward=10.73
[ 4140/12000]  acc=0.6667  min=0.6000  best=0.8000  reward=9.87 [ckpt]
[ 4141/12000]  acc=0.7333  min=0.5333  best=0.8000  reward=10.80
[ 4142/12000]  acc=0.7333  min=0.5333  best=0.8000  reward=10.67
[ 4143/12000]  acc=0.6667  min=0.2667  best=0.8000  reward=9.47
[ 4144/12000]  acc=0.6667  min=0.4667  best=0.8000  reward=9.67
[ 4145/12000]  acc=0.7333  min=0.4667  best=0.8000  reward=10.33
[ 4146/12000]  acc=0.6667  min=0.5333  best=0.8000  reward=9.73
[ 4147/12000]  acc=0.7333  min=0.4667  best=0.8000  reward=10.47
[ 4148/12000]  acc=0.7333  min=0.4000  best=0.8000  reward=10.53
[ 4149/12000]  acc=0.6667  min=0.4667  best=0.8000  reward=10.13
[ 4150/12000]  acc=0.6667  min=0.5333  best=0.8000  reward=9.87
[ 4151/12000]  acc=0.8000  min=0.4000  best=0.8000  reward=11.20
[ 4152/12000]  acc=0.7333  min=0.4667  best=0.8000  reward=10.60
[ 4153/12000]  acc=0.7333  min=0.4000  best=0.8000  reward=10.53
[ 4154/12000]  acc=0.7333  min=0.5333  best=0.8000  reward=10.60
[ 4155/12000]  acc=0.7333  min=0.5333  best=0.8000  reward=10.47
[ 4156/12000]  acc=0.6667  min=0.3333  best=0.8000  reward=9.67
[ 4157/12000]  acc=0.6667  min=0.4000  best=0.8000  reward=10.13
[ 4158/12000]  acc=0.8000  min=0.5333  best=0.8000  reward=11.27
[ 4159/12000]  acc=0.6667  min=0.5333  best=0.8000  reward=10.00
[ 4160/12000]  acc=0.8000  min=0.5333  best=0.8000  reward=10.93 [ckpt]
[ 4161/12000]  acc=0.7333  min=0.5333  best=0.8000  reward=10.53
[ 4162/12000]  acc=0.7333  min=0.5333  best=0.8000  reward=10.87
[ 4163/12000]  acc=0.8000  min=0.4000  best=0.8000  reward=11.07
[ 4164/12000]  acc=0.7333  min=0.4667  best=0.8000  reward=10.40
[ 4165/12000]  acc=0.7333  min=0.5333  best=0.8000  reward=11.33
[ 4166/12000]  acc=0.7333  min=0.4667  best=0.8000  reward=10.47
[ 4167/12000]  acc=0.7333  min=0.4667  best=0.8000  reward=10.53
[ 4168/12000]  acc=0.8000  min=0.4667  best=0.8000  reward=11.33
[ 4169/12000]  acc=0.6667  min=0.3333  best=0.8000  reward=9.53
[ 4170/12000]  acc=0.7333  min=0.4667  best=0.8000  reward=10.60
[ 4171/12000]  acc=0.8000  min=0.3333  best=0.8000  reward=11.27
[ 4172/12000]  acc=0.6667  min=0.4667  best=0.8000  reward=9.80
[ 4173/12000]  acc=0.7333  min=0.5333  best=0.8000  reward=10.80
[ 4174/12000]  acc=0.6667  min=0.4000  best=0.8000  reward=9.60
[ 4175/12000]  acc=0.7333  min=0.4000  best=0.8000  reward=10.40
[ 4176/12000]  acc=0.7333  min=0.4000  best=0.8000  reward=10.67
[ 4177/12000]  acc=0.6667  min=0.4667  best=0.8000  reward=10.20
[ 4178/12000]  acc=0.7333  min=0.4000  best=0.8000  reward=10.40
[ 4179/12000]  acc=0.6667  min=0.4667  best=0.8000  reward=9.80
[ 4180/12000]  acc=0.8000  min=0.4667  best=0.8000  reward=11.53 [ckpt]
[ 4181/12000]  acc=0.7333  min=0.4667  best=0.8000  reward=10.47
[ 4182/12000]  acc=0.7333  min=0.3333  best=0.8000  reward=10.53
[ 4183/12000]  acc=0.6667  min=0.5333  best=0.8000  reward=9.80
[ 4184/12000]  acc=0.7333  min=0.5333  best=0.8000  reward=10.40
[ 4185/12000]  acc=0.7333  min=0.4667  best=0.8000  reward=10.80
[ 4186/12000]  acc=0.8000  min=0.5333  best=0.8000  reward=10.67
[ 4187/12000]  acc=0.7333  min=0.4000  best=0.8000  reward=10.53
[ 4188/12000]  acc=0.7333  min=0.5333  best=0.8000  reward=10.53
[ 4189/12000]  acc=0.8000  min=0.6000  best=0.8000  reward=11.47
[ 4190/12000]  acc=0.7333  min=0.4667  best=0.8000  reward=10.27
[ 4191/12000]  acc=0.7333  min=0.4667  best=0.8000  reward=10.53
[ 4192/12000]  acc=0.8000  min=0.4667  best=0.8000  reward=10.33
[ 4193/12000]  acc=0.6667  min=0.4000  best=0.8000  reward=10.00
[ 4194/12000]  acc=0.8000  min=0.4000  best=0.8000  reward=10.47
[ 4195/12000]  acc=0.8000  min=0.5333  best=0.8000  reward=11.40
[ 4196/12000]  acc=0.6667  min=0.4000  best=0.8000  reward=10.13
[ 4197/12000]  acc=0.7333  min=0.4667  best=0.8000  reward=10.87
[ 4198/12000]  acc=0.7333  min=0.5333  best=0.8000  reward=10.80
[ 4199/12000]  acc=0.7333  min=0.4667  best=0.8000  reward=10.53
[ 4200/12000]  acc=0.7333  min=0.6667  best=0.8000  reward=10.80 [ckpt]
[ 4201/12000]  acc=0.8000  min=0.5333  best=0.8000  reward=10.80
[ 4202/12000]  acc=0.7333  min=0.5333  best=0.8000  reward=10.53
[ 4203/12000]  acc=0.7333  min=0.4000  best=0.8000  reward=10.27
[ 4204/12000]  acc=0.8000  min=0.4667  best=0.8000  reward=11.40
[ 4205/12000]  acc=0.8000  min=0.4000  best=0.8000  reward=11.27
[ 4206/12000]  acc=0.6667  min=0.4667  best=0.8000  reward=10.93
[ 4207/12000]  acc=0.6667  min=0.4000  best=0.8000  reward=10.33
[ 4208/12000]  acc=0.7333  min=0.4000  best=0.8000  reward=10.60
[ 4209/12000]  acc=0.7333  min=0.4000  best=0.8000  reward=10.20
[ 4210/12000]  acc=0.7333  min=0.5333  best=0.8000  reward=10.67
[ 4211/12000]  acc=0.7333  min=0.4000  best=0.8000  reward=10.13
[ 4212/12000]  acc=0.8000  min=0.5333  best=0.8000  reward=10.67
[ 4213/12000]  acc=0.6667  min=0.5333  best=0.8000  reward=10.00
[ 4214/12000]  acc=0.7333  min=0.6000  best=0.8000  reward=10.73
[ 4215/12000]  acc=0.6667  min=0.5333  best=0.8000  reward=9.87
[ 4216/12000]  acc=0.6667  min=0.5333  best=0.8000  reward=9.87
[ 4217/12000]  acc=0.7333  min=0.5333  best=0.8000  reward=11.13
[ 4218/12000]  acc=0.6667  min=0.5333  best=0.8000  reward=10.33
[ 4219/12000]  acc=0.7333  min=0.4667  best=0.8000  reward=11.13
[ 4220/12000]  acc=0.7333  min=0.4000  best=0.8000  reward=10.33 [ckpt]
[ 4221/12000]  acc=0.7333  min=0.4000  best=0.8000  reward=10.53
[ 4222/12000]  acc=0.7333  min=0.4667  best=0.8000  reward=10.53
[ 4223/12000]  acc=0.6667  min=0.6000  best=0.8000  reward=10.53
[ 4224/12000]  acc=0.8000  min=0.5333  best=0.8000  reward=11.60
[ 4225/12000]  acc=0.8000  min=0.4667  best=0.8000  reward=11.00
[ 4226/12000]  acc=0.6667  min=0.5333  best=0.8000  reward=10.07
[ 4227/12000]  acc=0.6667  min=0.4000  best=0.8000  reward=10.33
[ 4228/12000]  acc=0.8000  min=0.4000  best=0.8000  reward=10.73
[ 4229/12000]  acc=0.7333  min=0.5333  best=0.8000  reward=10.60
[ 4230/12000]  acc=0.7333  min=0.6000  best=0.8000  reward=10.40
[ 4231/12000]  acc=0.6667  min=0.4000  best=0.8000  reward=9.93
[ 4232/12000]  acc=0.7333  min=0.4667  best=0.8000  reward=10.60
[ 4233/12000]  acc=0.6667  min=0.4667  best=0.8000  reward=9.80
[ 4234/12000]  acc=0.8000  min=0.5333  best=0.8000  reward=11.07
[ 4235/12000]  acc=0.7333  min=0.5333  best=0.8000  reward=10.67
[ 4236/12000]  acc=0.7333  min=0.2667  best=0.8000  reward=10.40
[ 4237/12000]  acc=0.7333  min=0.5333  best=0.8000  reward=10.80
[ 4238/12000]  acc=0.6667  min=0.3333  best=0.8000  reward=9.93
[ 4239/12000]  acc=0.7333  min=0.4000  best=0.8000  reward=10.53
[ 4240/12000]  acc=0.7333  min=0.6000  best=0.8000  reward=11.00 [ckpt]
[ 4241/12000]  acc=0.6667  min=0.5333  best=0.8000  reward=10.20
[ 4242/12000]  acc=0.7333  min=0.5333  best=0.8000  reward=10.53
[ 4243/12000]  acc=0.7333  min=0.4000  best=0.8000  reward=10.47
[ 4244/12000]  acc=0.7333  min=0.5333  best=0.8000  reward=10.67
[ 4245/12000]  acc=0.7333  min=0.4667  best=0.8000  reward=10.60
[ 4246/12000]  acc=0.6667  min=0.4667  best=0.8000  reward=9.87
[ 4247/12000]  acc=0.6667  min=0.5333  best=0.8000  reward=10.00
[ 4248/12000]  acc=0.8000  min=0.5333  best=0.8000  reward=10.87
[ 4249/12000]  acc=0.7333  min=0.6000  best=0.8000  reward=10.73
[ 4250/12000]  acc=0.7333  min=0.4667  best=0.8000  reward=10.53
[ 4251/12000]  acc=0.6667  min=0.4000  best=0.8000  reward=9.87
[ 4252/12000]  acc=0.7333  min=0.4667  best=0.8000  reward=10.60
[ 4253/12000]  acc=0.7333  min=0.5333  best=0.8000  reward=10.20
[ 4254/12000]  acc=0.7333  min=0.5333  best=0.8000  reward=10.47
[ 4255/12000]  acc=0.7333  min=0.5333  best=0.8000  reward=10.40
[ 4256/12000]  acc=0.8000  min=0.4667  best=0.8000  reward=11.20
[ 4257/12000]  acc=0.7333  min=0.4667  best=0.8000  reward=10.47
[ 4258/12000]  acc=0.7333  min=0.4667  best=0.8000  reward=10.47
[ 4259/12000]  acc=0.7333  min=0.5333  best=0.8000  reward=10.60
[ 4260/12000]  acc=0.6667  min=0.5333  best=0.8000  reward=9.80 [ckpt]
[ 4261/12000]  acc=0.7333  min=0.5333  best=0.8000  reward=10.53
[ 4262/12000]  acc=0.7333  min=0.3333  best=0.8000  reward=10.47
[ 4263/12000]  acc=0.7333  min=0.4667  best=0.8000  reward=10.27
[ 4264/12000]  acc=0.6667  min=0.4667  best=0.8000  reward=9.87
[ 4265/12000]  acc=0.6667  min=0.4000  best=0.8000  reward=9.93
[ 4266/12000]  acc=0.7333  min=0.4667  best=0.8000  reward=10.27
[ 4267/12000]  acc=0.7333  min=0.5333  best=0.8000  reward=10.47
[ 4268/12000]  acc=0.7333  min=0.4667  best=0.8000  reward=10.00
[ 4269/12000]  acc=0.7333  min=0.4667  best=0.8000  reward=10.80
[ 4270/12000]  acc=0.6667  min=0.3333  best=0.8000  reward=9.67
[ 4271/12000]  acc=0.7333  min=0.4000  best=0.8000  reward=10.40
[ 4272/12000]  acc=0.7333  min=0.4667  best=0.8000  reward=10.40
[ 4273/12000]  acc=0.6667  min=0.3333  best=0.8000  reward=9.93
[ 4274/12000]  acc=0.6667  min=0.6000  best=0.8000  reward=10.67
[ 4275/12000]  acc=0.6667  min=0.5333  best=0.8000  reward=10.07
[ 4276/12000]  acc=0.6667  min=0.6000  best=0.8000  reward=10.00
[ 4277/12000]  acc=0.6667  min=0.4667  best=0.8000  reward=10.00
[ 4278/12000]  acc=0.6667  min=0.5333  best=0.8000  reward=10.40
[ 4279/12000]  acc=0.6667  min=0.5333  best=0.8000  reward=10.13
[ 4280/12000]  acc=0.7333  min=0.4667  best=0.8000  reward=10.60 [ckpt]
[ 4281/12000]  acc=0.6667  min=0.4667  best=0.8000  reward=9.93
[ 4282/12000]  acc=0.7333  min=0.4667  best=0.8000  reward=10.53
[ 4283/12000]  acc=0.7333  min=0.5333  best=0.8000  reward=10.67
[ 4284/12000]  acc=0.8000  min=0.5333  best=0.8000  reward=10.73
[ 4285/12000]  acc=0.6667  min=0.4000  best=0.8000  reward=9.73
[ 4286/12000]  acc=0.7333  min=0.5333  best=0.8000  reward=10.07
[ 4287/12000]  acc=0.8000  min=0.6000  best=0.8000  reward=10.87
[ 4288/12000]  acc=0.7333  min=0.4667  best=0.8000  reward=10.60
[ 4289/12000]  acc=0.7333  min=0.4667  best=0.8000  reward=10.93
[ 4290/12000]  acc=0.8000  min=0.4667  best=0.8000  reward=10.20
[ 4291/12000]  acc=0.7333  min=0.3333  best=0.8000  reward=10.47
[ 4292/12000]  acc=0.6667  min=0.5333  best=0.8000  reward=9.80
[ 4293/12000]  acc=0.6667  min=0.4000  best=0.8000  reward=9.67
[ 4294/12000]  acc=0.7333  min=0.4667  best=0.8000  reward=10.80
[ 4295/12000]  acc=0.7333  min=0.2667  best=0.8000  reward=10.40
[ 4296/12000]  acc=0.7333  min=0.4667  best=0.8000  reward=10.53
[ 4297/12000]  acc=0.7333  min=0.4667  best=0.8000  reward=10.67
[ 4298/12000]  acc=0.7333  min=0.5333  best=0.8000  reward=10.80
[ 4299/12000]  acc=0.7333  min=0.5333  best=0.8000  reward=10.80
[ 4300/12000]  acc=0.7333  min=0.4000  best=0.8000  reward=10.60 [ckpt]
[ 4301/12000]  acc=0.7333  min=0.4667  best=0.8000  reward=10.40
[ 4302/12000]  acc=0.6667  min=0.4667  best=0.8000  reward=9.80
[ 4303/12000]  acc=0.7333  min=0.6000  best=0.8000  reward=10.93
[ 4304/12000]  acc=0.6667  min=0.6000  best=0.8000  reward=10.00
[ 4305/12000]  acc=0.7333  min=0.6000  best=0.8000  reward=10.80
[ 4306/12000]  acc=0.7333  min=0.5333  best=0.8000  reward=11.07
[ 4307/12000]  acc=0.6667  min=0.5333  best=0.8000  reward=10.13
[ 4308/12000]  acc=0.6667  min=0.5333  best=0.8000  reward=10.00
[ 4309/12000]  acc=0.8000  min=0.4000  best=0.8000  reward=10.87
[ 4310/12000]  acc=0.6667  min=0.4667  best=0.8000  reward=9.87
[ 4311/12000]  acc=0.6667  min=0.4000  best=0.8000  reward=10.00
[ 4312/12000]  acc=0.7333  min=0.3333  best=0.8000  reward=10.53
[ 4313/12000]  acc=0.7333  min=0.3333  best=0.8000  reward=10.20
[ 4314/12000]  acc=0.7333  min=0.4667  best=0.8000  reward=10.60
[ 4315/12000]  acc=0.8000  min=0.2667  best=0.8000  reward=10.20
[ 4316/12000]  acc=0.7333  min=0.4000  best=0.8000  reward=10.53
[ 4317/12000]  acc=0.7333  min=0.5333  best=0.8000  reward=10.60
[ 4318/12000]  acc=0.6667  min=0.4667  best=0.8000  reward=10.33
[ 4319/12000]  acc=0.7333  min=0.6000  best=0.8000  reward=10.80
[ 4320/12000]  acc=0.8000  min=0.4000  best=0.8000  reward=11.27 [ckpt]
[ 4321/12000]  acc=0.6667  min=0.4667  best=0.8000  reward=10.00
[ 4322/12000]  acc=0.6667  min=0.4667  best=0.8000  reward=10.00
[ 4323/12000]  acc=0.7333  min=0.3333  best=0.8000  reward=10.47
[ 4324/12000]  acc=0.7333  min=0.3333  best=0.8000  reward=10.53
[ 4325/12000]  acc=0.6667  min=0.5333  best=0.8000  reward=9.80
[ 4326/12000]  acc=0.7333  min=0.5333  best=0.8000  reward=10.73
[ 4327/12000]  acc=0.6667  min=0.5333  best=0.8000  reward=10.40
[ 4328/12000]  acc=0.7333  min=0.4667  best=0.8000  reward=10.20
[ 4329/12000]  acc=0.6667  min=0.5333  best=0.8000  reward=10.13
[ 4330/12000]  acc=0.6667  min=0.3333  best=0.8000  reward=9.67
[ 4331/12000]  acc=0.7333  min=0.4667  best=0.8000  reward=10.60
[ 4332/12000]  acc=0.6667  min=0.4667  best=0.8000  reward=9.67
[ 4333/12000]  acc=0.7333  min=0.4667  best=0.8000  reward=10.60
[ 4334/12000]  acc=0.7333  min=0.4000  best=0.8000  reward=10.60
[ 4335/12000]  acc=0.7333  min=0.4000  best=0.8000  reward=10.80
[ 4336/12000]  acc=0.7333  min=0.6000  best=0.8000  reward=10.13
[ 4337/12000]  acc=0.6667  min=0.4000  best=0.8000  reward=10.87
[ 4338/12000]  acc=0.7333  min=0.4000  best=0.8000  reward=10.67
[ 4339/12000]  acc=0.7333  min=0.5333  best=0.8000  reward=10.20
[ 4340/12000]  acc=0.7333  min=0.4667  best=0.8000  reward=10.60 [ckpt]
[ 4341/12000]  acc=0.7333  min=0.5333  best=0.8000  reward=10.53
[ 4342/12000]  acc=0.7333  min=0.5333  best=0.8000  reward=10.67
[ 4343/12000]  acc=0.7333  min=0.4667  best=0.8000  reward=10.80
[ 4344/12000]  acc=0.7333  min=0.5333  best=0.8000  reward=10.60
[ 4345/12000]  acc=0.8000  min=0.4000  best=0.8000  reward=10.87
[ 4346/12000]  acc=0.7333  min=0.4000  best=0.8000  reward=10.40
[ 4347/12000]  acc=0.7333  min=0.4667  best=0.8000  reward=10.47
[ 4348/12000]  acc=0.7333  min=0.2667  best=0.8000  reward=10.00
[ 4349/12000]  acc=0.7333  min=0.4667  best=0.8000  reward=10.67
[ 4350/12000]  acc=0.6667  min=0.5333  best=0.8000  reward=10.07
[ 4351/12000]  acc=0.6667  min=0.4000  best=0.8000  reward=9.67
[ 4352/12000]  acc=0.7333  min=0.4000  best=0.8000  reward=10.60
[ 4353/12000]  acc=0.6667  min=0.5333  best=0.8000  reward=10.20
[ 4354/12000]  acc=0.7333  min=0.4667  best=0.8000  reward=10.67
[ 4355/12000]  acc=0.7333  min=0.4000  best=0.8000  reward=10.47
[ 4356/12000]  acc=0.7333  min=0.4667  best=0.8000  reward=9.87
[ 4357/12000]  acc=0.6667  min=0.6000  best=0.8000  reward=10.07
[ 4358/12000]  acc=0.8000  min=0.5333  best=0.8000  reward=11.47
[ 4359/12000]  acc=0.7333  min=0.4667  best=0.8000  reward=10.47
[ 4360/12000]  acc=0.6667  min=0.4667  best=0.8000  reward=9.73 [ckpt]
[ 4361/12000]  acc=0.6667  min=0.6000  best=0.8000  reward=10.00
[ 4362/12000]  acc=0.6667  min=0.4000  best=0.8000  reward=9.73
[ 4363/12000]  acc=0.6667  min=0.4000  best=0.8000  reward=9.73
[ 4364/12000]  acc=0.7333  min=0.4667  best=0.8000  reward=10.47
[ 4365/12000]  acc=0.6667  min=0.3333  best=0.8000  reward=9.87
[ 4366/12000]  acc=0.7333  min=0.4667  best=0.8000  reward=10.47
[ 4367/12000]  acc=0.6667  min=0.5333  best=0.8000  reward=9.80
[ 4368/12000]  acc=0.6667  min=0.4667  best=0.8000  reward=10.00
[ 4369/12000]  acc=0.7333  min=0.3333  best=0.8000  reward=11.07
[ 4370/12000]  acc=0.6667  min=0.4667  best=0.8000  reward=9.87
[ 4371/12000]  acc=0.6667  min=0.4667  best=0.8000  reward=9.80
[ 4372/12000]  acc=0.6667  min=0.4000  best=0.8000  reward=9.53
[ 4373/12000]  acc=0.7333  min=0.4667  best=0.8000  reward=10.27
[ 4374/12000]  acc=0.7333  min=0.4000  best=0.8000  reward=10.27
[ 4375/12000]  acc=0.7333  min=0.4667  best=0.8000  reward=10.67
[ 4376/12000]  acc=0.7333  min=0.4667  best=0.8000  reward=10.47
[ 4377/12000]  acc=0.7333  min=0.5333  best=0.8000  reward=10.73
[ 4378/12000]  acc=0.6667  min=0.3333  best=0.8000  reward=9.87
[ 4379/12000]  acc=0.7333  min=0.6000  best=0.8000  reward=10.40
[ 4380/12000]  acc=0.7333  min=0.4000  best=0.8000  reward=10.40 [ckpt]
[ 4381/12000]  acc=0.6667  min=0.4000  best=0.8000  reward=9.60
[ 4382/12000]  acc=0.7333  min=0.4667  best=0.8000  reward=10.53
[ 4383/12000]  acc=0.6667  min=0.6000  best=0.8000  reward=9.93
[ 4384/12000]  acc=0.7333  min=0.4000  best=0.8000  reward=10.40
[ 4385/12000]  acc=0.7333  min=0.4000  best=0.8000  reward=10.47
[ 4386/12000]  acc=0.6667  min=0.5333  best=0.8000  reward=9.87
[ 4387/12000]  acc=0.7333  min=0.4667  best=0.8000  reward=10.53
[ 4388/12000]  acc=0.7333  min=0.5333  best=0.8000  reward=10.67
[ 4389/12000]  acc=0.6667  min=0.5333  best=0.8000  reward=10.00
[ 4390/12000]  acc=0.6667  min=0.3333  best=0.8000  reward=9.87
[ 4391/12000]  acc=0.7333  min=0.4000  best=0.8000  reward=10.60
[ 4392/12000]  acc=0.7333  min=0.4667  best=0.8000  reward=11.13
[ 4393/12000]  acc=0.7333  min=0.4000  best=0.8000  reward=11.07
[ 4394/12000]  acc=0.7333  min=0.2667  best=0.8000  reward=10.00
[ 4395/12000]  acc=0.6667  min=0.6000  best=0.8000  reward=10.07
[ 4396/12000]  acc=0.6667  min=0.4667  best=0.8000  reward=9.87
[ 4397/12000]  acc=0.7333  min=0.4667  best=0.8000  reward=10.67
[ 4398/12000]  acc=0.6667  min=0.4667  best=0.8000  reward=9.87
[ 4399/12000]  acc=0.6667  min=0.4000  best=0.8000  reward=9.73
[ 4400/12000]  acc=0.7333  min=0.5333  best=0.8000  reward=10.80 [ckpt]
[ 4401/12000]  acc=0.7333  min=0.5333  best=0.8000  reward=10.53
[ 4402/12000]  acc=0.6667  min=0.6000  best=0.8000  reward=10.27
[ 4403/12000]  acc=0.6667  min=0.5333  best=0.8000  reward=9.80
[ 4404/12000]  acc=0.6667  min=0.4000  best=0.8000  reward=9.93
[ 4405/12000]  acc=0.7333  min=0.2667  best=0.8000  reward=10.47
[ 4406/12000]  acc=0.6667  min=0.3333  best=0.8000  reward=9.93
[ 4407/12000]  acc=0.6667  min=0.4667  best=0.8000  reward=9.67
[ 4408/12000]  acc=0.7333  min=0.5333  best=0.8000  reward=10.60
[ 4409/12000]  acc=0.8000  min=0.4000  best=0.8000  reward=11.07
[ 4410/12000]  acc=0.7333  min=0.4667  best=0.8000  reward=10.40
[ 4411/12000]  acc=0.8000  min=0.3333  best=0.8000  reward=10.60
[ 4412/12000]  acc=0.6667  min=0.3333  best=0.8000  reward=9.67
[ 4413/12000]  acc=0.7333  min=0.6000  best=0.8000  reward=10.67
[ 4414/12000]  acc=0.7333  min=0.5333  best=0.8000  reward=10.07
[ 4415/12000]  acc=0.6667  min=0.5333  best=0.8000  reward=11.07
[ 4416/12000]  acc=0.6667  min=0.4000  best=0.8000  reward=10.33
[ 4417/12000]  acc=0.8000  min=0.4667  best=0.8000  reward=10.93
[ 4418/12000]  acc=0.7333  min=0.5333  best=0.8000  reward=10.67
[ 4419/12000]  acc=0.6667  min=0.3333  best=0.8000  reward=9.73
[ 4420/12000]  acc=0.6667  min=0.5333  best=0.8000  reward=9.80 [ckpt]
[ 4421/12000]  acc=0.7333  min=0.4000  best=0.8000  reward=10.47
[ 4422/12000]  acc=0.7333  min=0.4667  best=0.8000  reward=10.53
[ 4423/12000]  acc=0.7333  min=0.5333  best=0.8000  reward=10.67
[ 4424/12000]  acc=0.8000  min=0.5333  best=0.8000  reward=11.40
[ 4425/12000]  acc=0.8000  min=0.4000  best=0.8000  reward=10.93
[ 4426/12000]  acc=0.7333  min=0.6000  best=0.8000  reward=10.73
[ 4427/12000]  acc=0.8000  min=0.2667  best=0.8000  reward=10.80
[ 4428/12000]  acc=0.7333  min=0.4667  best=0.8000  reward=10.67
[ 4429/12000]  acc=0.8000  min=0.3333  best=0.8000  reward=11.27
[ 4430/12000]  acc=0.7333  min=0.5333  best=0.8000  reward=10.60
[ 4431/12000]  acc=0.6667  min=0.5333  best=0.8000  reward=9.80
[ 4432/12000]  acc=0.6667  min=0.4667  best=0.8000  reward=9.80
[ 4433/12000]  acc=0.7333  min=0.5333  best=0.8000  reward=10.60
[ 4434/12000]  acc=0.7333  min=0.4667  best=0.8000  reward=10.40
[ 4435/12000]  acc=0.7333  min=0.4667  best=0.8000  reward=10.67
[ 4436/12000]  acc=0.7333  min=0.5333  best=0.8000  reward=10.73
[ 4437/12000]  acc=0.7333  min=0.3333  best=0.8000  reward=10.60
[ 4438/12000]  acc=0.7333  min=0.4000  best=0.8000  reward=10.33
[ 4439/12000]  acc=0.8000  min=0.4000  best=0.8000  reward=11.07
[ 4440/12000]  acc=0.7333  min=0.4667  best=0.8000  reward=10.60 [ckpt]
[ 4441/12000]  acc=0.7333  min=0.4000  best=0.8000  reward=10.67
[ 4442/12000]  acc=0.8000  min=0.4000  best=0.8000  reward=11.27
[ 4443/12000]  acc=0.6667  min=0.4667  best=0.8000  reward=10.47
[ 4444/12000]  acc=0.7333  min=0.4667  best=0.8000  reward=10.33
[ 4445/12000]  acc=0.6667  min=0.6000  best=0.8000  reward=10.27
[ 4446/12000]  acc=0.7333  min=0.5333  best=0.8000  reward=10.73
[ 4447/12000]  acc=0.7333  min=0.5333  best=0.8000  reward=10.73
[ 4448/12000]  acc=0.8000  min=0.4000  best=0.8000  reward=11.20
[ 4449/12000]  acc=0.8000  min=0.4667  best=0.8000  reward=10.60
[ 4450/12000]  acc=0.7333  min=0.5333  best=0.8000  reward=10.67
[ 4451/12000]  acc=0.6667  min=0.5333  best=0.8000  reward=9.93
[ 4452/12000]  acc=0.6667  min=0.4000  best=0.8000  reward=9.80
[ 4453/12000]  acc=0.6667  min=0.6000  best=0.8000  reward=9.87
[ 4454/12000]  acc=0.8000  min=0.5333  best=0.8000  reward=11.00
[ 4455/12000]  acc=0.7333  min=0.2667  best=0.8000  reward=10.40
[ 4456/12000]  acc=0.8000  min=0.4000  best=0.8000  reward=11.07
[ 4457/12000]  acc=0.7333  min=0.4000  best=0.8000  reward=10.07
[ 4458/12000]  acc=0.7333  min=0.4000  best=0.8000  reward=11.00
[ 4459/12000]  acc=0.8000  min=0.4667  best=0.8000  reward=11.27
[ 4460/12000]  acc=0.7333  min=0.3333  best=0.8000  reward=10.40 [ckpt]
[ 4461/12000]  acc=0.7333  min=0.4667  best=0.8000  reward=11.20
[ 4462/12000]  acc=0.6667  min=0.4667  best=0.8000  reward=10.60
[ 4463/12000]  acc=0.6667  min=0.5333  best=0.8000  reward=9.93
[ 4464/12000]  acc=0.8000  min=0.5333  best=0.8000  reward=11.07
[ 4465/12000]  acc=0.7333  min=0.4667  best=0.8000  reward=10.33
[ 4466/12000]  acc=0.7333  min=0.4667  best=0.8000  reward=11.00
[ 4467/12000]  acc=0.7333  min=0.4000  best=0.8000  reward=10.80
[ 4468/12000]  acc=0.6667  min=0.5333  best=0.8000  reward=10.07
[ 4469/12000]  acc=0.7333  min=0.3333  best=0.8000  reward=9.87
[ 4470/12000]  acc=0.7333  min=0.5333  best=0.8000  reward=11.27
[ 4471/12000]  acc=0.7333  min=0.4667  best=0.8000  reward=10.60
[ 4472/12000]  acc=0.7333  min=0.4667  best=0.8000  reward=10.47
[ 4473/12000]  acc=0.7333  min=0.4000  best=0.8000  reward=10.33
[ 4474/12000]  acc=0.8000  min=0.4667  best=0.8000  reward=9.87
[ 4475/12000]  acc=0.8000  min=0.6000  best=0.8000  reward=11.33
[ 4476/12000]  acc=0.7333  min=0.4667  best=0.8000  reward=10.60
[ 4477/12000]  acc=0.7333  min=0.4000  best=0.8000  reward=10.80
[ 4478/12000]  acc=0.6667  min=0.4667  best=0.8000  reward=10.13
[ 4479/12000]  acc=0.8000  min=0.4000  best=0.8000  reward=10.87
[ 4480/12000]  acc=0.7333  min=0.4667  best=0.8000  reward=10.20 [ckpt]
[ 4481/12000]  acc=0.7333  min=0.2667  best=0.8000  reward=10.47
[ 4482/12000]  acc=0.6667  min=0.4000  best=0.8000  reward=9.87
[ 4483/12000]  acc=0.7333  min=0.4000  best=0.8000  reward=11.00
[ 4484/12000]  acc=0.7333  min=0.4000  best=0.8000  reward=10.13
[ 4485/12000]  acc=0.6667  min=0.4667  best=0.8000  reward=9.87
[ 4486/12000]  acc=0.8000  min=0.4000  best=0.8000  reward=10.93
[ 4487/12000]  acc=0.7333  min=0.5333  best=0.8000  reward=10.73
[ 4488/12000]  acc=0.7333  min=0.4667  best=0.8000  reward=10.60
[ 4489/12000]  acc=0.7333  min=0.2667  best=0.8000  reward=10.47
[ 4490/12000]  acc=0.6667  min=0.4667  best=0.8000  reward=9.73
[ 4491/12000]  acc=0.6667  min=0.6000  best=0.8000  reward=10.00
[ 4492/12000]  acc=0.8000  min=0.4667  best=0.8000  reward=10.60
[ 4493/12000]  acc=0.6667  min=0.5333  best=0.8000  reward=10.87
[ 4494/12000]  acc=0.8000  min=0.5333  best=0.8000  reward=11.27
[ 4495/12000]  acc=0.7333  min=0.4667  best=0.8000  reward=10.40
[ 4496/12000]  acc=0.6667  min=0.6000  best=0.8000  reward=10.00
[ 4497/12000]  acc=0.8000  min=0.5333  best=0.8000  reward=11.47
[ 4498/12000]  acc=0.8000  min=0.3333  best=0.8000  reward=10.60
[ 4499/12000]  acc=0.7333  min=0.4000  best=0.8000  reward=10.13
[ 4500/12000]  acc=0.8000  min=0.4000  best=0.8000  reward=10.67 [ckpt]
[ 4501/12000]  acc=0.6667  min=0.4667  best=0.8000  reward=9.80
[ 4502/12000]  acc=0.6667  min=0.3333  best=0.8000  reward=9.73
[ 4503/12000]  acc=0.8000  min=0.4000  best=0.8000  reward=10.93
[ 4504/12000]  acc=0.7333  min=0.4000  best=0.8000  reward=10.40
[ 4505/12000]  acc=0.7333  min=0.5333  best=0.8000  reward=10.27
[ 4506/12000]  acc=0.7333  min=0.4667  best=0.8000  reward=11.07
[ 4507/12000]  acc=0.8000  min=0.3333  best=0.8000  reward=10.80
[ 4508/12000]  acc=0.8000  min=0.3333  best=0.8000  reward=10.73
[ 4509/12000]  acc=0.7333  min=0.4667  best=0.8000  reward=10.67
[ 4510/12000]  acc=0.8000  min=0.4000  best=0.8000  reward=11.13
[ 4511/12000]  acc=0.7333  min=0.6000  best=0.8000  reward=10.80
[ 4512/12000]  acc=0.7333  min=0.4000  best=0.8000  reward=10.40
[ 4513/12000]  acc=0.7333  min=0.4667  best=0.8000  reward=10.67
[ 4514/12000]  acc=0.7333  min=0.6000  best=0.8000  reward=10.60
[ 4515/12000]  acc=0.8000  min=0.5333  best=0.8000  reward=11.07
[ 4516/12000]  acc=0.7333  min=0.6000  best=0.8000  reward=10.53
[ 4517/12000]  acc=0.8000  min=0.4667  best=0.8000  reward=11.07
[ 4518/12000]  acc=0.6667  min=0.6000  best=0.8000  reward=10.73
[ 4519/12000]  acc=0.7333  min=0.4667  best=0.8000  reward=10.27
[ 4520/12000]  acc=0.6667  min=0.4667  best=0.8000  reward=10.20 [ckpt]
[ 4521/12000]  acc=0.7333  min=0.6000  best=0.8000  reward=10.73
[ 4522/12000]  acc=0.8000  min=0.4667  best=0.8000  reward=11.13
[ 4523/12000]  acc=0.7333  min=0.4000  best=0.8000  reward=10.27
[ 4524/12000]  acc=0.7333  min=0.4667  best=0.8000  reward=11.13
[ 4525/12000]  acc=0.8000  min=0.4000  best=0.8000  reward=10.67
[ 4526/12000]  acc=0.7333  min=0.4667  best=0.8000  reward=9.93
[ 4527/12000]  acc=0.8000  min=0.3333  best=0.8000  reward=11.13
[ 4528/12000]  acc=0.8000  min=0.5333  best=0.8000  reward=10.07
[ 4529/12000]  acc=0.7333  min=0.4000  best=0.8000  reward=11.13
[ 4530/12000]  acc=0.7333  min=0.4667  best=0.8000  reward=10.40
[ 4531/12000]  acc=0.6667  min=0.5333  best=0.8000  reward=9.80
[ 4532/12000]  acc=0.7333  min=0.4000  best=0.8000  reward=10.40
[ 4533/12000]  acc=0.7333  min=0.4667  best=0.8000  reward=10.13
[ 4534/12000]  acc=0.7333  min=0.5333  best=0.8000  reward=10.60
[ 4535/12000]  acc=0.7333  min=0.4667  best=0.8000  reward=10.67
[ 4536/12000]  acc=0.6667  min=0.5333  best=0.8000  reward=10.33
[ 4537/12000]  acc=0.7333  min=0.4667  best=0.8000  reward=11.00
[ 4538/12000]  acc=0.7333  min=0.4000  best=0.8000  reward=10.93
[ 4539/12000]  acc=0.7333  min=0.4000  best=0.8000  reward=10.47
[ 4540/12000]  acc=0.6667  min=0.4000  best=0.8000  reward=10.33 [ckpt]
[ 4541/12000]  acc=0.8000  min=0.3333  best=0.8000  reward=10.53
[ 4542/12000]  acc=0.7333  min=0.5333  best=0.8000  reward=10.73
[ 4543/12000]  acc=0.7333  min=0.4000  best=0.8000  reward=10.67
[ 4544/12000]  acc=0.8000  min=0.2667  best=0.8000  reward=10.53
[ 4545/12000]  acc=0.7333  min=0.4000  best=0.8000  reward=10.93
[ 4546/12000]  acc=0.6667  min=0.3333  best=0.8000  reward=10.07
[ 4547/12000]  acc=0.8000  min=0.5333  best=0.8000  reward=11.47
[ 4548/12000]  acc=0.7333  min=0.4667  best=0.8000  reward=10.53
[ 4549/12000]  acc=0.7333  min=0.4667  best=0.8000  reward=10.60
[ 4550/12000]  acc=0.8000  min=0.4000  best=0.8000  reward=10.93
[ 4551/12000]  acc=0.7333  min=0.4000  best=0.8000  reward=10.53
[ 4552/12000]  acc=0.6667  min=0.4000  best=0.8000  reward=10.07
[ 4553/12000]  acc=0.6667  min=0.5333  best=0.8000  reward=9.87
[ 4554/12000]  acc=0.7333  min=0.3333  best=0.8000  reward=10.27
[ 4555/12000]  acc=0.7333  min=0.4000  best=0.8000  reward=10.33
[ 4556/12000]  acc=0.7333  min=0.6000  best=0.8000  reward=10.33
[ 4557/12000]  acc=0.8000  min=0.3333  best=0.8000  reward=10.47
[ 4558/12000]  acc=0.8000  min=0.4667  best=0.8000  reward=11.20
[ 4559/12000]  acc=0.7333  min=0.5333  best=0.8000  reward=10.53
[ 4560/12000]  acc=0.7333  min=0.5333  best=0.8000  reward=10.60 [ckpt]
[ 4561/12000]  acc=0.6667  min=0.4667  best=0.8000  reward=10.07
[ 4562/12000]  acc=0.6667  min=0.4000  best=0.8000  reward=10.53
[ 4563/12000]  acc=0.7333  min=0.4667  best=0.8000  reward=11.07
[ 4564/12000]  acc=0.6667  min=0.3333  best=0.8000  reward=10.53
[ 4565/12000]  acc=0.7333  min=0.6000  best=0.8000  reward=10.73
[ 4566/12000]  acc=0.8000  min=0.5333  best=0.8000  reward=11.40
[ 4567/12000]  acc=0.8000  min=0.3333  best=0.8000  reward=10.87
[ 4568/12000]  acc=0.8000  min=0.4667  best=0.8000  reward=11.00
[ 4569/12000]  acc=0.8000  min=0.6000  best=0.8000  reward=11.33
[ 4570/12000]  acc=0.7333  min=0.3333  best=0.8000  reward=10.40
[ 4571/12000]  acc=0.8000  min=0.4000  best=0.8000  reward=11.20
[ 4572/12000]  acc=0.7333  min=0.4667  best=0.8000  reward=10.13
[ 4573/12000]  acc=0.7333  min=0.4667  best=0.8000  reward=10.27
[ 4574/12000]  acc=0.7333  min=0.4667  best=0.8000  reward=10.87
[ 4575/12000]  acc=0.7333  min=0.5333  best=0.8000  reward=10.60
[ 4576/12000]  acc=0.7333  min=0.5333  best=0.8000  reward=10.20
[ 4577/12000]  acc=0.7333  min=0.5333  best=0.8000  reward=10.60
[ 4578/12000]  acc=0.7333  min=0.5333  best=0.8000  reward=10.67
[ 4579/12000]  acc=0.6667  min=0.4667  best=0.8000  reward=10.13
[ 4580/12000]  acc=0.7333  min=0.6000  best=0.8000  reward=10.73 [ckpt]
[ 4581/12000]  acc=0.8000  min=0.3333  best=0.8000  reward=11.20
[ 4582/12000]  acc=0.6667  min=0.3333  best=0.8000  reward=9.80
[ 4583/12000]  acc=0.7333  min=0.5333  best=0.8000  reward=10.80
[ 4584/12000]  acc=0.8000  min=0.4000  best=0.8000  reward=11.13
[ 4585/12000]  acc=0.7333  min=0.4667  best=0.8000  reward=10.13
[ 4586/12000]  acc=0.8000  min=0.5333  best=0.8000  reward=11.33
[ 4587/12000]  acc=0.8000  min=0.5333  best=0.8000  reward=11.40
[ 4588/12000]  acc=0.6667  min=0.4667  best=0.8000  reward=9.93
[ 4589/12000]  acc=0.7333  min=0.5333  best=0.8000  reward=10.60
[ 4590/12000]  acc=0.7333  min=0.4000  best=0.8000  reward=10.47
[ 4591/12000]  acc=0.8000  min=0.5333  best=0.8000  reward=11.27
[ 4592/12000]  acc=0.8000  min=0.4000  best=0.8000  reward=11.13
[ 4593/12000]  acc=0.8000  min=0.4667  best=0.8000  reward=11.07
[ 4594/12000]  acc=0.7333  min=0.4000  best=0.8000  reward=10.40
[ 4595/12000]  acc=0.7333  min=0.4000  best=0.8000  reward=9.93
[ 4596/12000]  acc=0.8000  min=0.4667  best=0.8000  reward=10.67
[ 4597/12000]  acc=0.7333  min=0.6000  best=0.8000  reward=11.33
[ 4598/12000]  acc=0.6667  min=0.4667  best=0.8000  reward=10.73
[ 4599/12000]  acc=0.7333  min=0.4000  best=0.8000  reward=9.93
[ 4600/12000]  acc=0.7333  min=0.2667  best=0.8000  reward=10.13 [ckpt]
[ 4601/12000]  acc=0.8000  min=0.4667  best=0.8000  reward=10.87
[ 4602/12000]  acc=0.7333  min=0.5333  best=0.8000  reward=10.60
[ 4603/12000]  acc=0.7333  min=0.4000  best=0.8000  reward=9.93
[ 4604/12000]  acc=0.6667  min=0.5333  best=0.8000  reward=10.27
[ 4605/12000]  acc=0.7333  min=0.5333  best=0.8000  reward=10.67
[ 4606/12000]  acc=0.8000  min=0.6000  best=0.8000  reward=10.87
[ 4607/12000]  acc=0.8000  min=0.6000  best=0.8000  reward=11.47
[ 4608/12000]  acc=0.6667  min=0.6000  best=0.8000  reward=10.60
[ 4609/12000]  acc=0.6667  min=0.4667  best=0.8000  reward=9.80
[ 4610/12000]  acc=0.6667  min=0.6000  best=0.8000  reward=10.13
[ 4611/12000]  acc=0.7333  min=0.4000  best=0.8000  reward=10.07
[ 4612/12000]  acc=0.7333  min=0.5333  best=0.8000  reward=10.60
[ 4613/12000]  acc=0.8000  min=0.4000  best=0.8000  reward=11.07
[ 4614/12000]  acc=0.8000  min=0.4667  best=0.8000  reward=11.07
[ 4615/12000]  acc=0.8000  min=0.4000  best=0.8000  reward=10.40
[ 4616/12000]  acc=0.6667  min=0.4000  best=0.8000  reward=10.00
[ 4617/12000]  acc=0.6667  min=0.4000  best=0.8000  reward=9.67
[ 4618/12000]  acc=0.6667  min=0.4667  best=0.8000  reward=9.93
[ 4619/12000]  acc=0.7333  min=0.5333  best=0.8000  reward=10.27
[ 4620/12000]  acc=0.8000  min=0.3333  best=0.8000  reward=11.07 [ckpt]
[ 4621/12000]  acc=0.7333  min=0.4000  best=0.8000  reward=10.33
[ 4622/12000]  acc=0.7333  min=0.4667  best=0.8000  reward=10.47
[ 4623/12000]  acc=0.7333  min=0.3333  best=0.8000  reward=10.27
[ 4624/12000]  acc=0.7333  min=0.4667  best=0.8000  reward=10.67
[ 4625/12000]  acc=0.7333  min=0.4667  best=0.8000  reward=10.60
[ 4626/12000]  acc=0.6667  min=0.4667  best=0.8000  reward=10.47
[ 4627/12000]  acc=0.6667  min=0.4667  best=0.8000  reward=10.33
[ 4628/12000]  acc=0.8000  min=0.4667  best=0.8000  reward=10.67
[ 4629/12000]  acc=0.6667  min=0.4000  best=0.8000  reward=10.00
[ 4630/12000]  acc=0.8000  min=0.5333  best=0.8000  reward=11.00
[ 4631/12000]  acc=0.6667  min=0.4000  best=0.8000  reward=9.67
[ 4632/12000]  acc=0.8000  min=0.4000  best=0.8000  reward=11.40
[ 4633/12000]  acc=0.8000  min=0.3333  best=0.8000  reward=11.13
[ 4634/12000]  acc=0.6667  min=0.5333  best=0.8000  reward=9.93
[ 4635/12000]  acc=0.6667  min=0.4000  best=0.8000  reward=10.13
[ 4636/12000]  acc=0.7333  min=0.4667  best=0.8000  reward=10.13
[ 4637/12000]  acc=0.8000  min=0.6000  best=0.8000  reward=10.87
[ 4638/12000]  acc=0.6667  min=0.5333  best=0.8000  reward=10.13
[ 4639/12000]  acc=0.8000  min=0.3333  best=0.8000  reward=11.13
[ 4640/12000]  acc=0.7333  min=0.5333  best=0.8000  reward=10.40 [ckpt]
[ 4641/12000]  acc=0.6667  min=0.6000  best=0.8000  reward=11.00
[ 4642/12000]  acc=0.7333  min=0.4667  best=0.8000  reward=10.67
[ 4643/12000]  acc=0.6667  min=0.3333  best=0.8000  reward=9.73
[ 4644/12000]  acc=0.7333  min=0.4667  best=0.8000  reward=10.27
[ 4645/12000]  acc=0.8000  min=0.6000  best=0.8000  reward=10.93
[ 4646/12000]  acc=0.7333  min=0.5333  best=0.8000  reward=10.60
[ 4647/12000]  acc=0.6667  min=0.4667  best=0.8000  reward=10.53
[ 4648/12000]  acc=0.6667  min=0.6000  best=0.8000  reward=10.40
[ 4649/12000]  acc=0.6667  min=0.4000  best=0.8000  reward=9.80
[ 4650/12000]  acc=0.7333  min=0.4000  best=0.8000  reward=10.60
[ 4651/12000]  acc=0.6667  min=0.3333  best=0.8000  reward=10.20
[ 4652/12000]  acc=0.8000  min=0.5333  best=0.8000  reward=11.00
[ 4653/12000]  acc=0.8000  min=0.5333  best=0.8000  reward=10.80
[ 4654/12000]  acc=0.7333  min=0.4000  best=0.8000  reward=10.40
[ 4655/12000]  acc=0.7333  min=0.4667  best=0.8000  reward=10.93
[ 4656/12000]  acc=0.8000  min=0.6000  best=0.8000  reward=11.27
[ 4657/12000]  acc=0.7333  min=0.4667  best=0.8000  reward=10.60
[ 4658/12000]  acc=0.7333  min=0.4667  best=0.8000  reward=10.73
[ 4659/12000]  acc=0.8000  min=0.5333  best=0.8000  reward=11.00
[ 4660/12000]  acc=0.6667  min=0.4667  best=0.8000  reward=10.27 [ckpt]
[ 4661/12000]  acc=0.7333  min=0.4000  best=0.8000  reward=10.67
[ 4662/12000]  acc=0.7333  min=0.4000  best=0.8000  reward=10.67
[ 4663/12000]  acc=0.7333  min=0.5333  best=0.8000  reward=10.60
[ 4664/12000]  acc=0.6667  min=0.6000  best=0.8000  reward=10.00
[ 4665/12000]  acc=0.8000  min=0.5333  best=0.8000  reward=11.00
[ 4666/12000]  acc=0.7333  min=0.5333  best=0.8000  reward=10.73
[ 4667/12000]  acc=0.7333  min=0.4000  best=0.8000  reward=10.87
[ 4668/12000]  acc=0.8000  min=0.5333  best=0.8000  reward=11.40
[ 4669/12000]  acc=0.6667  min=0.6000  best=0.8000  reward=10.40
[ 4670/12000]  acc=0.6667  min=0.5333  best=0.8000  reward=10.33
[ 4671/12000]  acc=0.6667  min=0.4667  best=0.8000  reward=10.53
[ 4672/12000]  acc=0.7333  min=0.4667  best=0.8000  reward=10.40
[ 4673/12000]  acc=0.8000  min=0.4667  best=0.8000  reward=10.53
[ 4674/12000]  acc=0.7333  min=0.5333  best=0.8000  reward=10.53
[ 4675/12000]  acc=0.6667  min=0.5333  best=0.8000  reward=9.73
[ 4676/12000]  acc=0.8000  min=0.4667  best=0.8000  reward=11.13
[ 4677/12000]  acc=0.7333  min=0.5333  best=0.8000  reward=10.40
[ 4678/12000]  acc=0.6667  min=0.4667  best=0.8000  reward=10.27
[ 4679/12000]  acc=0.8000  min=0.4667  best=0.8000  reward=10.67
[ 4680/12000]  acc=0.7333  min=0.5333  best=0.8000  reward=10.80 [ckpt]
[ 4681/12000]  acc=0.7333  min=0.4667  best=0.8000  reward=10.40
[ 4682/12000]  acc=0.6667  min=0.5333  best=0.8000  reward=10.00
[ 4683/12000]  acc=0.7333  min=0.4667  best=0.8000  reward=10.53
[ 4684/12000]  acc=0.7333  min=0.6000  best=0.8000  reward=10.60
[ 4685/12000]  acc=0.7333  min=0.3333  best=0.8000  reward=10.67
[ 4686/12000]  acc=0.8000  min=0.3333  best=0.8000  reward=11.27
[ 4687/12000]  acc=0.8000  min=0.2667  best=0.8000  reward=10.00
[ 4688/12000]  acc=0.8000  min=0.4000  best=0.8000  reward=10.80
[ 4689/12000]  acc=0.8000  min=0.4667  best=0.8000  reward=11.20
[ 4690/12000]  acc=0.7333  min=0.5333  best=0.8000  reward=10.67
[ 4691/12000]  acc=0.7333  min=0.4667  best=0.8000  reward=10.67
[ 4692/12000]  acc=0.6667  min=0.4000  best=0.8000  reward=9.53
[ 4693/12000]  acc=0.7333  min=0.4667  best=0.8000  reward=10.53
[ 4694/12000]  acc=0.8000  min=0.5333  best=0.8000  reward=10.87
[ 4695/12000]  acc=0.8000  min=0.4667  best=0.8000  reward=11.13
[ 4696/12000]  acc=0.7333  min=0.4000  best=0.8000  reward=10.20
[ 4697/12000]  acc=0.6667  min=0.5333  best=0.8000  reward=9.93
[ 4698/12000]  acc=0.8000  min=0.4000  best=0.8000  reward=10.40
[ 4699/12000]  acc=0.8000  min=0.6000  best=0.8000  reward=11.40
[ 4700/12000]  acc=0.8000  min=0.4000  best=0.8000  reward=11.07 [ckpt]
[ 4701/12000]  acc=0.6667  min=0.5333  best=0.8000  reward=10.00
[ 4702/12000]  acc=0.6667  min=0.4000  best=0.8000  reward=9.87
[ 4703/12000]  acc=0.7333  min=0.5333  best=0.8000  reward=10.13
[ 4704/12000]  acc=0.8000  min=0.3333  best=0.8000  reward=11.07
[ 4705/12000]  acc=0.7333  min=0.6000  best=0.8000  reward=10.80
[ 4706/12000]  acc=0.7333  min=0.4000  best=0.8000  reward=10.33
[ 4707/12000]  acc=0.6667  min=0.4000  best=0.8000  reward=9.67
[ 4708/12000]  acc=0.7333  min=0.4000  best=0.8000  reward=10.47
[ 4709/12000]  acc=0.7333  min=0.5333  best=0.8000  reward=10.67
[ 4710/12000]  acc=0.6667  min=0.3333  best=0.8000  reward=10.07
[ 4711/12000]  acc=0.7333  min=0.5333  best=0.8000  reward=10.47
[ 4712/12000]  acc=0.6667  min=0.4000  best=0.8000  reward=9.73
[ 4713/12000]  acc=0.7333  min=0.6000  best=0.8000  reward=11.00
[ 4714/12000]  acc=0.6667  min=0.4667  best=0.8000  reward=9.73
[ 4715/12000]  acc=0.8000  min=0.4667  best=0.8000  reward=11.20
[ 4716/12000]  acc=0.8000  min=0.6000  best=0.8000  reward=10.60
[ 4717/12000]  acc=0.8000  min=0.4000  best=0.8000  reward=11.07
[ 4718/12000]  acc=0.7333  min=0.4000  best=0.8000  reward=10.53
[ 4719/12000]  acc=0.8000  min=0.4667  best=0.8000  reward=11.07
[ 4720/12000]  acc=0.6667  min=0.5333  best=0.8000  reward=10.00 [ckpt]
[ 4721/12000]  acc=0.6667  min=0.4000  best=0.8000  reward=10.20
[ 4722/12000]  acc=0.7333  min=0.5333  best=0.8000  reward=10.60
[ 4723/12000]  acc=0.6667  min=0.4667  best=0.8000  reward=10.07
[ 4724/12000]  acc=0.6667  min=0.4000  best=0.8000  reward=9.80
[ 4725/12000]  acc=0.7333  min=0.4667  best=0.8000  reward=10.53
[ 4726/12000]  acc=0.7333  min=0.6000  best=0.8000  reward=10.80
[ 4727/12000]  acc=0.7333  min=0.5333  best=0.8000  reward=10.87
[ 4728/12000]  acc=0.7333  min=0.6000  best=0.8000  reward=10.53
[ 4729/12000]  acc=0.7333  min=0.4000  best=0.8000  reward=10.73
[ 4730/12000]  acc=0.7333  min=0.4667  best=0.8000  reward=10.60
[ 4731/12000]  acc=0.7333  min=0.4000  best=0.8000  reward=10.47
[ 4732/12000]  acc=0.6667  min=0.3333  best=0.8000  reward=9.67
[ 4733/12000]  acc=0.7333  min=0.4667  best=0.8000  reward=11.20
[ 4734/12000]  acc=0.8000  min=0.3333  best=0.8000  reward=10.80
[ 4735/12000]  acc=0.8000  min=0.6000  best=0.8000  reward=11.33
[ 4736/12000]  acc=0.8000  min=0.4667  best=0.8000  reward=10.47
[ 4737/12000]  acc=0.8000  min=0.5333  best=0.8000  reward=11.27
[ 4738/12000]  acc=0.7333  min=0.4667  best=0.8000  reward=10.60
[ 4739/12000]  acc=0.7333  min=0.4667  best=0.8000  reward=10.40
[ 4740/12000]  acc=0.7333  min=0.5333  best=0.8000  reward=10.13 [ckpt]
[ 4741/12000]  acc=0.7333  min=0.5333  best=0.8000  reward=10.60
[ 4742/12000]  acc=0.7333  min=0.4000  best=0.8000  reward=10.53
[ 4743/12000]  acc=0.7333  min=0.4667  best=0.8000  reward=10.47
[ 4744/12000]  acc=0.7333  min=0.4667  best=0.8000  reward=10.27
[ 4745/12000]  acc=0.7333  min=0.4667  best=0.8000  reward=10.40
[ 4746/12000]  acc=0.7333  min=0.5333  best=0.8000  reward=10.80
[ 4747/12000]  acc=0.7333  min=0.4667  best=0.8000  reward=10.13
[ 4748/12000]  acc=0.7333  min=0.3333  best=0.8000  reward=10.40
[ 4749/12000]  acc=0.6667  min=0.4667  best=0.8000  reward=9.80
[ 4750/12000]  acc=0.8000  min=0.4667  best=0.8000  reward=11.13
[ 4751/12000]  acc=0.6667  min=0.4667  best=0.8000  reward=10.47
[ 4752/12000]  acc=0.6667  min=0.5333  best=0.8000  reward=10.13
[ 4753/12000]  acc=0.8000  min=0.4000  best=0.8000  reward=10.80
[ 4754/12000]  acc=0.7333  min=0.4000  best=0.8000  reward=10.13
[ 4755/12000]  acc=0.7333  min=0.4667  best=0.8000  reward=10.60
[ 4756/12000]  acc=0.7333  min=0.4667  best=0.8000  reward=10.80
[ 4757/12000]  acc=0.7333  min=0.4667  best=0.8000  reward=10.47
[ 4758/12000]  acc=0.7333  min=0.4000  best=0.8000  reward=10.47
[ 4759/12000]  acc=0.7333  min=0.5333  best=0.8000  reward=10.93
[ 4760/12000]  acc=0.6667  min=0.4667  best=0.8000  reward=9.87 [ckpt]
[ 4761/12000]  acc=0.8000  min=0.5333  best=0.8000  reward=10.73
[ 4762/12000]  acc=0.7333  min=0.6000  best=0.8000  reward=10.93
[ 4763/12000]  acc=0.7333  min=0.4000  best=0.8000  reward=10.47
[ 4764/12000]  acc=0.6667  min=0.5333  best=0.8000  reward=9.93
[ 4765/12000]  acc=0.7333  min=0.6000  best=0.8000  reward=11.00
[ 4766/12000]  acc=0.7333  min=0.5333  best=0.8000  reward=10.87
[ 4767/12000]  acc=0.6667  min=0.5333  best=0.8000  reward=10.40
[ 4768/12000]  acc=0.6667  min=0.3333  best=0.8000  reward=9.47
[ 4769/12000]  acc=0.8000  min=0.5333  best=0.8000  reward=10.80
[ 4770/12000]  acc=0.7333  min=0.4667  best=0.8000  reward=10.93
[ 4771/12000]  acc=0.6667  min=0.4667  best=0.8000  reward=9.67
[ 4772/12000]  acc=0.7333  min=0.4667  best=0.8000  reward=10.73
[ 4773/12000]  acc=0.7333  min=0.4667  best=0.8000  reward=10.47
[ 4774/12000]  acc=0.7333  min=0.4667  best=0.8000  reward=10.67
[ 4775/12000]  acc=0.8000  min=0.4667  best=0.8000  reward=11.33
[ 4776/12000]  acc=0.7333  min=0.4667  best=0.8000  reward=10.33
[ 4777/12000]  acc=0.7333  min=0.4667  best=0.8000  reward=10.53
[ 4778/12000]  acc=0.6667  min=0.5333  best=0.8000  reward=9.87
[ 4779/12000]  acc=0.7333  min=0.5333  best=0.8000  reward=10.20
[ 4780/12000]  acc=0.7333  min=0.4667  best=0.8000  reward=10.53 [ckpt]
[ 4781/12000]  acc=0.7333  min=0.4000  best=0.8000  reward=10.27
[ 4782/12000]  acc=0.7333  min=0.5333  best=0.8000  reward=10.47
[ 4783/12000]  acc=0.7333  min=0.4000  best=0.8000  reward=10.93
[ 4784/12000]  acc=0.6667  min=0.2667  best=0.8000  reward=9.53
[ 4785/12000]  acc=0.7333  min=0.4667  best=0.8000  reward=10.20
[ 4786/12000]  acc=0.7333  min=0.6000  best=0.8000  reward=10.13
[ 4787/12000]  acc=0.6667  min=0.4667  best=0.8000  reward=10.27
[ 4788/12000]  acc=0.8000  min=0.5333  best=0.8000  reward=10.87
[ 4789/12000]  acc=0.8000  min=0.5333  best=0.8000  reward=10.80
[ 4790/12000]  acc=0.7333  min=0.4000  best=0.8000  reward=10.27
[ 4791/12000]  acc=0.8000  min=0.5333  best=0.8000  reward=11.27
[ 4792/12000]  acc=0.7333  min=0.4000  best=0.8000  reward=10.60
[ 4793/12000]  acc=0.6667  min=0.4000  best=0.8000  reward=9.87
[ 4794/12000]  acc=0.6667  min=0.4667  best=0.8000  reward=9.67
[ 4795/12000]  acc=0.6667  min=0.4667  best=0.8000  reward=9.80
[ 4796/12000]  acc=0.6667  min=0.4000  best=0.8000  reward=10.07
[ 4797/12000]  acc=0.7333  min=0.4667  best=0.8000  reward=10.67
[ 4798/12000]  acc=0.7333  min=0.4667  best=0.8000  reward=10.20
[ 4799/12000]  acc=0.8000  min=0.3333  best=0.8000  reward=10.60
[ 4800/12000]  acc=0.8000  min=0.4000  best=0.8000  reward=11.07 [ckpt]
[ 4801/12000]  acc=0.6667  min=0.5333  best=0.8000  reward=9.80
[ 4802/12000]  acc=0.8000  min=0.6000  best=0.8000  reward=11.00
[ 4803/12000]  acc=0.6667  min=0.4000  best=0.8000  reward=10.07
[ 4804/12000]  acc=0.6667  min=0.4667  best=0.8000  reward=9.80
[ 4805/12000]  acc=0.7333  min=0.5333  best=0.8000  reward=10.13
[ 4806/12000]  acc=0.8000  min=0.4667  best=0.8000  reward=10.47
[ 4807/12000]  acc=0.6667  min=0.3333  best=0.8000  reward=9.93
[ 4808/12000]  acc=0.7333  min=0.5333  best=0.8000  reward=10.27
[ 4809/12000]  acc=0.6667  min=0.4667  best=0.8000  reward=10.67
[ 4810/12000]  acc=0.8000  min=0.4000  best=0.8000  reward=11.13
[ 4811/12000]  acc=0.7333  min=0.3333  best=0.8000  reward=10.27
[ 4812/12000]  acc=0.6667  min=0.5333  best=0.8000  reward=9.73
[ 4813/12000]  acc=0.6667  min=0.4667  best=0.8000  reward=10.07
[ 4814/12000]  acc=0.6667  min=0.4667  best=0.8000  reward=9.93
[ 4815/12000]  acc=0.7333  min=0.5333  best=0.8000  reward=10.00
[ 4816/12000]  acc=0.7333  min=0.4667  best=0.8000  reward=10.53
[ 4817/12000]  acc=0.7333  min=0.5333  best=0.8000  reward=10.40
[ 4818/12000]  acc=0.7333  min=0.6000  best=0.8000  reward=10.33
[ 4819/12000]  acc=0.7333  min=0.4667  best=0.8000  reward=10.87
[ 4820/12000]  acc=0.6667  min=0.6000  best=0.8000  reward=9.93 [ckpt]
[ 4821/12000]  acc=0.6667  min=0.4667  best=0.8000  reward=10.33
[ 4822/12000]  acc=0.8000  min=0.5333  best=0.8000  reward=11.40
[ 4823/12000]  acc=0.7333  min=0.3333  best=0.8000  reward=10.07
[ 4824/12000]  acc=0.6667  min=0.5333  best=0.8000  reward=9.93
[ 4825/12000]  acc=0.6667  min=0.4667  best=0.8000  reward=9.87
[ 4826/12000]  acc=0.7333  min=0.4667  best=0.8000  reward=10.60
[ 4827/12000]  acc=0.7333  min=0.4667  best=0.8000  reward=9.80
[ 4828/12000]  acc=0.7333  min=0.6000  best=0.8000  reward=10.87
[ 4829/12000]  acc=0.8000  min=0.4667  best=0.8000  reward=10.73
[ 4830/12000]  acc=0.7333  min=0.4667  best=0.8000  reward=10.53
[ 4831/12000]  acc=0.6667  min=0.4667  best=0.8000  reward=9.80
[ 4832/12000]  acc=0.8000  min=0.4667  best=0.8000  reward=11.07
[ 4833/12000]  acc=0.8000  min=0.5333  best=0.8000  reward=11.20
[ 4834/12000]  acc=0.6667  min=0.4000  best=0.8000  reward=9.87
[ 4835/12000]  acc=0.7333  min=0.5333  best=0.8000  reward=10.60
[ 4836/12000]  acc=0.7333  min=0.5333  best=0.8000  reward=10.80
[ 4837/12000]  acc=0.7333  min=0.4000  best=0.8000  reward=10.53
[ 4838/12000]  acc=0.6667  min=0.3333  best=0.8000  reward=9.93
[ 4839/12000]  acc=0.7333  min=0.4000  best=0.8000  reward=10.27
[ 4840/12000]  acc=0.8000  min=0.4667  best=0.8000  reward=10.07 [ckpt]
[ 4841/12000]  acc=0.7333  min=0.6000  best=0.8000  reward=10.73
[ 4842/12000]  acc=0.7333  min=0.5333  best=0.8000  reward=11.13
[ 4843/12000]  acc=0.8000  min=0.5333  best=0.8000  reward=11.07
[ 4844/12000]  acc=0.7333  min=0.4000  best=0.8000  reward=9.87
[ 4845/12000]  acc=0.7333  min=0.4667  best=0.8000  reward=10.60
[ 4846/12000]  acc=0.7333  min=0.3333  best=0.8000  reward=10.07
[ 4847/12000]  acc=0.8000  min=0.3333  best=0.8000  reward=11.07
[ 4848/12000]  acc=0.7333  min=0.4667  best=0.8000  reward=10.07
[ 4849/12000]  acc=0.8000  min=0.4000  best=0.8000  reward=10.93
[ 4850/12000]  acc=0.8000  min=0.3333  best=0.8000  reward=10.73
[ 4851/12000]  acc=0.7333  min=0.4000  best=0.8000  reward=10.40
[ 4852/12000]  acc=0.6667  min=0.4000  best=0.8000  reward=9.80
[ 4853/12000]  acc=0.7333  min=0.4667  best=0.8000  reward=10.33
[ 4854/12000]  acc=0.7333  min=0.5333  best=0.8000  reward=10.27
[ 4855/12000]  acc=0.7333  min=0.6000  best=0.8000  reward=10.53
[ 4856/12000]  acc=0.7333  min=0.5333  best=0.8000  reward=10.67
[ 4857/12000]  acc=0.6667  min=0.3333  best=0.8000  reward=9.73
[ 4858/12000]  acc=0.7333  min=0.4667  best=0.8000  reward=10.13
[ 4859/12000]  acc=0.7333  min=0.6000  best=0.8000  reward=10.40
[ 4860/12000]  acc=0.7333  min=0.2667  best=0.8000  reward=10.40 [ckpt]
[ 4861/12000]  acc=0.7333  min=0.4000  best=0.8000  reward=9.87
[ 4862/12000]  acc=0.8000  min=0.5333  best=0.8000  reward=11.07
[ 4863/12000]  acc=0.8000  min=0.4000  best=0.8000  reward=10.47
[ 4864/12000]  acc=0.8000  min=0.6000  best=0.8000  reward=11.27
[ 4865/12000]  acc=0.6667  min=0.4667  best=0.8000  reward=10.20
[ 4866/12000]  acc=0.6667  min=0.4000  best=0.8000  reward=10.47
[ 4867/12000]  acc=0.7333  min=0.6000  best=0.8000  reward=10.60
[ 4868/12000]  acc=0.6667  min=0.6000  best=0.8000  reward=10.07
[ 4869/12000]  acc=0.6667  min=0.5333  best=0.8000  reward=10.27
[ 4870/12000]  acc=0.7333  min=0.4000  best=0.8000  reward=10.40
[ 4871/12000]  acc=0.6667  min=0.4000  best=0.8000  reward=10.07
[ 4872/12000]  acc=0.7333  min=0.4000  best=0.8000  reward=10.47
[ 4873/12000]  acc=0.6667  min=0.4000  best=0.8000  reward=9.87
[ 4874/12000]  acc=0.7333  min=0.4000  best=0.8000  reward=10.40
[ 4875/12000]  acc=0.7333  min=0.5333  best=0.8000  reward=10.60
[ 4876/12000]  acc=0.7333  min=0.4667  best=0.8000  reward=10.13
[ 4877/12000]  acc=0.8000  min=0.4667  best=0.8000  reward=10.27
[ 4878/12000]  acc=0.7333  min=0.4000  best=0.8000  reward=10.73
[ 4879/12000]  acc=0.6667  min=0.5333  best=0.8000  reward=9.93
[ 4880/12000]  acc=0.8000  min=0.5333  best=0.8000  reward=11.00 [ckpt]
[ 4881/12000]  acc=0.7333  min=0.4000  best=0.8000  reward=10.27
[ 4882/12000]  acc=0.6667  min=0.4000  best=0.8000  reward=10.00
[ 4883/12000]  acc=0.6667  min=0.3333  best=0.8000  reward=9.73
[ 4884/12000]  acc=0.7333  min=0.6000  best=0.8000  reward=10.93
[ 4885/12000]  acc=0.7333  min=0.4000  best=0.8000  reward=10.27
[ 4886/12000]  acc=0.7333  min=0.4000  best=0.8000  reward=10.53
[ 4887/12000]  acc=0.6667  min=0.4000  best=0.8000  reward=9.73
[ 4888/12000]  acc=0.8000  min=0.4000  best=0.8000  reward=11.07
[ 4889/12000]  acc=0.6667  min=0.4667  best=0.8000  reward=9.67
[ 4890/12000]  acc=0.6667  min=0.4667  best=0.8000  reward=10.13
[ 4891/12000]  acc=0.6667  min=0.4667  best=0.8000  reward=10.47
[ 4892/12000]  acc=0.8000  min=0.4667  best=0.8000  reward=11.00
[ 4893/12000]  acc=0.7333  min=0.6000  best=0.8000  reward=11.20
[ 4894/12000]  acc=0.7333  min=0.5333  best=0.8000  reward=10.73
[ 4895/12000]  acc=0.7333  min=0.5333  best=0.8000  reward=10.00
[ 4896/12000]  acc=0.8000  min=0.4667  best=0.8000  reward=10.87
[ 4897/12000]  acc=0.7333  min=0.4000  best=0.8000  reward=10.13
[ 4898/12000]  acc=0.7333  min=0.4667  best=0.8000  reward=10.40
[ 4899/12000]  acc=0.7333  min=0.4000  best=0.8000  reward=10.53
[ 4900/12000]  acc=0.6667  min=0.4667  best=0.8000  reward=10.67 [ckpt]
[ 4901/12000]  acc=0.8000  min=0.4667  best=0.8000  reward=10.93
[ 4902/12000]  acc=0.7333  min=0.6000  best=0.8000  reward=11.07
[ 4903/12000]  acc=0.7333  min=0.4667  best=0.8000  reward=10.87
[ 4904/12000]  acc=0.6667  min=0.4667  best=0.8000  reward=10.13
[ 4905/12000]  acc=0.7333  min=0.3333  best=0.8000  reward=10.27
[ 4906/12000]  acc=0.8000  min=0.4667  best=0.8000  reward=10.53
[ 4907/12000]  acc=0.7333  min=0.4667  best=0.8000  reward=10.73
[ 4908/12000]  acc=0.7333  min=0.5333  best=0.8000  reward=10.20
[ 4909/12000]  acc=0.7333  min=0.4667  best=0.8000  reward=10.73
[ 4910/12000]  acc=0.7333  min=0.4000  best=0.8000  reward=10.40
[ 4911/12000]  acc=0.7333  min=0.5333  best=0.8000  reward=10.40
[ 4912/12000]  acc=0.7333  min=0.5333  best=0.8000  reward=10.00
[ 4913/12000]  acc=0.7333  min=0.4667  best=0.8000  reward=10.73
[ 4914/12000]  acc=0.7333  min=0.5333  best=0.8000  reward=10.67
[ 4915/12000]  acc=0.8000  min=0.5333  best=0.8000  reward=10.73
[ 4916/12000]  acc=0.8000  min=0.5333  best=0.8000  reward=11.13
[ 4917/12000]  acc=0.6667  min=0.5333  best=0.8000  reward=9.87
[ 4918/12000]  acc=0.7333  min=0.4667  best=0.8000  reward=10.80
[ 4919/12000]  acc=0.6667  min=0.4000  best=0.8000  reward=9.93
[ 4920/12000]  acc=0.8000  min=0.4000  best=0.8000  reward=10.60 [ckpt]
[ 4921/12000]  acc=0.6667  min=0.4000  best=0.8000  reward=10.13
[ 4922/12000]  acc=0.6667  min=0.5333  best=0.8000  reward=9.80
[ 4923/12000]  acc=0.8000  min=0.3333  best=0.8000  reward=10.47
[ 4924/12000]  acc=0.6667  min=0.4667  best=0.8000  reward=10.13
[ 4925/12000]  acc=0.6667  min=0.5333  best=0.8000  reward=9.93
[ 4926/12000]  acc=0.7333  min=0.4000  best=0.8000  reward=10.67
[ 4927/12000]  acc=0.6667  min=0.5333  best=0.8000  reward=9.80
[ 4928/12000]  acc=0.7333  min=0.5333  best=0.8000  reward=10.73
[ 4929/12000]  acc=0.7333  min=0.5333  best=0.8000  reward=10.53
[ 4930/12000]  acc=0.6667  min=0.4000  best=0.8000  reward=10.07
[ 4931/12000]  acc=0.7333  min=0.4000  best=0.8000  reward=10.33
[ 4932/12000]  acc=0.6667  min=0.4667  best=0.8000  reward=10.07
[ 4933/12000]  acc=0.8000  min=0.4667  best=0.8000  reward=10.93
[ 4934/12000]  acc=0.7333  min=0.5333  best=0.8000  reward=10.33
[ 4935/12000]  acc=0.8000  min=0.4667  best=0.8000  reward=11.33
[ 4936/12000]  acc=0.7333  min=0.6000  best=0.8000  reward=10.93
[ 4937/12000]  acc=0.6667  min=0.3333  best=0.8000  reward=9.60
[ 4938/12000]  acc=0.6667  min=0.5333  best=0.8000  reward=10.40
[ 4939/12000]  acc=0.7333  min=0.5333  best=0.8000  reward=10.67
[ 4940/12000]  acc=0.7333  min=0.5333  best=0.8000  reward=10.53 [ckpt]
[ 4941/12000]  acc=0.7333  min=0.5333  best=0.8000  reward=10.20
[ 4942/12000]  acc=0.7333  min=0.4667  best=0.8000  reward=10.27
[ 4943/12000]  acc=0.7333  min=0.4667  best=0.8000  reward=10.47
[ 4944/12000]  acc=0.7333  min=0.5333  best=0.8000  reward=10.07
[ 4945/12000]  acc=0.7333  min=0.4000  best=0.8000  reward=10.87
[ 4946/12000]  acc=0.7333  min=0.5333  best=0.8000  reward=10.33
[ 4947/12000]  acc=0.6667  min=0.5333  best=0.8000  reward=10.13
[ 4948/12000]  acc=0.7333  min=0.4667  best=0.8000  reward=10.60
[ 4949/12000]  acc=0.7333  min=0.3333  best=0.8000  reward=10.33
[ 4950/12000]  acc=0.7333  min=0.4667  best=0.8000  reward=10.27
[ 4951/12000]  acc=0.8000  min=0.3333  best=0.8000  reward=11.20
[ 4952/12000]  acc=0.7333  min=0.3333  best=0.8000  reward=10.20
[ 4953/12000]  acc=0.8000  min=0.3333  best=0.8000  reward=10.80
[ 4954/12000]  acc=0.7333  min=0.6667  best=0.8000  reward=10.80
[ 4955/12000]  acc=0.6667  min=0.5333  best=0.8000  reward=10.40
[ 4956/12000]  acc=0.6667  min=0.5333  best=0.8000  reward=9.93
[ 4957/12000]  acc=0.7333  min=0.5333  best=0.8000  reward=10.67
[ 4958/12000]  acc=0.8000  min=0.3333  best=0.8000  reward=11.00
[ 4959/12000]  acc=0.6667  min=0.4000  best=0.8000  reward=9.67
[ 4960/12000]  acc=0.7333  min=0.4667  best=0.8000  reward=10.47 [ckpt]
[ 4961/12000]  acc=0.7333  min=0.5333  best=0.8000  reward=10.67
[ 4962/12000]  acc=0.8000  min=0.4667  best=0.8000  reward=11.33
[ 4963/12000]  acc=0.7333  min=0.4000  best=0.8000  reward=10.40
[ 4964/12000]  acc=0.7333  min=0.6000  best=0.8000  reward=10.73
[ 4965/12000]  acc=0.8000  min=0.4667  best=0.8000  reward=11.33
[ 4966/12000]  acc=0.6667  min=0.4000  best=0.8000  reward=9.87
[ 4967/12000]  acc=0.8000  min=0.3333  best=0.8000  reward=10.67
[ 4968/12000]  acc=0.7333  min=0.5333  best=0.8000  reward=10.87
[ 4969/12000]  acc=0.6667  min=0.4667  best=0.8000  reward=10.13
[ 4970/12000]  acc=0.6667  min=0.4000  best=0.8000  reward=10.07
[ 4971/12000]  acc=0.6667  min=0.5333  best=0.8000  reward=10.40
[ 4972/12000]  acc=0.6667  min=0.5333  best=0.8000  reward=9.93
[ 4973/12000]  acc=0.6667  min=0.4667  best=0.8000  reward=10.27
[ 4974/12000]  acc=0.7333  min=0.5333  best=0.8000  reward=10.47
[ 4975/12000]  acc=0.7333  min=0.3333  best=0.8000  reward=10.47
[ 4976/12000]  acc=0.8000  min=0.4667  best=0.8000  reward=11.00
[ 4977/12000]  acc=0.7333  min=0.4000  best=0.8000  reward=10.53
[ 4978/12000]  acc=0.7333  min=0.4667  best=0.8000  reward=10.20
[ 4979/12000]  acc=0.7333  min=0.4000  best=0.8000  reward=10.20
[ 4980/12000]  acc=0.7333  min=0.4667  best=0.8000  reward=10.60 [ckpt]
[ 4981/12000]  acc=0.8000  min=0.4000  best=0.8000  reward=11.07
[ 4982/12000]  acc=0.7333  min=0.4000  best=0.8000  reward=10.40
[ 4983/12000]  acc=0.7333  min=0.5333  best=0.8000  reward=11.07
[ 4984/12000]  acc=0.7333  min=0.5333  best=0.8000  reward=10.80
[ 4985/12000]  acc=0.6667  min=0.4000  best=0.8000  reward=10.00
[ 4986/12000]  acc=0.6667  min=0.4000  best=0.8000  reward=10.00
[ 4987/12000]  acc=0.7333  min=0.4000  best=0.8000  reward=10.47
[ 4988/12000]  acc=0.6667  min=0.5333  best=0.8000  reward=10.07
[ 4989/12000]  acc=0.7333  min=0.4667  best=0.8000  reward=10.67
[ 4990/12000]  acc=0.8000  min=0.5333  best=0.8000  reward=11.20
[ 4991/12000]  acc=0.7333  min=0.4667  best=0.8000  reward=10.60
[ 4992/12000]  acc=0.7333  min=0.5333  best=0.8000  reward=10.53
[ 4993/12000]  acc=0.7333  min=0.4667  best=0.8000  reward=10.53
[ 4994/12000]  acc=0.6667  min=0.4000  best=0.8000  reward=9.93
[ 4995/12000]  acc=0.7333  min=0.4000  best=0.8000  reward=10.60
[ 4996/12000]  acc=0.6667  min=0.5333  best=0.8000  reward=10.40
[ 4997/12000]  acc=0.8000  min=0.4667  best=0.8000  reward=10.20
[ 4998/12000]  acc=0.8000  min=0.4000  best=0.8000  reward=10.80
[ 4999/12000]  acc=0.7333  min=0.5333  best=0.8000  reward=10.60
[ 5000/12000]  acc=0.6667  min=0.4667  best=0.8000  reward=9.73 [ckpt]
[ 5001/12000]  acc=0.7333  min=0.4000  best=0.8000  reward=11.07
[ 5002/12000]  acc=0.6667  min=0.5333  best=0.8000  reward=9.73
[ 5003/12000]  acc=0.8000  min=0.4000  best=0.8000  reward=10.33
[ 5004/12000]  acc=0.7333  min=0.5333  best=0.8000  reward=10.47
[ 5005/12000]  acc=0.8000  min=0.6000  best=0.8000  reward=10.80
[ 5006/12000]  acc=0.8000  min=0.4667  best=0.8000  reward=10.47
[ 5007/12000]  acc=0.7333  min=0.4667  best=0.8000  reward=10.13
[ 5008/12000]  acc=0.8000  min=0.4667  best=0.8000  reward=10.53
[ 5009/12000]  acc=0.8000  min=0.4667  best=0.8000  reward=10.93
[ 5010/12000]  acc=0.6667  min=0.5333  best=0.8000  reward=9.80
[ 5011/12000]  acc=0.7333  min=0.5333  best=0.8000  reward=10.60
[ 5012/12000]  acc=0.6667  min=0.4000  best=0.8000  reward=10.13
[ 5013/12000]  acc=0.7333  min=0.4667  best=0.8000  reward=10.47
[ 5014/12000]  acc=0.6667  min=0.4667  best=0.8000  reward=10.47
[ 5015/12000]  acc=0.8000  min=0.5333  best=0.8000  reward=10.93
[ 5016/12000]  acc=0.8000  min=0.5333  best=0.8000  reward=11.13
[ 5017/12000]  acc=0.6667  min=0.4000  best=0.8000  reward=9.60
[ 5018/12000]  acc=0.7333  min=0.4667  best=0.8000  reward=10.67
[ 5019/12000]  acc=0.7333  min=0.5333  best=0.8000  reward=11.27
[ 5020/12000]  acc=0.6667  min=0.4667  best=0.8000  reward=10.20 [ckpt]
[ 5021/12000]  acc=0.8000  min=0.4667  best=0.8000  reward=11.27
[ 5022/12000]  acc=0.6667  min=0.4667  best=0.8000  reward=10.20
[ 5023/12000]  acc=0.8000  min=0.5333  best=0.8000  reward=11.00
[ 5024/12000]  acc=0.7333  min=0.5333  best=0.8000  reward=10.67
[ 5025/12000]  acc=0.7333  min=0.6000  best=0.8000  reward=10.60
[ 5026/12000]  acc=0.8000  min=0.3333  best=0.8000  reward=10.33
[ 5027/12000]  acc=0.7333  min=0.5333  best=0.8000  reward=10.27
[ 5028/12000]  acc=0.8000  min=0.6000  best=0.8000  reward=11.47
[ 5029/12000]  acc=0.8000  min=0.4667  best=0.8000  reward=11.13
[ 5030/12000]  acc=0.8000  min=0.4667  best=0.8000  reward=10.93
[ 5031/12000]  acc=0.8000  min=0.5333  best=0.8000  reward=11.20
[ 5032/12000]  acc=0.8000  min=0.6000  best=0.8000  reward=10.80
[ 5033/12000]  acc=0.6667  min=0.6000  best=0.8000  reward=10.27
[ 5034/12000]  acc=0.8000  min=0.4667  best=0.8000  reward=11.07
[ 5035/12000]  acc=0.7333  min=0.4667  best=0.8000  reward=11.20
[ 5036/12000]  acc=0.7333  min=0.4667  best=0.8000  reward=10.67
[ 5037/12000]  acc=0.7333  min=0.4000  best=0.8000  reward=10.47
[ 5038/12000]  acc=0.7333  min=0.4667  best=0.8000  reward=10.60
[ 5039/12000]  acc=0.7333  min=0.4000  best=0.8000  reward=10.53
[ 5040/12000]  acc=0.8000  min=0.4000  best=0.8000  reward=11.20 [ckpt]
[ 5041/12000]  acc=0.7333  min=0.5333  best=0.8000  reward=10.40
[ 5042/12000]  acc=0.8000  min=0.4000  best=0.8000  reward=10.40
[ 5043/12000]  acc=0.7333  min=0.4000  best=0.8000  reward=10.47
[ 5044/12000]  acc=0.7333  min=0.5333  best=0.8000  reward=10.73
[ 5045/12000]  acc=0.7333  min=0.6000  best=0.8000  reward=10.87
[ 5046/12000]  acc=0.7333  min=0.5333  best=0.8000  reward=10.80
[ 5047/12000]  acc=0.8000  min=0.5333  best=0.8000  reward=10.87
[ 5048/12000]  acc=0.7333  min=0.4000  best=0.8000  reward=10.47
[ 5049/12000]  acc=0.6667  min=0.4667  best=0.8000  reward=9.87
[ 5050/12000]  acc=0.7333  min=0.6000  best=0.8000  reward=10.80
[ 5051/12000]  acc=0.6667  min=0.3333  best=0.8000  reward=10.00
[ 5052/12000]  acc=0.8000  min=0.4667  best=0.8000  reward=11.27
[ 5053/12000]  acc=0.7333  min=0.5333  best=0.8000  reward=11.20
[ 5054/12000]  acc=0.8000  min=0.4000  best=0.8000  reward=11.13
[ 5055/12000]  acc=0.8000  min=0.4667  best=0.8000  reward=10.87
[ 5056/12000]  acc=0.7333  min=0.4667  best=0.8000  reward=10.53
[ 5057/12000]  acc=0.7333  min=0.6000  best=0.8000  reward=11.13
[ 5058/12000]  acc=0.8000  min=0.4667  best=0.8000  reward=11.07
[ 5059/12000]  acc=0.7333  min=0.4667  best=0.8000  reward=10.47
[ 5060/12000]  acc=0.6667  min=0.5333  best=0.8000  reward=9.80 [ckpt]
[ 5061/12000]  acc=0.6667  min=0.5333  best=0.8000  reward=10.13
[ 5062/12000]  acc=0.7333  min=0.4667  best=0.8000  reward=10.73
[ 5063/12000]  acc=0.7333  min=0.5333  best=0.8000  reward=10.67
[ 5064/12000]  acc=0.8000  min=0.4667  best=0.8000  reward=11.20
[ 5065/12000]  acc=0.8000  min=0.4667  best=0.8000  reward=11.33
[ 5066/12000]  acc=0.7333  min=0.4667  best=0.8000  reward=10.40
[ 5067/12000]  acc=0.7333  min=0.5333  best=0.8000  reward=10.93
[ 5068/12000]  acc=0.8000  min=0.4000  best=0.8000  reward=11.13
[ 5069/12000]  acc=0.7333  min=0.4667  best=0.8000  reward=11.20
[ 5070/12000]  acc=0.8000  min=0.4000  best=0.8000  reward=10.87
[ 5071/12000]  acc=0.7333  min=0.4667  best=0.8000  reward=10.53
[ 5072/12000]  acc=0.7333  min=0.6000  best=0.8000  reward=10.67
[ 5073/12000]  acc=0.7333  min=0.4000  best=0.8000  reward=10.53
[ 5074/12000]  acc=0.7333  min=0.4000  best=0.8000  reward=10.53
[ 5075/12000]  acc=0.7333  min=0.3333  best=0.8000  reward=10.40
[ 5076/12000]  acc=0.7333  min=0.5333  best=0.8000  reward=10.60
[ 5077/12000]  acc=0.7333  min=0.4000  best=0.8000  reward=10.40
[ 5078/12000]  acc=0.6667  min=0.5333  best=0.8000  reward=10.20
[ 5079/12000]  acc=0.7333  min=0.5333  best=0.8000  reward=10.67
[ 5080/12000]  acc=0.7333  min=0.4000  best=0.8000  reward=9.87 [ckpt]
[ 5081/12000]  acc=0.8000  min=0.4000  best=0.8000  reward=11.47
[ 5082/12000]  acc=0.7333  min=0.4667  best=0.8000  reward=10.53
[ 5083/12000]  acc=0.7333  min=0.4667  best=0.8000  reward=10.53
[ 5084/12000]  acc=0.8000  min=0.5333  best=0.8000  reward=11.27
[ 5085/12000]  acc=0.7333  min=0.4667  best=0.8000  reward=10.67
[ 5086/12000]  acc=0.7333  min=0.4667  best=0.8000  reward=10.87
[ 5087/12000]  acc=0.7333  min=0.4000  best=0.8000  reward=10.60
[ 5088/12000]  acc=0.7333  min=0.5333  best=0.8000  reward=11.00
[ 5089/12000]  acc=0.7333  min=0.4000  best=0.8000  reward=10.27
[ 5090/12000]  acc=0.7333  min=0.2667  best=0.8000  reward=10.33
[ 5091/12000]  acc=0.6667  min=0.5333  best=0.8000  reward=9.93
[ 5092/12000]  acc=0.6667  min=0.5333  best=0.8000  reward=9.87
[ 5093/12000]  acc=0.7333  min=0.5333  best=0.8000  reward=10.27
[ 5094/12000]  acc=0.6667  min=0.4667  best=0.8000  reward=9.73
[ 5095/12000]  acc=0.7333  min=0.3333  best=0.8000  reward=10.27
[ 5096/12000]  acc=0.7333  min=0.4000  best=0.8000  reward=10.00
[ 5097/12000]  acc=0.7333  min=0.4000  best=0.8000  reward=10.53
[ 5098/12000]  acc=0.6667  min=0.4667  best=0.8000  reward=9.93
[ 5099/12000]  acc=0.7333  min=0.4667  best=0.8000  reward=10.33
[ 5100/12000]  acc=0.7333  min=0.5333  best=0.8000  reward=10.67 [ckpt]
[ 5101/12000]  acc=0.6667  min=0.5333  best=0.8000  reward=10.13
[ 5102/12000]  acc=0.7333  min=0.6000  best=0.8000  reward=10.73
[ 5103/12000]  acc=0.8000  min=0.5333  best=0.8000  reward=10.53
[ 5104/12000]  acc=0.6667  min=0.6000  best=0.8000  reward=10.07
[ 5105/12000]  acc=0.6667  min=0.4667  best=0.8000  reward=9.93
[ 5106/12000]  acc=0.6667  min=0.4667  best=0.8000  reward=10.20
[ 5107/12000]  acc=0.8000  min=0.4667  best=0.8000  reward=10.87
[ 5108/12000]  acc=0.6667  min=0.5333  best=0.8000  reward=9.93
[ 5109/12000]  acc=0.6667  min=0.4667  best=0.8000  reward=9.93
[ 5110/12000]  acc=0.6667  min=0.4000  best=0.8000  reward=9.73
[ 5111/12000]  acc=0.7333  min=0.6000  best=0.8000  reward=10.73
[ 5112/12000]  acc=0.8000  min=0.6000  best=0.8000  reward=11.33
[ 5113/12000]  acc=0.7333  min=0.4000  best=0.8000  reward=10.67
[ 5114/12000]  acc=0.7333  min=0.5333  best=0.8000  reward=10.47
[ 5115/12000]  acc=0.7333  min=0.2667  best=0.8000  reward=10.27
[ 5116/12000]  acc=0.7333  min=0.4667  best=0.8000  reward=10.73
[ 5117/12000]  acc=0.8000  min=0.4667  best=0.8000  reward=10.67
[ 5118/12000]  acc=0.8000  min=0.4000  best=0.8000  reward=10.87
[ 5119/12000]  acc=0.6667  min=0.4667  best=0.8000  reward=9.80
[ 5120/12000]  acc=0.7333  min=0.5333  best=0.8000  reward=10.60 [ckpt]
[ 5121/12000]  acc=0.6667  min=0.6000  best=0.8000  reward=9.93
[ 5122/12000]  acc=0.7333  min=0.4667  best=0.8000  reward=10.40
[ 5123/12000]  acc=0.7333  min=0.5333  best=0.8000  reward=11.40
[ 5124/12000]  acc=0.7333  min=0.4667  best=0.8000  reward=10.53
[ 5125/12000]  acc=0.7333  min=0.4667  best=0.8000  reward=10.20
[ 5126/12000]  acc=0.8000  min=0.2667  best=0.8000  reward=10.67
[ 5127/12000]  acc=0.7333  min=0.4667  best=0.8000  reward=10.60
[ 5128/12000]  acc=0.8000  min=0.6667  best=0.8000  reward=11.67
[ 5129/12000]  acc=0.6667  min=0.4000  best=0.8000  reward=10.33
[ 5130/12000]  acc=0.7333  min=0.4667  best=0.8000  reward=10.47
[ 5131/12000]  acc=0.8000  min=0.4000  best=0.8000  reward=10.73
[ 5132/12000]  acc=0.7333  min=0.3333  best=0.8000  reward=10.20
[ 5133/12000]  acc=0.7333  min=0.5333  best=0.8000  reward=10.87
[ 5134/12000]  acc=0.7333  min=0.4000  best=0.8000  reward=10.40
[ 5135/12000]  acc=0.8000  min=0.4667  best=0.8000  reward=11.27
[ 5136/12000]  acc=0.7333  min=0.4667  best=0.8000  reward=10.13
[ 5137/12000]  acc=0.7333  min=0.5333  best=0.8000  reward=10.40
[ 5138/12000]  acc=0.7333  min=0.4667  best=0.8000  reward=11.20
[ 5139/12000]  acc=0.7333  min=0.4000  best=0.8000  reward=10.60
[ 5140/12000]  acc=0.8000  min=0.3333  best=0.8000  reward=10.60 [ckpt]
[ 5141/12000]  acc=0.7333  min=0.4000  best=0.8000  reward=10.33
[ 5142/12000]  acc=0.7333  min=0.5333  best=0.8000  reward=10.67
[ 5143/12000]  acc=0.8000  min=0.6000  best=0.8000  reward=11.20
[ 5144/12000]  acc=0.8000  min=0.5333  best=0.8000  reward=11.40
[ 5145/12000]  acc=0.6667  min=0.4667  best=0.8000  reward=9.60
[ 5146/12000]  acc=0.8000  min=0.5333  best=0.8000  reward=11.00
[ 5147/12000]  acc=0.7333  min=0.5333  best=0.8000  reward=10.67
[ 5148/12000]  acc=0.8000  min=0.5333  best=0.8000  reward=10.87
[ 5149/12000]  acc=0.7333  min=0.4000  best=0.8000  reward=10.53
[ 5150/12000]  acc=0.7333  min=0.4000  best=0.8000  reward=10.53
[ 5151/12000]  acc=0.7333  min=0.4667  best=0.8000  reward=10.47
[ 5152/12000]  acc=0.7333  min=0.3333  best=0.8000  reward=10.07
[ 5153/12000]  acc=0.6667  min=0.4000  best=0.8000  reward=9.73
[ 5154/12000]  acc=0.7333  min=0.4667  best=0.8000  reward=10.73
[ 5155/12000]  acc=0.8000  min=0.3333  best=0.8000  reward=10.13
[ 5156/12000]  acc=0.7333  min=0.4000  best=0.8000  reward=10.80
[ 5157/12000]  acc=0.7333  min=0.4000  best=0.8000  reward=10.47
[ 5158/12000]  acc=0.8000  min=0.4667  best=0.8000  reward=10.27
[ 5159/12000]  acc=0.7333  min=0.4000  best=0.8000  reward=10.53
[ 5160/12000]  acc=0.7333  min=0.4000  best=0.8000  reward=10.47 [ckpt]
[ 5161/12000]  acc=0.6667  min=0.5333  best=0.8000  reward=9.87
[ 5162/12000]  acc=0.6667  min=0.5333  best=0.8000  reward=9.87
[ 5163/12000]  acc=0.8000  min=0.4667  best=0.8000  reward=10.60
[ 5164/12000]  acc=0.7333  min=0.5333  best=0.8000  reward=10.60
[ 5165/12000]  acc=0.7333  min=0.4667  best=0.8000  reward=10.47
[ 5166/12000]  acc=0.7333  min=0.4000  best=0.8000  reward=10.47
[ 5167/12000]  acc=0.7333  min=0.4000  best=0.8000  reward=10.33
[ 5168/12000]  acc=0.7333  min=0.4000  best=0.8000  reward=10.47
[ 5169/12000]  acc=0.7333  min=0.6000  best=0.8000  reward=10.20
[ 5170/12000]  acc=0.6667  min=0.4000  best=0.8000  reward=9.80
[ 5171/12000]  acc=0.6667  min=0.4000  best=0.8000  reward=9.67
[ 5172/12000]  acc=0.8000  min=0.3333  best=0.8000  reward=10.40
[ 5173/12000]  acc=0.8000  min=0.4667  best=0.8000  reward=11.40
[ 5174/12000]  acc=0.6667  min=0.6000  best=0.8000  reward=11.07
[ 5175/12000]  acc=0.7333  min=0.6000  best=0.8000  reward=10.67
[ 5176/12000]  acc=0.7333  min=0.5333  best=0.8000  reward=11.27
[ 5177/12000]  acc=0.7333  min=0.6000  best=0.8000  reward=11.13
[ 5178/12000]  acc=0.6667  min=0.4000  best=0.8000  reward=9.80
[ 5179/12000]  acc=0.8000  min=0.6000  best=0.8000  reward=10.87
[ 5180/12000]  acc=0.6667  min=0.4667  best=0.8000  reward=10.07 [ckpt]
[ 5181/12000]  acc=0.6667  min=0.4667  best=0.8000  reward=10.87
[ 5182/12000]  acc=0.6667  min=0.5333  best=0.8000  reward=10.60
[ 5183/12000]  acc=0.8000  min=0.2667  best=0.8000  reward=11.13
[ 5184/12000]  acc=0.8000  min=0.4667  best=0.8000  reward=10.80
[ 5185/12000]  acc=0.7333  min=0.4667  best=0.8000  reward=10.87
[ 5186/12000]  acc=0.8000  min=0.5333  best=0.8000  reward=11.00
[ 5187/12000]  acc=0.7333  min=0.4000  best=0.8000  reward=11.07
[ 5188/12000]  acc=0.8000  min=0.5333  best=0.8000  reward=11.20
[ 5189/12000]  acc=0.6667  min=0.4667  best=0.8000  reward=10.27
[ 5190/12000]  acc=0.8000  min=0.5333  best=0.8000  reward=10.93
[ 5191/12000]  acc=0.7333  min=0.5333  best=0.8000  reward=10.60
[ 5192/12000]  acc=0.8000  min=0.4667  best=0.8000  reward=11.13
[ 5193/12000]  acc=0.8000  min=0.5333  best=0.8000  reward=11.27
[ 5194/12000]  acc=0.6667  min=0.4667  best=0.8000  reward=10.53
[ 5195/12000]  acc=0.6667  min=0.5333  best=0.8000  reward=10.00
[ 5196/12000]  acc=0.7333  min=0.4667  best=0.8000  reward=10.27
[ 5197/12000]  acc=0.7333  min=0.2667  best=0.8000  reward=10.27
[ 5198/12000]  acc=0.7333  min=0.4000  best=0.8000  reward=10.40
[ 5199/12000]  acc=0.8000  min=0.5333  best=0.8000  reward=11.33
[ 5200/12000]  acc=0.8000  min=0.4667  best=0.8000  reward=10.73 [ckpt]
[ 5201/12000]  acc=0.6667  min=0.4667  best=0.8000  reward=10.53
[ 5202/12000]  acc=0.7333  min=0.4667  best=0.8000  reward=10.40
[ 5203/12000]  acc=0.8000  min=0.4667  best=0.8000  reward=10.60
[ 5204/12000]  acc=0.7333  min=0.4000  best=0.8000  reward=10.60
[ 5205/12000]  acc=0.7333  min=0.4667  best=0.8000  reward=10.20
[ 5206/12000]  acc=0.8000  min=0.2667  best=0.8000  reward=10.87
[ 5207/12000]  acc=0.8000  min=0.6000  best=0.8000  reward=11.20
[ 5208/12000]  acc=0.6667  min=0.6000  best=0.8000  reward=10.53
[ 5209/12000]  acc=0.7333  min=0.4667  best=0.8000  reward=9.87
[ 5210/12000]  acc=0.7333  min=0.5333  best=0.8000  reward=10.67
[ 5211/12000]  acc=0.7333  min=0.5333  best=0.8000  reward=10.80
[ 5212/12000]  acc=0.7333  min=0.4000  best=0.8000  reward=10.53
[ 5213/12000]  acc=0.6667  min=0.5333  best=0.8000  reward=10.40
[ 5214/12000]  acc=0.6667  min=0.4667  best=0.8000  reward=9.87
[ 5215/12000]  acc=0.6667  min=0.6000  best=0.8000  reward=10.00
[ 5216/12000]  acc=0.7333  min=0.2667  best=0.8000  reward=10.07
[ 5217/12000]  acc=0.8000  min=0.6000  best=0.8000  reward=11.00
[ 5218/12000]  acc=0.7333  min=0.4000  best=0.8000  reward=10.47
[ 5219/12000]  acc=0.7333  min=0.4667  best=0.8000  reward=9.93
[ 5220/12000]  acc=0.7333  min=0.4667  best=0.8000  reward=10.53 [ckpt]
[ 5221/12000]  acc=0.7333  min=0.5333  best=0.8000  reward=10.60
[ 5222/12000]  acc=0.7333  min=0.4667  best=0.8000  reward=10.67
[ 5223/12000]  acc=0.6667  min=0.4667  best=0.8000  reward=9.67
[ 5224/12000]  acc=0.7333  min=0.4000  best=0.8000  reward=10.67
[ 5225/12000]  acc=0.6667  min=0.5333  best=0.8000  reward=9.67
[ 5226/12000]  acc=0.8000  min=0.4667  best=0.8000  reward=11.00
[ 5227/12000]  acc=0.7333  min=0.4667  best=0.8000  reward=10.67
[ 5228/12000]  acc=0.7333  min=0.4667  best=0.8000  reward=10.13
[ 5229/12000]  acc=0.7333  min=0.4000  best=0.8000  reward=10.80
[ 5230/12000]  acc=0.6667  min=0.5333  best=0.8000  reward=10.67
[ 5231/12000]  acc=0.6667  min=0.5333  best=0.8000  reward=10.00
[ 5232/12000]  acc=0.7333  min=0.4000  best=0.8000  reward=10.47
[ 5233/12000]  acc=0.7333  min=0.5333  best=0.8000  reward=10.67
[ 5234/12000]  acc=0.7333  min=0.5333  best=0.8000  reward=10.60
[ 5235/12000]  acc=0.7333  min=0.4000  best=0.8000  reward=10.60
[ 5236/12000]  acc=0.8000  min=0.4000  best=0.8000  reward=10.40
[ 5237/12000]  acc=0.7333  min=0.4667  best=0.8000  reward=10.53
[ 5238/12000]  acc=0.6667  min=0.4000  best=0.8000  reward=9.93
[ 5239/12000]  acc=0.7333  min=0.6000  best=0.8000  reward=10.67
[ 5240/12000]  acc=0.7333  min=0.5333  best=0.8000  reward=10.60 [ckpt]
[ 5241/12000]  acc=0.6667  min=0.5333  best=0.8000  reward=10.33
[ 5242/12000]  acc=0.7333  min=0.3333  best=0.8000  reward=10.20
[ 5243/12000]  acc=0.6667  min=0.3333  best=0.8000  reward=10.47
[ 5244/12000]  acc=0.7333  min=0.4000  best=0.8000  reward=10.20
[ 5245/12000]  acc=0.7333  min=0.4000  best=0.8000  reward=10.00
[ 5246/12000]  acc=0.7333  min=0.4000  best=0.8000  reward=10.67
[ 5247/12000]  acc=0.6667  min=0.4667  best=0.8000  reward=9.67
[ 5248/12000]  acc=0.8000  min=0.6000  best=0.8000  reward=10.93
[ 5249/12000]  acc=0.6667  min=0.4000  best=0.8000  reward=10.20
[ 5250/12000]  acc=0.8000  min=0.3333  best=0.8000  reward=10.67
[ 5251/12000]  acc=0.6667  min=0.3333  best=0.8000  reward=10.87
[ 5252/12000]  acc=0.8000  min=0.4000  best=0.8000  reward=10.67
[ 5253/12000]  acc=0.7333  min=0.4000  best=0.8000  reward=10.53
[ 5254/12000]  acc=0.7333  min=0.2667  best=0.8000  reward=11.00
[ 5255/12000]  acc=0.8000  min=0.4000  best=0.8000  reward=11.13
[ 5256/12000]  acc=0.7333  min=0.4667  best=0.8000  reward=10.67
[ 5257/12000]  acc=0.7333  min=0.6000  best=0.8000  reward=11.20
[ 5258/12000]  acc=0.7333  min=0.5333  best=0.8000  reward=10.53
[ 5259/12000]  acc=0.7333  min=0.5333  best=0.8000  reward=10.80
[ 5260/12000]  acc=0.7333  min=0.4667  best=0.8000  reward=10.53 [ckpt]
[ 5261/12000]  acc=0.8000  min=0.4000  best=0.8000  reward=11.13
[ 5262/12000]  acc=0.7333  min=0.4000  best=0.8000  reward=10.47
[ 5263/12000]  acc=0.7333  min=0.6000  best=0.8000  reward=11.27
[ 5264/12000]  acc=0.8000  min=0.4667  best=0.8000  reward=11.20
[ 5265/12000]  acc=0.6667  min=0.5333  best=0.8000  reward=10.47
[ 5266/12000]  acc=0.6667  min=0.4667  best=0.8000  reward=9.80
[ 5267/12000]  acc=0.7333  min=0.4667  best=0.8000  reward=10.13
[ 5268/12000]  acc=0.7333  min=0.6000  best=0.8000  reward=10.60
[ 5269/12000]  acc=0.7333  min=0.3333  best=0.8000  reward=10.47
[ 5270/12000]  acc=0.7333  min=0.5333  best=0.8000  reward=10.80
[ 5271/12000]  acc=0.6667  min=0.4667  best=0.8000  reward=9.93
[ 5272/12000]  acc=0.7333  min=0.6000  best=0.8000  reward=10.53
[ 5273/12000]  acc=0.6667  min=0.4000  best=0.8000  reward=10.00
[ 5274/12000]  acc=0.7333  min=0.4000  best=0.8000  reward=10.33
[ 5275/12000]  acc=0.7333  min=0.5333  best=0.8000  reward=10.67
[ 5276/12000]  acc=0.7333  min=0.6000  best=0.8000  reward=10.73
[ 5277/12000]  acc=0.7333  min=0.5333  best=0.8000  reward=10.73
[ 5278/12000]  acc=0.6667  min=0.4667  best=0.8000  reward=9.93
[ 5279/12000]  acc=0.7333  min=0.5333  best=0.8000  reward=11.00
[ 5280/12000]  acc=0.6667  min=0.6000  best=0.8000  reward=10.47 [ckpt]
[ 5281/12000]  acc=0.7333  min=0.4000  best=0.8000  reward=10.47
[ 5282/12000]  acc=0.7333  min=0.4667  best=0.8000  reward=10.73
[ 5283/12000]  acc=0.6667  min=0.5333  best=0.8000  reward=9.80
[ 5284/12000]  acc=0.7333  min=0.4667  best=0.8000  reward=10.80
[ 5285/12000]  acc=0.7333  min=0.6000  best=0.8000  reward=10.80
[ 5286/12000]  acc=0.7333  min=0.4000  best=0.8000  reward=10.67
[ 5287/12000]  acc=0.6667  min=0.5333  best=0.8000  reward=10.47
[ 5288/12000]  acc=0.6667  min=0.3333  best=0.8000  reward=9.80
[ 5289/12000]  acc=0.8000  min=0.5333  best=0.8000  reward=11.13
[ 5290/12000]  acc=0.6667  min=0.4667  best=0.8000  reward=9.80
[ 5291/12000]  acc=0.7333  min=0.4667  best=0.8000  reward=10.40
[ 5292/12000]  acc=0.7333  min=0.4000  best=0.8000  reward=9.87
[ 5293/12000]  acc=0.7333  min=0.4000  best=0.8000  reward=10.47
[ 5294/12000]  acc=0.7333  min=0.4667  best=0.8000  reward=10.27
[ 5295/12000]  acc=0.7333  min=0.6000  best=0.8000  reward=10.93
[ 5296/12000]  acc=0.7333  min=0.4667  best=0.8000  reward=10.47
[ 5297/12000]  acc=0.7333  min=0.4000  best=0.8000  reward=10.60
[ 5298/12000]  acc=0.7333  min=0.5333  best=0.8000  reward=10.93
[ 5299/12000]  acc=0.7333  min=0.5333  best=0.8000  reward=10.00
[ 5300/12000]  acc=0.8000  min=0.5333  best=0.8000  reward=11.07 [ckpt]
[ 5301/12000]  acc=0.6667  min=0.4667  best=0.8000  reward=9.80
[ 5302/12000]  acc=0.8000  min=0.4667  best=0.8000  reward=11.33
[ 5303/12000]  acc=0.7333  min=0.6000  best=0.8000  reward=10.73
[ 5304/12000]  acc=0.7333  min=0.4667  best=0.8000  reward=10.73
[ 5305/12000]  acc=0.7333  min=0.4000  best=0.8000  reward=10.60
[ 5306/12000]  acc=0.7333  min=0.5333  best=0.8000  reward=11.00
[ 5307/12000]  acc=0.8000  min=0.5333  best=0.8000  reward=10.80
[ 5308/12000]  acc=0.7333  min=0.4667  best=0.8000  reward=10.67
[ 5309/12000]  acc=0.7333  min=0.3333  best=0.8000  reward=10.33
[ 5310/12000]  acc=0.7333  min=0.5333  best=0.8000  reward=10.67
[ 5311/12000]  acc=0.7333  min=0.4667  best=0.8000  reward=10.73
[ 5312/12000]  acc=0.7333  min=0.4667  best=0.8000  reward=10.53
[ 5313/12000]  acc=0.7333  min=0.5333  best=0.8000  reward=10.73
[ 5314/12000]  acc=0.8000  min=0.4000  best=0.8000  reward=10.40
[ 5315/12000]  acc=0.7333  min=0.4667  best=0.8000  reward=10.07
[ 5316/12000]  acc=0.7333  min=0.4000  best=0.8000  reward=11.00
[ 5317/12000]  acc=0.7333  min=0.5333  best=0.8000  reward=10.67
[ 5318/12000]  acc=0.7333  min=0.4667  best=0.8000  reward=10.67
[ 5319/12000]  acc=0.7333  min=0.4667  best=0.8000  reward=10.53
[ 5320/12000]  acc=0.8000  min=0.4667  best=0.8000  reward=11.27 [ckpt]
[ 5321/12000]  acc=0.7333  min=0.5333  best=0.8000  reward=10.67
[ 5322/12000]  acc=0.7333  min=0.4667  best=0.8000  reward=10.67
[ 5323/12000]  acc=0.8000  min=0.4667  best=0.8000  reward=11.33
[ 5324/12000]  acc=0.7333  min=0.5333  best=0.8000  reward=10.73
[ 5325/12000]  acc=0.6667  min=0.4000  best=0.8000  reward=10.20
[ 5326/12000]  acc=0.6667  min=0.5333  best=0.8000  reward=10.00
[ 5327/12000]  acc=0.8000  min=0.4000  best=0.8000  reward=10.87
[ 5328/12000]  acc=0.7333  min=0.4667  best=0.8000  reward=10.27
[ 5329/12000]  acc=0.6667  min=0.4667  best=0.8000  reward=10.07
[ 5330/12000]  acc=0.8000  min=0.4667  best=0.8000  reward=11.20
[ 5331/12000]  acc=0.7333  min=0.5333  best=0.8000  reward=11.13
[ 5332/12000]  acc=0.7333  min=0.5333  best=0.8000  reward=10.27
[ 5333/12000]  acc=0.8000  min=0.6000  best=0.8000  reward=10.93
[ 5334/12000]  acc=0.7333  min=0.3333  best=0.8000  reward=10.60
[ 5335/12000]  acc=0.8000  min=0.4000  best=0.8000  reward=10.67
[ 5336/12000]  acc=0.7333  min=0.4000  best=0.8000  reward=10.53
[ 5337/12000]  acc=0.7333  min=0.4667  best=0.8000  reward=10.40
[ 5338/12000]  acc=0.7333  min=0.4000  best=0.8000  reward=10.47
[ 5339/12000]  acc=0.8000  min=0.4667  best=0.8000  reward=10.87
[ 5340/12000]  acc=0.7333  min=0.4000  best=0.8000  reward=10.27 [ckpt]
[ 5341/12000]  acc=0.7333  min=0.4000  best=0.8000  reward=10.53
[ 5342/12000]  acc=0.7333  min=0.4667  best=0.8000  reward=10.80
[ 5343/12000]  acc=0.6667  min=0.4000  best=0.8000  reward=9.80
[ 5344/12000]  acc=0.6667  min=0.5333  best=0.8000  reward=10.87
[ 5345/12000]  acc=0.7333  min=0.4000  best=0.8000  reward=10.67
[ 5346/12000]  acc=0.7333  min=0.4667  best=0.8000  reward=10.47
[ 5347/12000]  acc=0.7333  min=0.4000  best=0.8000  reward=10.47
[ 5348/12000]  acc=0.7333  min=0.4000  best=0.8000  reward=10.07
[ 5349/12000]  acc=0.6667  min=0.5333  best=0.8000  reward=10.93
[ 5350/12000]  acc=0.6667  min=0.5333  best=0.8000  reward=9.80
[ 5351/12000]  acc=0.7333  min=0.6000  best=0.8000  reward=10.67
[ 5352/12000]  acc=0.7333  min=0.5333  best=0.8000  reward=10.27
[ 5353/12000]  acc=0.8000  min=0.4667  best=0.8000  reward=10.47
[ 5354/12000]  acc=0.7333  min=0.4000  best=0.8000  reward=10.53
[ 5355/12000]  acc=0.7333  min=0.4667  best=0.8000  reward=10.60
[ 5356/12000]  acc=0.7333  min=0.3333  best=0.8000  reward=10.53
[ 5357/12000]  acc=0.7333  min=0.5333  best=0.8000  reward=11.00
[ 5358/12000]  acc=0.7333  min=0.4000  best=0.8000  reward=10.13
[ 5359/12000]  acc=0.7333  min=0.6000  best=0.8000  reward=11.13
[ 5360/12000]  acc=0.7333  min=0.4000  best=0.8000  reward=10.33 [ckpt]
[ 5361/12000]  acc=0.7333  min=0.4000  best=0.8000  reward=10.53
[ 5362/12000]  acc=0.7333  min=0.5333  best=0.8000  reward=10.47
[ 5363/12000]  acc=0.7333  min=0.4000  best=0.8000  reward=10.07
[ 5364/12000]  acc=0.7333  min=0.4000  best=0.8000  reward=10.60
[ 5365/12000]  acc=0.7333  min=0.4667  best=0.8000  reward=10.20
[ 5366/12000]  acc=0.7333  min=0.4667  best=0.8000  reward=10.33
[ 5367/12000]  acc=0.7333  min=0.5333  best=0.8000  reward=10.47
[ 5368/12000]  acc=0.7333  min=0.3333  best=0.8000  reward=10.47
[ 5369/12000]  acc=0.8000  min=0.4667  best=0.8000  reward=11.47
[ 5370/12000]  acc=0.6667  min=0.4000  best=0.8000  reward=10.00
[ 5371/12000]  acc=0.6667  min=0.5333  best=0.8000  reward=10.13
[ 5372/12000]  acc=0.8000  min=0.3333  best=0.8000  reward=11.07
[ 5373/12000]  acc=0.8000  min=0.4667  best=0.8000  reward=10.87
[ 5374/12000]  acc=0.8000  min=0.4000  best=0.8000  reward=10.87
[ 5375/12000]  acc=0.8000  min=0.3333  best=0.8000  reward=10.73
[ 5376/12000]  acc=0.8000  min=0.5333  best=0.8000  reward=11.20
[ 5377/12000]  acc=0.8000  min=0.4000  best=0.8000  reward=10.87
[ 5378/12000]  acc=0.7333  min=0.4000  best=0.8000  reward=10.53
[ 5379/12000]  acc=0.7333  min=0.4667  best=0.8000  reward=10.60
[ 5380/12000]  acc=0.7333  min=0.5333  best=0.8000  reward=9.80 [ckpt]
[ 5381/12000]  acc=0.7333  min=0.4000  best=0.8000  reward=10.73
[ 5382/12000]  acc=0.7333  min=0.5333  best=0.8000  reward=10.00
[ 5383/12000]  acc=0.7333  min=0.3333  best=0.8000  reward=10.60
[ 5384/12000]  acc=0.7333  min=0.3333  best=0.8000  reward=10.40
[ 5385/12000]  acc=0.8000  min=0.6000  best=0.8000  reward=11.53
[ 5386/12000]  acc=0.6667  min=0.6000  best=0.8000  reward=10.20
[ 5387/12000]  acc=0.7333  min=0.4000  best=0.8000  reward=10.33
[ 5388/12000]  acc=0.7333  min=0.6000  best=0.8000  reward=11.00
[ 5389/12000]  acc=0.6667  min=0.4667  best=0.8000  reward=10.40
[ 5390/12000]  acc=0.7333  min=0.6000  best=0.8000  reward=11.07
[ 5391/12000]  acc=0.7333  min=0.5333  best=0.8000  reward=10.80
[ 5392/12000]  acc=0.8000  min=0.6000  best=0.8000  reward=10.87
[ 5393/12000]  acc=0.6667  min=0.4667  best=0.8000  reward=9.80
[ 5394/12000]  acc=0.7333  min=0.4667  best=0.8000  reward=10.67
[ 5395/12000]  acc=0.7333  min=0.6000  best=0.8000  reward=11.00
[ 5396/12000]  acc=0.7333  min=0.6000  best=0.8000  reward=10.73
[ 5397/12000]  acc=0.7333  min=0.4667  best=0.8000  reward=10.40
[ 5398/12000]  acc=0.6667  min=0.4000  best=0.8000  reward=9.93
[ 5399/12000]  acc=0.7333  min=0.5333  best=0.8000  reward=10.53
[ 5400/12000]  acc=0.8000  min=0.5333  best=0.8000  reward=10.87 [ckpt]
[ 5401/12000]  acc=0.8000  min=0.4667  best=0.8000  reward=10.53
[ 5402/12000]  acc=0.7333  min=0.4000  best=0.8000  reward=10.80
[ 5403/12000]  acc=0.8000  min=0.4000  best=0.8000  reward=10.40
[ 5404/12000]  acc=0.8000  min=0.4667  best=0.8000  reward=11.00
[ 5405/12000]  acc=0.8000  min=0.3333  best=0.8000  reward=11.33
[ 5406/12000]  acc=0.7333  min=0.4667  best=0.8000  reward=10.53
[ 5407/12000]  acc=0.7333  min=0.5333  best=0.8000  reward=10.53
[ 5408/12000]  acc=0.7333  min=0.6000  best=0.8000  reward=10.93
[ 5409/12000]  acc=0.7333  min=0.4667  best=0.8000  reward=10.20
[ 5410/12000]  acc=0.7333  min=0.4667  best=0.8000  reward=10.27
[ 5411/12000]  acc=0.6667  min=0.5333  best=0.8000  reward=9.87
[ 5412/12000]  acc=0.8000  min=0.4000  best=0.8000  reward=11.13
[ 5413/12000]  acc=0.8000  min=0.4000  best=0.8000  reward=11.40
[ 5414/12000]  acc=0.8000  min=0.6000  best=0.8000  reward=11.00
[ 5415/12000]  acc=0.7333  min=0.4667  best=0.8000  reward=10.80
[ 5416/12000]  acc=0.8000  min=0.4667  best=0.8000  reward=11.27
[ 5417/12000]  acc=0.7333  min=0.5333  best=0.8000  reward=10.33
[ 5418/12000]  acc=0.7333  min=0.6000  best=0.8000  reward=10.47
[ 5419/12000]  acc=0.7333  min=0.4667  best=0.8000  reward=10.47
[ 5420/12000]  acc=0.7333  min=0.4667  best=0.8000  reward=11.00 [ckpt]
[ 5421/12000]  acc=0.8000  min=0.5333  best=0.8000  reward=11.20
[ 5422/12000]  acc=0.7333  min=0.4667  best=0.8000  reward=10.53
[ 5423/12000]  acc=0.7333  min=0.5333  best=0.8000  reward=10.87
[ 5424/12000]  acc=0.8000  min=0.5333  best=0.8000  reward=11.60
[ 5425/12000]  acc=0.7333  min=0.4000  best=0.8000  reward=10.00
[ 5426/12000]  acc=0.7333  min=0.3333  best=0.8000  reward=10.53
[ 5427/12000]  acc=0.8000  min=0.4000  best=0.8000  reward=10.40
[ 5428/12000]  acc=0.7333  min=0.4667  best=0.8000  reward=10.33
[ 5429/12000]  acc=0.7333  min=0.4000  best=0.8000  reward=10.87
[ 5430/12000]  acc=0.7333  min=0.5333  best=0.8000  reward=10.53
[ 5431/12000]  acc=0.7333  min=0.5333  best=0.8000  reward=10.73
[ 5432/12000]  acc=0.7333  min=0.3333  best=0.8000  reward=10.27
[ 5433/12000]  acc=0.7333  min=0.4667  best=0.8000  reward=10.87
[ 5434/12000]  acc=0.8000  min=0.4000  best=0.8000  reward=10.80
[ 5435/12000]  acc=0.7333  min=0.5333  best=0.8000  reward=10.40
[ 5436/12000]  acc=0.6667  min=0.4667  best=0.8000  reward=9.87
[ 5437/12000]  acc=0.7333  min=0.4000  best=0.8000  reward=10.27
[ 5438/12000]  acc=0.7333  min=0.4667  best=0.8000  reward=10.53
[ 5439/12000]  acc=0.8000  min=0.4667  best=0.8000  reward=11.33
[ 5440/12000]  acc=0.7333  min=0.4000  best=0.8000  reward=10.47 [ckpt]
[ 5441/12000]  acc=0.7333  min=0.4667  best=0.8000  reward=10.47
[ 5442/12000]  acc=0.6667  min=0.4667  best=0.8000  reward=10.73
[ 5443/12000]  acc=0.8000  min=0.5333  best=0.8000  reward=10.40
[ 5444/12000]  acc=0.7333  min=0.4000  best=0.8000  reward=10.40
[ 5445/12000]  acc=0.8000  min=0.4667  best=0.8000  reward=11.00
[ 5446/12000]  acc=0.8000  min=0.4000  best=0.8000  reward=10.07
[ 5447/12000]  acc=0.8000  min=0.4667  best=0.8000  reward=10.93
[ 5448/12000]  acc=0.8000  min=0.5333  best=0.8000  reward=10.67
[ 5449/12000]  acc=0.8000  min=0.4000  best=0.8000  reward=10.53
[ 5450/12000]  acc=0.7333  min=0.4000  best=0.8000  reward=9.93
[ 5451/12000]  acc=0.8000  min=0.5333  best=0.8000  reward=11.33
[ 5452/12000]  acc=0.7333  min=0.4667  best=0.8000  reward=10.73
[ 5453/12000]  acc=0.8000  min=0.4667  best=0.8000  reward=10.67
[ 5454/12000]  acc=0.7333  min=0.4667  best=0.8000  reward=10.67
[ 5455/12000]  acc=0.7333  min=0.4000  best=0.8000  reward=11.07
[ 5456/12000]  acc=0.6667  min=0.4000  best=0.8000  reward=10.67
[ 5457/12000]  acc=0.6667  min=0.4667  best=0.8000  reward=10.13
[ 5458/12000]  acc=0.8000  min=0.4000  best=0.8000  reward=10.67
[ 5459/12000]  acc=0.6667  min=0.4000  best=0.8000  reward=9.60
[ 5460/12000]  acc=0.8000  min=0.4667  best=0.8000  reward=11.07 [ckpt]
[ 5461/12000]  acc=0.8000  min=0.6000  best=0.8000  reward=10.40
[ 5462/12000]  acc=0.8000  min=0.6000  best=0.8000  reward=11.20
[ 5463/12000]  acc=0.7333  min=0.4667  best=0.8000  reward=10.40
[ 5464/12000]  acc=0.7333  min=0.4000  best=0.8000  reward=10.60
[ 5465/12000]  acc=0.7333  min=0.4667  best=0.8000  reward=10.53
[ 5466/12000]  acc=0.7333  min=0.4667  best=0.8000  reward=10.53
[ 5467/12000]  acc=0.7333  min=0.5333  best=0.8000  reward=10.60
[ 5468/12000]  acc=0.7333  min=0.4000  best=0.8000  reward=10.33
[ 5469/12000]  acc=0.7333  min=0.4667  best=0.8000  reward=10.47
[ 5470/12000]  acc=0.6667  min=0.3333  best=0.8000  reward=10.27
[ 5471/12000]  acc=0.7333  min=0.5333  best=0.8000  reward=10.67
[ 5472/12000]  acc=0.7333  min=0.6000  best=0.8000  reward=10.87
[ 5473/12000]  acc=0.7333  min=0.6000  best=0.8000  reward=11.00
[ 5474/12000]  acc=0.6667  min=0.5333  best=0.8000  reward=10.40
[ 5475/12000]  acc=0.8000  min=0.4667  best=0.8000  reward=11.13
[ 5476/12000]  acc=0.6667  min=0.4000  best=0.8000  reward=10.47
[ 5477/12000]  acc=0.7333  min=0.5333  best=0.8000  reward=10.53
[ 5478/12000]  acc=0.7333  min=0.4667  best=0.8000  reward=10.47
[ 5479/12000]  acc=0.7333  min=0.4667  best=0.8000  reward=10.47
[ 5480/12000]  acc=0.7333  min=0.4000  best=0.8000  reward=10.73 [ckpt]
[ 5481/12000]  acc=0.6667  min=0.6000  best=0.8000  reward=11.47
[ 5482/12000]  acc=0.7333  min=0.4667  best=0.8000  reward=10.53
[ 5483/12000]  acc=0.7333  min=0.4000  best=0.8000  reward=10.47
[ 5484/12000]  acc=0.7333  min=0.5333  best=0.8000  reward=10.80
[ 5485/12000]  acc=0.8000  min=0.4667  best=0.8000  reward=11.33
[ 5486/12000]  acc=0.7333  min=0.6000  best=0.8000  reward=10.80
[ 5487/12000]  acc=0.8000  min=0.4667  best=0.8000  reward=11.07
[ 5488/12000]  acc=0.7333  min=0.4667  best=0.8000  reward=10.60
[ 5489/12000]  acc=0.8000  min=0.4667  best=0.8000  reward=11.20
[ 5490/12000]  acc=0.8000  min=0.5333  best=0.8000  reward=10.73
[ 5491/12000]  acc=0.7333  min=0.5333  best=0.8000  reward=11.00
[ 5492/12000]  acc=0.8000  min=0.4000  best=0.8000  reward=10.93
[ 5493/12000]  acc=0.8000  min=0.3333  best=0.8000  reward=11.07
[ 5494/12000]  acc=0.7333  min=0.4667  best=0.8000  reward=10.47
[ 5495/12000]  acc=0.7333  min=0.5333  best=0.8000  reward=11.07
[ 5496/12000]  acc=0.8000  min=0.4667  best=0.8000  reward=11.00
[ 5497/12000]  acc=0.8000  min=0.5333  best=0.8000  reward=11.33
[ 5498/12000]  acc=0.6667  min=0.4000  best=0.8000  reward=10.53
[ 5499/12000]  acc=0.7333  min=0.5333  best=0.8000  reward=11.33
[ 5500/12000]  acc=0.7333  min=0.4667  best=0.8000  reward=10.53 [ckpt]
[ 5501/12000]  acc=0.8000  min=0.4667  best=0.8000  reward=10.40
[ 5502/12000]  acc=0.7333  min=0.4667  best=0.8000  reward=10.53
[ 5503/12000]  acc=0.8000  min=0.5333  best=0.8000  reward=10.80
[ 5504/12000]  acc=0.8000  min=0.5333  best=0.8000  reward=10.93
[ 5505/12000]  acc=0.7333  min=0.5333  best=0.8000  reward=10.53
[ 5506/12000]  acc=0.7333  min=0.4667  best=0.8000  reward=10.80
[ 5507/12000]  acc=0.8000  min=0.4667  best=0.8000  reward=10.93
[ 5508/12000]  acc=0.8000  min=0.4000  best=0.8000  reward=10.87
[ 5509/12000]  acc=0.7333  min=0.5333  best=0.8000  reward=10.80
[ 5510/12000]  acc=0.7333  min=0.4000  best=0.8000  reward=10.53
[ 5511/12000]  acc=0.7333  min=0.6000  best=0.8000  reward=11.20
[ 5512/12000]  acc=0.8000  min=0.4000  best=0.8000  reward=11.27
[ 5513/12000]  acc=0.7333  min=0.5333  best=0.8000  reward=11.07
[ 5514/12000]  acc=0.8000  min=0.5333  best=0.8000  reward=11.00
[ 5515/12000]  acc=0.8000  min=0.4667  best=0.8000  reward=11.07
[ 5516/12000]  acc=0.8000  min=0.5333  best=0.8000  reward=11.13
[ 5517/12000]  acc=0.6667  min=0.4000  best=0.8000  reward=9.87
[ 5518/12000]  acc=0.8000  min=0.5333  best=0.8000  reward=11.07
[ 5519/12000]  acc=0.8000  min=0.5333  best=0.8000  reward=11.00
[ 5520/12000]  acc=0.6667  min=0.4667  best=0.8000  reward=9.80 [ckpt]
[ 5521/12000]  acc=0.7333  min=0.4667  best=0.8000  reward=10.47
[ 5522/12000]  acc=0.6667  min=0.6000  best=0.8000  reward=9.87
[ 5523/12000]  acc=0.8000  min=0.4667  best=0.8000  reward=11.27
[ 5524/12000]  acc=0.7333  min=0.4667  best=0.8000  reward=10.80
[ 5525/12000]  acc=0.6667  min=0.6667  best=0.8000  reward=10.40
[ 5526/12000]  acc=0.6667  min=0.4667  best=0.8000  reward=10.40
[ 5527/12000]  acc=0.7333  min=0.5333  best=0.8000  reward=10.87
[ 5528/12000]  acc=0.8000  min=0.4667  best=0.8000  reward=11.07
[ 5529/12000]  acc=0.7333  min=0.5333  best=0.8000  reward=10.80
[ 5530/12000]  acc=0.8000  min=0.5333  best=0.8000  reward=11.47
[ 5531/12000]  acc=0.7333  min=0.3333  best=0.8000  reward=10.47
[ 5532/12000]  acc=0.8000  min=0.4667  best=0.8000  reward=10.27
[ 5533/12000]  acc=0.8000  min=0.6000  best=0.8000  reward=10.93
[ 5534/12000]  acc=0.7333  min=0.6000  best=0.8000  reward=10.40
[ 5535/12000]  acc=0.7333  min=0.5333  best=0.8000  reward=11.00
[ 5536/12000]  acc=0.8000  min=0.4000  best=0.8000  reward=10.40
[ 5537/12000]  acc=0.8000  min=0.4667  best=0.8000  reward=10.73
[ 5538/12000]  acc=0.7333  min=0.4667  best=0.8000  reward=11.07
[ 5539/12000]  acc=0.8000  min=0.3333  best=0.8000  reward=10.07
[ 5540/12000]  acc=0.7333  min=0.3333  best=0.8000  reward=10.40 [ckpt]
[ 5541/12000]  acc=0.7333  min=0.5333  best=0.8000  reward=10.87
[ 5542/12000]  acc=0.8000  min=0.5333  best=0.8000  reward=11.27
[ 5543/12000]  acc=0.8000  min=0.4667  best=0.8000  reward=11.00
[ 5544/12000]  acc=0.6667  min=0.4667  best=0.8000  reward=10.20
[ 5545/12000]  acc=0.7333  min=0.6000  best=0.8000  reward=10.80
[ 5546/12000]  acc=0.7333  min=0.5333  best=0.8000  reward=10.33
[ 5547/12000]  acc=0.6667  min=0.5333  best=0.8000  reward=10.27
[ 5548/12000]  acc=0.8000  min=0.4000  best=0.8000  reward=10.93
[ 5549/12000]  acc=0.8000  min=0.5333  best=0.8000  reward=11.13
[ 5550/12000]  acc=0.8000  min=0.3333  best=0.8000  reward=11.07
[ 5551/12000]  acc=0.8000  min=0.5333  best=0.8000  reward=10.60
[ 5552/12000]  acc=0.6667  min=0.2667  best=0.8000  reward=9.80
[ 5553/12000]  acc=0.8000  min=0.4667  best=0.8000  reward=10.87
[ 5554/12000]  acc=0.7333  min=0.4000  best=0.8000  reward=10.27
[ 5555/12000]  acc=0.6667  min=0.5333  best=0.8000  reward=10.27
[ 5556/12000]  acc=0.6667  min=0.5333  best=0.8000  reward=10.53
[ 5557/12000]  acc=0.7333  min=0.4667  best=0.8000  reward=10.53
[ 5558/12000]  acc=0.6667  min=0.4667  best=0.8000  reward=10.27
[ 5559/12000]  acc=0.7333  min=0.4000  best=0.8000  reward=10.47
[ 5560/12000]  acc=0.8000  min=0.4667  best=0.8000  reward=11.00 [ckpt]
[ 5561/12000]  acc=0.8000  min=0.4000  best=0.8000  reward=10.53
[ 5562/12000]  acc=0.8000  min=0.4667  best=0.8000  reward=10.80
[ 5563/12000]  acc=0.8000  min=0.4667  best=0.8000  reward=10.80
[ 5564/12000]  acc=0.8000  min=0.3333  best=0.8000  reward=10.20
[ 5565/12000]  acc=0.7333  min=0.4667  best=0.8000  reward=11.00
[ 5566/12000]  acc=0.7333  min=0.5333  best=0.8000  reward=10.67
[ 5567/12000]  acc=0.8000  min=0.3333  best=0.8000  reward=10.27
[ 5568/12000]  acc=0.7333  min=0.5333  best=0.8000  reward=11.00
[ 5569/12000]  acc=0.7333  min=0.4000  best=0.8000  reward=10.73
[ 5570/12000]  acc=0.8000  min=0.4667  best=0.8000  reward=10.67
[ 5571/12000]  acc=0.8000  min=0.4000  best=0.8000  reward=11.13
[ 5572/12000]  acc=0.8000  min=0.4000  best=0.8000  reward=11.20
[ 5573/12000]  acc=0.6667  min=0.6000  best=0.8000  reward=9.93
[ 5574/12000]  acc=0.8000  min=0.4667  best=0.8000  reward=10.87
[ 5575/12000]  acc=0.8000  min=0.4000  best=0.8000  reward=11.00
[ 5576/12000]  acc=0.7333  min=0.4000  best=0.8000  reward=10.47
[ 5577/12000]  acc=0.8000  min=0.5333  best=0.8000  reward=11.00
[ 5578/12000]  acc=0.7333  min=0.4000  best=0.8000  reward=9.87
[ 5579/12000]  acc=0.8000  min=0.4667  best=0.8000  reward=10.60
[ 5580/12000]  acc=0.8000  min=0.6000  best=0.8000  reward=11.20 [ckpt]
[ 5581/12000]  acc=0.8000  min=0.4667  best=0.8000  reward=10.87
[ 5582/12000]  acc=0.8000  min=0.4667  best=0.8000  reward=11.13
[ 5583/12000]  acc=0.7333  min=0.5333  best=0.8000  reward=11.07
[ 5584/12000]  acc=0.6667  min=0.5333  best=0.8000  reward=10.60
[ 5585/12000]  acc=0.7333  min=0.4667  best=0.8000  reward=10.93
[ 5586/12000]  acc=0.7333  min=0.5333  best=0.8000  reward=11.00
[ 5587/12000]  acc=0.8000  min=0.4667  best=0.8000  reward=10.33
[ 5588/12000]  acc=0.8000  min=0.6000  best=0.8000  reward=11.20
[ 5589/12000]  acc=0.7333  min=0.5333  best=0.8000  reward=10.80
[ 5590/12000]  acc=0.8000  min=0.4667  best=0.8000  reward=11.07
[ 5591/12000]  acc=0.8000  min=0.2667  best=0.8000  reward=11.27
[ 5592/12000]  acc=0.7333  min=0.4000  best=0.8000  reward=10.53
[ 5593/12000]  acc=0.8000  min=0.3333  best=0.8000  reward=10.80
[ 5594/12000]  acc=0.7333  min=0.5333  best=0.8000  reward=10.87
[ 5595/12000]  acc=0.7333  min=0.5333  best=0.8000  reward=10.53
[ 5596/12000]  acc=0.6667  min=0.4667  best=0.8000  reward=10.73
[ 5597/12000]  acc=0.6667  min=0.4667  best=0.8000  reward=10.33
[ 5598/12000]  acc=0.6667  min=0.3333  best=0.8000  reward=9.67
[ 5599/12000]  acc=0.7333  min=0.4667  best=0.8000  reward=10.60
[ 5600/12000]  acc=0.8000  min=0.6000  best=0.8000  reward=11.00 [ckpt]
[ 5601/12000]  acc=0.8000  min=0.4667  best=0.8000  reward=11.20
[ 5602/12000]  acc=0.8000  min=0.6000  best=0.8000  reward=10.27
[ 5603/12000]  acc=0.7333  min=0.6000  best=0.8000  reward=10.67
[ 5604/12000]  acc=0.8000  min=0.4667  best=0.8000  reward=10.47
[ 5605/12000]  acc=0.6667  min=0.5333  best=0.8000  reward=10.00
[ 5606/12000]  acc=0.7333  min=0.6000  best=0.8000  reward=10.80
[ 5607/12000]  acc=0.7333  min=0.4000  best=0.8000  reward=10.60
[ 5608/12000]  acc=0.7333  min=0.4667  best=0.8000  reward=10.13
[ 5609/12000]  acc=0.6667  min=0.3333  best=0.8000  reward=9.60
[ 5610/12000]  acc=0.7333  min=0.3333  best=0.8000  reward=10.13
[ 5611/12000]  acc=0.7333  min=0.4000  best=0.8000  reward=10.53
[ 5612/12000]  acc=0.7333  min=0.4667  best=0.8000  reward=10.80
[ 5613/12000]  acc=0.6667  min=0.5333  best=0.8000  reward=10.87
[ 5614/12000]  acc=0.8000  min=0.4667  best=0.8000  reward=10.67
[ 5615/12000]  acc=0.7333  min=0.6000  best=0.8000  reward=10.73
[ 5616/12000]  acc=0.8000  min=0.5333  best=0.8000  reward=10.67
[ 5617/12000]  acc=0.7333  min=0.4667  best=0.8000  reward=10.67
[ 5618/12000]  acc=0.8000  min=0.5333  best=0.8000  reward=11.20
[ 5619/12000]  acc=0.7333  min=0.3333  best=0.8000  reward=10.40
[ 5620/12000]  acc=0.8000  min=0.4000  best=0.8000  reward=11.40 [ckpt]
[ 5621/12000]  acc=0.7333  min=0.3333  best=0.8000  reward=9.73
[ 5622/12000]  acc=0.7333  min=0.5333  best=0.8000  reward=10.33
[ 5623/12000]  acc=0.8000  min=0.5333  best=0.8000  reward=11.33
[ 5624/12000]  acc=0.6667  min=0.4667  best=0.8000  reward=10.47
[ 5625/12000]  acc=0.7333  min=0.5333  best=0.8000  reward=10.87
[ 5626/12000]  acc=0.8000  min=0.3333  best=0.8000  reward=10.53
[ 5627/12000]  acc=0.7333  min=0.4667  best=0.8000  reward=10.40
[ 5628/12000]  acc=0.7333  min=0.4000  best=0.8000  reward=10.33
[ 5629/12000]  acc=0.8000  min=0.6000  best=0.8000  reward=11.47
[ 5630/12000]  acc=0.7333  min=0.4000  best=0.8000  reward=10.73
[ 5631/12000]  acc=0.8000  min=0.4000  best=0.8000  reward=10.73
[ 5632/12000]  acc=0.6667  min=0.4667  best=0.8000  reward=9.80
[ 5633/12000]  acc=0.6667  min=0.6000  best=0.8000  reward=10.67
[ 5634/12000]  acc=0.8000  min=0.4667  best=0.8000  reward=10.87
[ 5635/12000]  acc=0.7333  min=0.5333  best=0.8000  reward=10.33
[ 5636/12000]  acc=0.7333  min=0.4667  best=0.8000  reward=10.67
[ 5637/12000]  acc=0.8000  min=0.4667  best=0.8000  reward=10.93
[ 5638/12000]  acc=0.7333  min=0.6000  best=0.8000  reward=10.00
[ 5639/12000]  acc=0.7333  min=0.5333  best=0.8000  reward=11.07
[ 5640/12000]  acc=0.7333  min=0.4667  best=0.8000  reward=9.93 [ckpt]
[ 5641/12000]  acc=0.7333  min=0.4667  best=0.8000  reward=10.87
[ 5642/12000]  acc=0.6667  min=0.5333  best=0.8000  reward=9.87
[ 5643/12000]  acc=0.6667  min=0.5333  best=0.8000  reward=10.13
[ 5644/12000]  acc=0.8000  min=0.5333  best=0.8000  reward=10.93
[ 5645/12000]  acc=0.7333  min=0.4000  best=0.8000  reward=10.47
[ 5646/12000]  acc=0.8000  min=0.4667  best=0.8000  reward=11.40
[ 5647/12000]  acc=0.8000  min=0.5333  best=0.8000  reward=11.20
[ 5648/12000]  acc=0.8000  min=0.4667  best=0.8000  reward=10.33
[ 5649/12000]  acc=0.7333  min=0.4000  best=0.8000  reward=10.80
[ 5650/12000]  acc=0.8000  min=0.2000  best=0.8000  reward=10.53
[ 5651/12000]  acc=0.7333  min=0.4000  best=0.8000  reward=10.40
[ 5652/12000]  acc=0.7333  min=0.6000  best=0.8000  reward=10.53
[ 5653/12000]  acc=0.8000  min=0.4667  best=0.8000  reward=10.67
[ 5654/12000]  acc=0.7333  min=0.5333  best=0.8000  reward=10.60
[ 5655/12000]  acc=0.8000  min=0.4667  best=0.8000  reward=10.87
[ 5656/12000]  acc=0.7333  min=0.4000  best=0.8000  reward=10.73
[ 5657/12000]  acc=0.7333  min=0.4667  best=0.8000  reward=10.87
[ 5658/12000]  acc=0.7333  min=0.5333  best=0.8000  reward=10.87
[ 5659/12000]  acc=0.8000  min=0.4667  best=0.8000  reward=10.80
[ 5660/12000]  acc=0.7333  min=0.3333  best=0.8000  reward=9.80 [ckpt]
[ 5661/12000]  acc=0.8000  min=0.4667  best=0.8000  reward=10.93
[ 5662/12000]  acc=0.8000  min=0.5333  best=0.8000  reward=11.20
[ 5663/12000]  acc=0.7333  min=0.4667  best=0.8000  reward=10.67
[ 5664/12000]  acc=0.7333  min=0.5333  best=0.8000  reward=10.53
[ 5665/12000]  acc=0.8000  min=0.4667  best=0.8000  reward=10.80
[ 5666/12000]  acc=0.8000  min=0.3333  best=0.8000  reward=11.20
[ 5667/12000]  acc=0.7333  min=0.5333  best=0.8000  reward=10.60
[ 5668/12000]  acc=0.7333  min=0.5333  best=0.8000  reward=10.60
[ 5669/12000]  acc=0.7333  min=0.6667  best=0.8000  reward=11.33
[ 5670/12000]  acc=0.8000  min=0.4000  best=0.8000  reward=11.20
[ 5671/12000]  acc=0.8000  min=0.6000  best=0.8000  reward=11.40
[ 5672/12000]  acc=0.7333  min=0.4667  best=0.8000  reward=10.60
[ 5673/12000]  acc=0.7333  min=0.4000  best=0.8000  reward=10.87
[ 5674/12000]  acc=0.7333  min=0.5333  best=0.8000  reward=10.27
[ 5675/12000]  acc=0.8000  min=0.4000  best=0.8000  reward=10.80
[ 5676/12000]  acc=0.7333  min=0.4667  best=0.8000  reward=10.33
[ 5677/12000]  acc=0.8000  min=0.3333  best=0.8000  reward=10.53
[ 5678/12000]  acc=0.6667  min=0.6000  best=0.8000  reward=10.73
[ 5679/12000]  acc=0.7333  min=0.4667  best=0.8000  reward=10.13
[ 5680/12000]  acc=0.7333  min=0.4000  best=0.8000  reward=10.87 [ckpt]
[ 5681/12000]  acc=0.8000  min=0.6000  best=0.8000  reward=10.80
[ 5682/12000]  acc=0.7333  min=0.5333  best=0.8000  reward=10.47
[ 5683/12000]  acc=0.7333  min=0.4000  best=0.8000  reward=10.80
[ 5684/12000]  acc=0.6667  min=0.5333  best=0.8000  reward=10.80
[ 5685/12000]  acc=0.6667  min=0.3333  best=0.8000  reward=10.33
[ 5686/12000]  acc=0.7333  min=0.4667  best=0.8000  reward=10.60
[ 5687/12000]  acc=0.6667  min=0.5333  best=0.8000  reward=10.80
[ 5688/12000]  acc=0.6667  min=0.5333  best=0.8000  reward=10.20
[ 5689/12000]  acc=0.8000  min=0.4667  best=0.8000  reward=10.93
[ 5690/12000]  acc=0.6667  min=0.4000  best=0.8000  reward=10.07
[ 5691/12000]  acc=0.8000  min=0.4000  best=0.8000  reward=10.33
[ 5692/12000]  acc=0.7333  min=0.4667  best=0.8000  reward=10.13
[ 5693/12000]  acc=0.8000  min=0.5333  best=0.8000  reward=10.93
[ 5694/12000]  acc=0.7333  min=0.4667  best=0.8000  reward=10.67
[ 5695/12000]  acc=0.8000  min=0.3333  best=0.8000  reward=10.60
[ 5696/12000]  acc=0.7333  min=0.4000  best=0.8000  reward=10.60
[ 5697/12000]  acc=0.6667  min=0.4000  best=0.8000  reward=10.33
[ 5698/12000]  acc=0.7333  min=0.4667  best=0.8000  reward=10.00
[ 5699/12000]  acc=0.7333  min=0.5333  best=0.8000  reward=10.73
[ 5700/12000]  acc=0.6667  min=0.4667  best=0.8000  reward=10.20 [ckpt]
[ 5701/12000]  acc=0.7333  min=0.4667  best=0.8000  reward=11.07
[ 5702/12000]  acc=0.8000  min=0.4000  best=0.8000  reward=11.07
[ 5703/12000]  acc=0.7333  min=0.2667  best=0.8000  reward=10.20
[ 5704/12000]  acc=0.8000  min=0.6000  best=0.8000  reward=11.33
[ 5705/12000]  acc=0.7333  min=0.5333  best=0.8000  reward=10.60
[ 5706/12000]  acc=0.7333  min=0.5333  best=0.8000  reward=10.93
[ 5707/12000]  acc=0.6667  min=0.5333  best=0.8000  reward=9.87
[ 5708/12000]  acc=0.8000  min=0.5333  best=0.8000  reward=11.33
[ 5709/12000]  acc=0.8000  min=0.3333  best=0.8000  reward=11.27
[ 5710/12000]  acc=0.6667  min=0.5333  best=0.8000  reward=10.40
[ 5711/12000]  acc=0.7333  min=0.4667  best=0.8000  reward=10.53
[ 5712/12000]  acc=0.8000  min=0.4667  best=0.8000  reward=10.20
[ 5713/12000]  acc=0.7333  min=0.5333  best=0.8000  reward=10.33
[ 5714/12000]  acc=0.8000  min=0.5333  best=0.8000  reward=11.13
[ 5715/12000]  acc=0.8000  min=0.5333  best=0.8000  reward=10.67
[ 5716/12000]  acc=0.7333  min=0.4667  best=0.8000  reward=10.53
[ 5717/12000]  acc=0.7333  min=0.6000  best=0.8000  reward=10.87
[ 5718/12000]  acc=0.6667  min=0.4000  best=0.8000  reward=10.27
[ 5719/12000]  acc=0.7333  min=0.3333  best=0.8000  reward=10.67
[ 5720/12000]  acc=0.6667  min=0.5333  best=0.8000  reward=10.53 [ckpt]
[ 5721/12000]  acc=0.6667  min=0.5333  best=0.8000  reward=10.07
[ 5722/12000]  acc=0.7333  min=0.3333  best=0.8000  reward=10.13
[ 5723/12000]  acc=0.6667  min=0.5333  best=0.8000  reward=10.53
[ 5724/12000]  acc=0.7333  min=0.5333  best=0.8000  reward=10.53
[ 5725/12000]  acc=0.6667  min=0.4667  best=0.8000  reward=10.40
[ 5726/12000]  acc=0.7333  min=0.4000  best=0.8000  reward=10.27
[ 5727/12000]  acc=0.7333  min=0.4000  best=0.8000  reward=10.33
[ 5728/12000]  acc=0.8000  min=0.5333  best=0.8000  reward=11.47
[ 5729/12000]  acc=0.8000  min=0.4000  best=0.8000  reward=11.13
[ 5730/12000]  acc=0.7333  min=0.4667  best=0.8000  reward=10.53
[ 5731/12000]  acc=0.7333  min=0.4667  best=0.8000  reward=10.60
[ 5732/12000]  acc=0.7333  min=0.4667  best=0.8000  reward=10.87
[ 5733/12000]  acc=0.8000  min=0.6000  best=0.8000  reward=10.07
[ 5734/12000]  acc=0.6667  min=0.4000  best=0.8000  reward=10.53
[ 5735/12000]  acc=0.8000  min=0.4000  best=0.8000  reward=10.73
[ 5736/12000]  acc=0.8000  min=0.5333  best=0.8000  reward=11.13
[ 5737/12000]  acc=0.8000  min=0.3333  best=0.8000  reward=10.60
[ 5738/12000]  acc=0.8000  min=0.4667  best=0.8000  reward=10.47
[ 5739/12000]  acc=0.8000  min=0.6000  best=0.8000  reward=10.60
[ 5740/12000]  acc=0.6667  min=0.3333  best=0.8000  reward=10.27 [ckpt]
[ 5741/12000]  acc=0.8000  min=0.4000  best=0.8000  reward=10.60
[ 5742/12000]  acc=0.8000  min=0.4667  best=0.8000  reward=10.73
[ 5743/12000]  acc=0.7333  min=0.6000  best=0.8000  reward=10.40
[ 5744/12000]  acc=0.8000  min=0.4667  best=0.8000  reward=11.27
[ 5745/12000]  acc=0.7333  min=0.4667  best=0.8000  reward=10.67
[ 5746/12000]  acc=0.7333  min=0.2000  best=0.8000  reward=10.33
[ 5747/12000]  acc=0.7333  min=0.4667  best=0.8000  reward=10.53
[ 5748/12000]  acc=0.7333  min=0.6000  best=0.8000  reward=11.40
[ 5749/12000]  acc=0.8000  min=0.4667  best=0.8000  reward=11.00
[ 5750/12000]  acc=0.8000  min=0.4667  best=0.8000  reward=11.00
[ 5751/12000]  acc=0.8000  min=0.4000  best=0.8000  reward=11.13
[ 5752/12000]  acc=0.7333  min=0.4667  best=0.8000  reward=10.53
[ 5753/12000]  acc=0.7333  min=0.4667  best=0.8000  reward=10.53
[ 5754/12000]  acc=0.7333  min=0.4000  best=0.8000  reward=10.53
[ 5755/12000]  acc=0.7333  min=0.5333  best=0.8000  reward=11.33
[ 5756/12000]  acc=0.8000  min=0.4667  best=0.8000  reward=10.40
[ 5757/12000]  acc=0.8000  min=0.4667  best=0.8000  reward=10.60
[ 5758/12000]  acc=0.7333  min=0.4000  best=0.8000  reward=10.27
[ 5759/12000]  acc=0.7333  min=0.4000  best=0.8000  reward=9.67
[ 5760/12000]  acc=0.8000  min=0.6000  best=0.8000  reward=10.93 [ckpt]
[ 5761/12000]  acc=0.8000  min=0.5333  best=0.8000  reward=11.33
[ 5762/12000]  acc=0.8000  min=0.3333  best=0.8000  reward=11.27
[ 5763/12000]  acc=0.8000  min=0.6000  best=0.8000  reward=10.87
[ 5764/12000]  acc=0.7333  min=0.6000  best=0.8000  reward=10.93
[ 5765/12000]  acc=0.8000  min=0.5333  best=0.8000  reward=11.33
[ 5766/12000]  acc=0.7333  min=0.4000  best=0.8000  reward=9.93
[ 5767/12000]  acc=0.7333  min=0.5333  best=0.8000  reward=10.47
[ 5768/12000]  acc=0.7333  min=0.4000  best=0.8000  reward=10.13
[ 5769/12000]  acc=0.7333  min=0.4000  best=0.8000  reward=10.40
[ 5770/12000]  acc=0.8000  min=0.5333  best=0.8000  reward=11.40
[ 5771/12000]  acc=0.8000  min=0.4667  best=0.8000  reward=10.27
[ 5772/12000]  acc=0.8000  min=0.4667  best=0.8000  reward=11.40
[ 5773/12000]  acc=0.7333  min=0.4000  best=0.8000  reward=10.07
[ 5774/12000]  acc=0.7333  min=0.4000  best=0.8000  reward=10.53
[ 5775/12000]  acc=0.7333  min=0.4000  best=0.8000  reward=9.93
[ 5776/12000]  acc=0.8000  min=0.5333  best=0.8000  reward=10.80
[ 5777/12000]  acc=0.7333  min=0.4000  best=0.8000  reward=10.53
[ 5778/12000]  acc=0.8000  min=0.4667  best=0.8000  reward=10.73
[ 5779/12000]  acc=0.8000  min=0.4667  best=0.8000  reward=10.87
[ 5780/12000]  acc=0.7333  min=0.6000  best=0.8000  reward=10.80 [ckpt]
[ 5781/12000]  acc=0.7333  min=0.4667  best=0.8000  reward=10.67
[ 5782/12000]  acc=0.7333  min=0.4000  best=0.8000  reward=10.53
[ 5783/12000]  acc=0.7333  min=0.4667  best=0.8000  reward=10.33
[ 5784/12000]  acc=0.6667  min=0.3333  best=0.8000  reward=10.27
[ 5785/12000]  acc=0.6667  min=0.4667  best=0.8000  reward=10.33
[ 5786/12000]  acc=0.7333  min=0.5333  best=0.8000  reward=11.07
[ 5787/12000]  acc=0.7333  min=0.4667  best=0.8000  reward=10.60
[ 5788/12000]  acc=0.7333  min=0.6000  best=0.8000  reward=10.87
[ 5789/12000]  acc=0.6667  min=0.4667  best=0.8000  reward=10.27
[ 5790/12000]  acc=0.8000  min=0.6667  best=0.8000  reward=11.40
[ 5791/12000]  acc=0.8000  min=0.5333  best=0.8000  reward=10.93
[ 5792/12000]  acc=0.8000  min=0.4000  best=0.8000  reward=10.87
[ 5793/12000]  acc=0.8000  min=0.5333  best=0.8000  reward=10.60
[ 5794/12000]  acc=0.7333  min=0.4667  best=0.8000  reward=11.00
[ 5795/12000]  acc=0.8000  min=0.5333  best=0.8000  reward=10.67
[ 5796/12000]  acc=0.7333  min=0.4667  best=0.8000  reward=10.07
[ 5797/12000]  acc=0.8000  min=0.5333  best=0.8000  reward=10.13
[ 5798/12000]  acc=0.8000  min=0.4667  best=0.8000  reward=10.80
[ 5799/12000]  acc=0.8000  min=0.4667  best=0.8000  reward=11.20
[ 5800/12000]  acc=0.8000  min=0.5333  best=0.8000  reward=10.73 [ckpt]
[ 5801/12000]  acc=0.7333  min=0.5333  best=0.8000  reward=10.40
[ 5802/12000]  acc=0.8000  min=0.4667  best=0.8000  reward=10.93
[ 5803/12000]  acc=0.8000  min=0.5333  best=0.8000  reward=11.40
[ 5804/12000]  acc=0.7333  min=0.4667  best=0.8000  reward=10.67
[ 5805/12000]  acc=0.8000  min=0.5333  best=0.8000  reward=11.00
[ 5806/12000]  acc=0.8000  min=0.4667  best=0.8000  reward=11.27
[ 5807/12000]  acc=0.7333  min=0.4667  best=0.8000  reward=10.47
[ 5808/12000]  acc=0.7333  min=0.4667  best=0.8000  reward=10.67
[ 5809/12000]  acc=0.8000  min=0.4000  best=0.8000  reward=10.73
[ 5810/12000]  acc=0.8000  min=0.2667  best=0.8000  reward=10.53
[ 5811/12000]  acc=0.6667  min=0.5333  best=0.8000  reward=9.80
[ 5812/12000]  acc=0.7333  min=0.4667  best=0.8000  reward=10.60
[ 5813/12000]  acc=0.8000  min=0.4000  best=0.8000  reward=10.73
[ 5814/12000]  acc=0.6667  min=0.4667  best=0.8000  reward=10.47
[ 5815/12000]  acc=0.7333  min=0.4667  best=0.8000  reward=10.47
[ 5816/12000]  acc=0.7333  min=0.5333  best=0.8000  reward=10.80
[ 5817/12000]  acc=0.8000  min=0.4000  best=0.8000  reward=10.60
[ 5818/12000]  acc=0.8000  min=0.6000  best=0.8000  reward=11.33
[ 5819/12000]  acc=0.6667  min=0.5333  best=0.8000  reward=9.93
[ 5820/12000]  acc=0.7333  min=0.5333  best=0.8000  reward=10.60 [ckpt]
[ 5821/12000]  acc=0.6667  min=0.4667  best=0.8000  reward=10.13
[ 5822/12000]  acc=0.6667  min=0.6000  best=0.8000  reward=10.13
[ 5823/12000]  acc=0.8000  min=0.3333  best=0.8000  reward=9.80
[ 5824/12000]  acc=0.6667  min=0.4000  best=0.8000  reward=10.27
[ 5825/12000]  acc=0.8000  min=0.6000  best=0.8000  reward=11.40
[ 5826/12000]  acc=0.6667  min=0.6000  best=0.8000  reward=9.93
[ 5827/12000]  acc=0.7333  min=0.6667  best=0.8000  reward=10.47
[ 5828/12000]  acc=0.8000  min=0.5333  best=0.8000  reward=10.87
[ 5829/12000]  acc=0.8000  min=0.5333  best=0.8000  reward=10.33
[ 5830/12000]  acc=0.8000  min=0.4667  best=0.8000  reward=11.00
[ 5831/12000]  acc=0.8000  min=0.6000  best=0.8000  reward=11.33
[ 5832/12000]  acc=0.6667  min=0.4000  best=0.8000  reward=9.87
[ 5833/12000]  acc=0.7333  min=0.4667  best=0.8000  reward=10.67
[ 5834/12000]  acc=0.8000  min=0.5333  best=0.8000  reward=10.47
[ 5835/12000]  acc=0.7333  min=0.5333  best=0.8000  reward=11.07
[ 5836/12000]  acc=0.7333  min=0.3333  best=0.8000  reward=9.80
[ 5837/12000]  acc=0.6667  min=0.5333  best=0.8000  reward=9.67
[ 5838/12000]  acc=0.8000  min=0.4000  best=0.8000  reward=10.53
[ 5839/12000]  acc=0.7333  min=0.4667  best=0.8000  reward=10.20
[ 5840/12000]  acc=0.8000  min=0.4667  best=0.8000  reward=10.40 [ckpt]
[ 5841/12000]  acc=0.8000  min=0.5333  best=0.8000  reward=10.93
[ 5842/12000]  acc=0.8000  min=0.4667  best=0.8000  reward=11.47
[ 5843/12000]  acc=0.8000  min=0.4667  best=0.8000  reward=10.67
[ 5844/12000]  acc=0.8000  min=0.4667  best=0.8000  reward=11.07
[ 5845/12000]  acc=0.8000  min=0.3333  best=0.8000  reward=10.27
[ 5846/12000]  acc=0.8000  min=0.6000  best=0.8000  reward=10.20
[ 5847/12000]  acc=0.8000  min=0.4667  best=0.8000  reward=10.53
[ 5848/12000]  acc=0.7333  min=0.4000  best=0.8000  reward=10.47
[ 5849/12000]  acc=0.8000  min=0.4667  best=0.8000  reward=10.67
[ 5850/12000]  acc=0.8000  min=0.4667  best=0.8000  reward=11.00
[ 5851/12000]  acc=0.8000  min=0.4000  best=0.8000  reward=10.73
[ 5852/12000]  acc=0.8000  min=0.4667  best=0.8000  reward=10.87
[ 5853/12000]  acc=0.8000  min=0.5333  best=0.8000  reward=11.13
[ 5854/12000]  acc=0.8000  min=0.4000  best=0.8000  reward=10.93
[ 5855/12000]  acc=0.8000  min=0.5333  best=0.8000  reward=11.13
[ 5856/12000]  acc=0.6667  min=0.4667  best=0.8000  reward=10.40
[ 5857/12000]  acc=0.6667  min=0.4000  best=0.8000  reward=10.40
[ 5858/12000]  acc=0.7333  min=0.4667  best=0.8000  reward=10.53
[ 5859/12000]  acc=0.7333  min=0.4000  best=0.8000  reward=10.27
[ 5860/12000]  acc=0.8000  min=0.5333  best=0.8000  reward=11.33 [ckpt]
[ 5861/12000]  acc=0.7333  min=0.6000  best=0.8000  reward=10.87
[ 5862/12000]  acc=0.7333  min=0.3333  best=0.8000  reward=10.40
[ 5863/12000]  acc=0.8000  min=0.5333  best=0.8000  reward=10.80
[ 5864/12000]  acc=0.7333  min=0.5333  best=0.8000  reward=10.80
[ 5865/12000]  acc=0.7333  min=0.3333  best=0.8000  reward=10.20
[ 5866/12000]  acc=0.8000  min=0.4000  best=0.8000  reward=11.07
[ 5867/12000]  acc=0.6667  min=0.5333  best=0.8000  reward=10.20
[ 5868/12000]  acc=0.8000  min=0.4667  best=0.8000  reward=11.27
[ 5869/12000]  acc=0.8000  min=0.5333  best=0.8000  reward=10.87
[ 5870/12000]  acc=0.7333  min=0.4667  best=0.8000  reward=10.73
[ 5871/12000]  acc=0.7333  min=0.4667  best=0.8000  reward=10.47
[ 5872/12000]  acc=0.8000  min=0.3333  best=0.8000  reward=10.80
[ 5873/12000]  acc=0.8000  min=0.4667  best=0.8000  reward=10.67
[ 5874/12000]  acc=0.8000  min=0.4000  best=0.8000  reward=10.27
[ 5875/12000]  acc=0.8000  min=0.5333  best=0.8000  reward=10.93
[ 5876/12000]  acc=0.8000  min=0.4667  best=0.8000  reward=11.13
[ 5877/12000]  acc=0.8000  min=0.4667  best=0.8000  reward=10.73
[ 5878/12000]  acc=0.8000  min=0.4667  best=0.8000  reward=10.80
[ 5879/12000]  acc=0.7333  min=0.5333  best=0.8000  reward=10.40
[ 5880/12000]  acc=0.7333  min=0.3333  best=0.8000  reward=10.40 [ckpt]
[ 5881/12000]  acc=0.7333  min=0.4667  best=0.8000  reward=10.60
[ 5882/12000]  acc=0.8000  min=0.5333  best=0.8000  reward=11.40
[ 5883/12000]  acc=0.7333  min=0.2667  best=0.8000  reward=10.27
[ 5884/12000]  acc=0.7333  min=0.4667  best=0.8000  reward=10.67
[ 5885/12000]  acc=0.8000  min=0.4667  best=0.8000  reward=10.47
[ 5886/12000]  acc=0.6667  min=0.5333  best=0.8000  reward=9.93
[ 5887/12000]  acc=0.8000  min=0.5333  best=0.8000  reward=11.07
[ 5888/12000]  acc=0.8000  min=0.4667  best=0.8000  reward=11.33
[ 5889/12000]  acc=0.8000  min=0.6000  best=0.8000  reward=10.87
[ 5890/12000]  acc=0.7333  min=0.4667  best=0.8000  reward=10.80
[ 5891/12000]  acc=0.8000  min=0.3333  best=0.8000  reward=10.67
[ 5892/12000]  acc=0.7333  min=0.4667  best=0.8000  reward=10.53
[ 5893/12000]  acc=0.7333  min=0.5333  best=0.8000  reward=10.33
[ 5894/12000]  acc=0.7333  min=0.4000  best=0.8000  reward=10.07
[ 5895/12000]  acc=0.6667  min=0.4667  best=0.8000  reward=9.80
[ 5896/12000]  acc=0.8000  min=0.4667  best=0.8000  reward=11.20
[ 5897/12000]  acc=0.7333  min=0.4000  best=0.8000  reward=10.47
[ 5898/12000]  acc=0.8000  min=0.4667  best=0.8000  reward=11.20
[ 5899/12000]  acc=0.7333  min=0.4000  best=0.8000  reward=10.53
[ 5900/12000]  acc=0.8000  min=0.6667  best=0.8000  reward=11.40 [ckpt]
[ 5901/12000]  acc=0.8000  min=0.5333  best=0.8000  reward=11.27
[ 5902/12000]  acc=0.8000  min=0.4667  best=0.8000  reward=11.27
[ 5903/12000]  acc=0.7333  min=0.2667  best=0.8000  reward=10.53
[ 5904/12000]  acc=0.7333  min=0.4667  best=0.8000  reward=10.60
[ 5905/12000]  acc=0.8000  min=0.4000  best=0.8000  reward=10.73
[ 5906/12000]  acc=0.8000  min=0.6000  best=0.8000  reward=11.27
[ 5907/12000]  acc=0.7333  min=0.6000  best=0.8000  reward=10.73
[ 5908/12000]  acc=0.8000  min=0.4667  best=0.8000  reward=10.80
[ 5909/12000]  acc=0.8000  min=0.4667  best=0.8000  reward=10.80
[ 5910/12000]  acc=0.8000  min=0.5333  best=0.8000  reward=10.53
[ 5911/12000]  acc=0.7333  min=0.4000  best=0.8000  reward=10.47
[ 5912/12000]  acc=0.8000  min=0.4000  best=0.8000  reward=11.00
[ 5913/12000]  acc=0.7333  min=0.4000  best=0.8000  reward=10.27
[ 5914/12000]  acc=0.7333  min=0.4667  best=0.8000  reward=10.67
[ 5915/12000]  acc=0.7333  min=0.5333  best=0.8000  reward=10.60
[ 5916/12000]  acc=0.7333  min=0.4000  best=0.8000  reward=10.33
[ 5917/12000]  acc=0.8000  min=0.5333  best=0.8000  reward=11.40
[ 5918/12000]  acc=0.7333  min=0.5333  best=0.8000  reward=10.60
[ 5919/12000]  acc=0.8000  min=0.5333  best=0.8000  reward=11.13
[ 5920/12000]  acc=0.7333  min=0.5333  best=0.8000  reward=10.07 [ckpt]
[ 5921/12000]  acc=0.8000  min=0.4667  best=0.8000  reward=10.67
[ 5922/12000]  acc=0.6667  min=0.4667  best=0.8000  reward=10.00
[ 5923/12000]  acc=0.8000  min=0.5333  best=0.8000  reward=11.47
[ 5924/12000]  acc=0.8000  min=0.5333  best=0.8000  reward=10.27
[ 5925/12000]  acc=0.8000  min=0.4667  best=0.8000  reward=11.27
[ 5926/12000]  acc=0.7333  min=0.6000  best=0.8000  reward=10.80
[ 5927/12000]  acc=0.8000  min=0.6000  best=0.8000  reward=10.27
[ 5928/12000]  acc=0.7333  min=0.4000  best=0.8000  reward=10.40
[ 5929/12000]  acc=0.8000  min=0.5333  best=0.8000  reward=11.00
[ 5930/12000]  acc=0.7333  min=0.3333  best=0.8000  reward=10.40
[ 5931/12000]  acc=0.7333  min=0.4667  best=0.8000  reward=10.20
[ 5932/12000]  acc=0.6667  min=0.4667  best=0.8000  reward=9.93
[ 5933/12000]  acc=0.6667  min=0.4000  best=0.8000  reward=9.93
[ 5934/12000]  acc=0.7333  min=0.4000  best=0.8000  reward=10.93
[ 5935/12000]  acc=0.7333  min=0.4000  best=0.8000  reward=9.80
[ 5936/12000]  acc=0.8000  min=0.4667  best=0.8000  reward=10.93
[ 5937/12000]  acc=0.8000  min=0.5333  best=0.8000  reward=10.60
[ 5938/12000]  acc=0.7333  min=0.4667  best=0.8000  reward=10.07
[ 5939/12000]  acc=0.7333  min=0.6000  best=0.8000  reward=10.73
[ 5940/12000]  acc=0.7333  min=0.4000  best=0.8000  reward=10.40 [ckpt]
[ 5941/12000]  acc=0.7333  min=0.4000  best=0.8000  reward=10.67
[ 5942/12000]  acc=0.7333  min=0.4667  best=0.8000  reward=10.93
[ 5943/12000]  acc=0.6667  min=0.4667  best=0.8000  reward=10.13
[ 5944/12000]  acc=0.7333  min=0.5333  best=0.8000  reward=10.67
[ 5945/12000]  acc=0.7333  min=0.4667  best=0.8000  reward=10.67
[ 5946/12000]  acc=0.7333  min=0.6000  best=0.8000  reward=10.27
[ 5947/12000]  acc=0.6667  min=0.4667  best=0.8000  reward=10.07
[ 5948/12000]  acc=0.7333  min=0.4667  best=0.8000  reward=10.60
[ 5949/12000]  acc=0.7333  min=0.4667  best=0.8000  reward=10.93
[ 5950/12000]  acc=0.7333  min=0.4667  best=0.8000  reward=10.13
[ 5951/12000]  acc=0.6667  min=0.4667  best=0.8000  reward=10.27
[ 5952/12000]  acc=0.7333  min=0.4000  best=0.8000  reward=10.60
[ 5953/12000]  acc=0.8000  min=0.4667  best=0.8000  reward=11.00
[ 5954/12000]  acc=0.7333  min=0.4667  best=0.8000  reward=10.47
[ 5955/12000]  acc=0.8000  min=0.5333  best=0.8000  reward=11.07
[ 5956/12000]  acc=0.8000  min=0.4667  best=0.8000  reward=10.67
[ 5957/12000]  acc=0.7333  min=0.5333  best=0.8000  reward=10.00
[ 5958/12000]  acc=0.7333  min=0.4000  best=0.8000  reward=10.60
[ 5959/12000]  acc=0.8000  min=0.6000  best=0.8000  reward=11.27
[ 5960/12000]  acc=0.8000  min=0.4000  best=0.8000  reward=11.20 [ckpt]
[ 5961/12000]  acc=0.7333  min=0.6000  best=0.8000  reward=10.80
[ 5962/12000]  acc=0.7333  min=0.4000  best=0.8000  reward=10.53
[ 5963/12000]  acc=0.8000  min=0.5333  best=0.8000  reward=10.73
[ 5964/12000]  acc=0.6667  min=0.3333  best=0.8000  reward=10.00
[ 5965/12000]  acc=0.7333  min=0.5333  best=0.8000  reward=10.67
[ 5966/12000]  acc=0.7333  min=0.4000  best=0.8000  reward=10.53
[ 5967/12000]  acc=0.7333  min=0.4667  best=0.8000  reward=10.67
[ 5968/12000]  acc=0.6667  min=0.4667  best=0.8000  reward=10.40
[ 5969/12000]  acc=0.8000  min=0.4000  best=0.8000  reward=10.93
[ 5970/12000]  acc=0.6667  min=0.4000  best=0.8000  reward=10.47
[ 5971/12000]  acc=0.8000  min=0.5333  best=0.8000  reward=10.87
[ 5972/12000]  acc=0.6667  min=0.5333  best=0.8000  reward=9.93
[ 5973/12000]  acc=0.7333  min=0.3333  best=0.8000  reward=10.33
[ 5974/12000]  acc=0.7333  min=0.4667  best=0.8000  reward=10.53
[ 5975/12000]  acc=0.8000  min=0.4000  best=0.8000  reward=11.40
[ 5976/12000]  acc=0.7333  min=0.3333  best=0.8000  reward=10.93
[ 5977/12000]  acc=0.7333  min=0.5333  best=0.8000  reward=10.67
[ 5978/12000]  acc=0.7333  min=0.5333  best=0.8000  reward=10.73
[ 5979/12000]  acc=0.7333  min=0.4667  best=0.8000  reward=10.47
[ 5980/12000]  acc=0.7333  min=0.3333  best=0.8000  reward=10.07 [ckpt]
[ 5981/12000]  acc=0.7333  min=0.4667  best=0.8000  reward=9.87
[ 5982/12000]  acc=0.7333  min=0.3333  best=0.8000  reward=10.40
[ 5983/12000]  acc=0.7333  min=0.6000  best=0.8000  reward=10.87
[ 5984/12000]  acc=0.7333  min=0.5333  best=0.8000  reward=10.53
[ 5985/12000]  acc=0.7333  min=0.4667  best=0.8000  reward=11.00
[ 5986/12000]  acc=0.8000  min=0.4667  best=0.8000  reward=10.73
[ 5987/12000]  acc=0.7333  min=0.5333  best=0.8000  reward=11.00
[ 5988/12000]  acc=0.8000  min=0.4667  best=0.8000  reward=10.87
[ 5989/12000]  acc=0.8000  min=0.4000  best=0.8000  reward=11.07
[ 5990/12000]  acc=0.8000  min=0.5333  best=0.8000  reward=10.73
[ 5991/12000]  acc=0.8000  min=0.5333  best=0.8000  reward=10.93
[ 5992/12000]  acc=0.7333  min=0.5333  best=0.8000  reward=10.53
[ 5993/12000]  acc=0.8000  min=0.5333  best=0.8000  reward=10.93
[ 5994/12000]  acc=0.6667  min=0.4000  best=0.8000  reward=10.40
[ 5995/12000]  acc=0.8000  min=0.4000  best=0.8000  reward=10.93
[ 5996/12000]  acc=0.6667  min=0.4000  best=0.8000  reward=10.20
[ 5997/12000]  acc=0.6667  min=0.4667  best=0.8000  reward=10.13
[ 5998/12000]  acc=0.6667  min=0.4667  best=0.8000  reward=9.93
[ 5999/12000]  acc=0.6667  min=0.5333  best=0.8000  reward=10.33
[ 6000/12000]  acc=0.8000  min=0.5333  best=0.8000  reward=10.93 [ckpt]
[ 6001/12000]  acc=0.6667  min=0.4667  best=0.8000  reward=10.00
[ 6002/12000]  acc=0.6667  min=0.4000  best=0.8000  reward=10.00
[ 6003/12000]  acc=0.7333  min=0.4667  best=0.8000  reward=10.53
[ 6004/12000]  acc=0.8000  min=0.4667  best=0.8000  reward=10.53
[ 6005/12000]  acc=0.7333  min=0.4667  best=0.8000  reward=10.40
[ 6006/12000]  acc=0.8000  min=0.4667  best=0.8000  reward=10.87
[ 6007/12000]  acc=0.6667  min=0.5333  best=0.8000  reward=10.47
[ 6008/12000]  acc=0.8000  min=0.5333  best=0.8000  reward=11.00
[ 6009/12000]  acc=0.7333  min=0.4667  best=0.8000  reward=11.07
[ 6010/12000]  acc=0.6667  min=0.4667  best=0.8000  reward=9.87
[ 6011/12000]  acc=0.7333  min=0.4667  best=0.8000  reward=10.93
[ 6012/12000]  acc=0.7333  min=0.4667  best=0.8000  reward=10.53
[ 6013/12000]  acc=0.8000  min=0.5333  best=0.8000  reward=10.27
[ 6014/12000]  acc=0.8000  min=0.4000  best=0.8000  reward=11.20
[ 6015/12000]  acc=0.7333  min=0.4667  best=0.8000  reward=10.33
[ 6016/12000]  acc=0.7333  min=0.4667  best=0.8000  reward=10.53
[ 6017/12000]  acc=0.7333  min=0.4667  best=0.8000  reward=10.53
[ 6018/12000]  acc=0.6667  min=0.4667  best=0.8000  reward=10.27
[ 6019/12000]  acc=0.7333  min=0.4667  best=0.8000  reward=10.20
[ 6020/12000]  acc=0.7333  min=0.4667  best=0.8000  reward=9.87 [ckpt]
[ 6021/12000]  acc=0.7333  min=0.4667  best=0.8000  reward=10.60
[ 6022/12000]  acc=0.7333  min=0.6000  best=0.8000  reward=11.13
[ 6023/12000]  acc=0.6667  min=0.4667  best=0.8000  reward=10.27
[ 6024/12000]  acc=0.7333  min=0.6000  best=0.8000  reward=11.40
[ 6025/12000]  acc=0.6667  min=0.4667  best=0.8000  reward=9.93
[ 6026/12000]  acc=0.6667  min=0.3333  best=0.8000  reward=9.73
[ 6027/12000]  acc=0.7333  min=0.6000  best=0.8000  reward=10.87
[ 6028/12000]  acc=0.7333  min=0.4667  best=0.8000  reward=10.73
[ 6029/12000]  acc=0.8000  min=0.5333  best=0.8000  reward=10.47
[ 6030/12000]  acc=0.7333  min=0.3333  best=0.8000  reward=10.13
[ 6031/12000]  acc=0.8000  min=0.4000  best=0.8000  reward=10.40
[ 6032/12000]  acc=0.6667  min=0.4667  best=0.8000  reward=9.80
[ 6033/12000]  acc=0.6667  min=0.4667  best=0.8000  reward=10.53
[ 6034/12000]  acc=0.7333  min=0.3333  best=0.8000  reward=10.60
[ 6035/12000]  acc=0.8000  min=0.3333  best=0.8000  reward=10.47
[ 6036/12000]  acc=0.7333  min=0.4667  best=0.8000  reward=10.53
[ 6037/12000]  acc=0.6667  min=0.5333  best=0.8000  reward=10.00
[ 6038/12000]  acc=0.7333  min=0.5333  best=0.8000  reward=10.67
[ 6039/12000]  acc=0.8000  min=0.5333  best=0.8000  reward=10.87
[ 6040/12000]  acc=0.6667  min=0.3333  best=0.8000  reward=10.00 [ckpt]
[ 6041/12000]  acc=0.7333  min=0.5333  best=0.8000  reward=10.53
[ 6042/12000]  acc=0.7333  min=0.5333  best=0.8000  reward=10.40
[ 6043/12000]  acc=0.7333  min=0.4667  best=0.8000  reward=10.13
[ 6044/12000]  acc=0.8000  min=0.5333  best=0.8000  reward=10.27
[ 6045/12000]  acc=0.8000  min=0.4667  best=0.8000  reward=10.67
[ 6046/12000]  acc=0.7333  min=0.6000  best=0.8000  reward=11.07
[ 6047/12000]  acc=0.8000  min=0.5333  best=0.8000  reward=11.20
[ 6048/12000]  acc=0.7333  min=0.4667  best=0.8000  reward=11.20
[ 6049/12000]  acc=0.7333  min=0.6000  best=0.8000  reward=11.20
[ 6050/12000]  acc=0.8000  min=0.5333  best=0.8000  reward=10.40
[ 6051/12000]  acc=0.8000  min=0.4667  best=0.8000  reward=10.80
[ 6052/12000]  acc=0.7333  min=0.4667  best=0.8000  reward=10.60
[ 6053/12000]  acc=0.7333  min=0.4000  best=0.8000  reward=9.87
[ 6054/12000]  acc=0.7333  min=0.4667  best=0.8000  reward=10.67
[ 6055/12000]  acc=0.6667  min=0.4000  best=0.8000  reward=10.27
[ 6056/12000]  acc=0.8000  min=0.5333  best=0.8000  reward=10.20
[ 6057/12000]  acc=0.7333  min=0.4000  best=0.8000  reward=10.60
[ 6058/12000]  acc=0.7333  min=0.6000  best=0.8000  reward=10.60
[ 6059/12000]  acc=0.8000  min=0.5333  best=0.8000  reward=11.13
[ 6060/12000]  acc=0.7333  min=0.4000  best=0.8000  reward=10.53 [ckpt]
[ 6061/12000]  acc=0.7333  min=0.5333  best=0.8000  reward=11.00
[ 6062/12000]  acc=0.6667  min=0.4000  best=0.8000  reward=10.73
[ 6063/12000]  acc=0.8000  min=0.4667  best=0.8000  reward=11.13
[ 6064/12000]  acc=0.7333  min=0.4000  best=0.8000  reward=10.60
[ 6065/12000]  acc=0.6667  min=0.6000  best=0.8000  reward=10.53
[ 6066/12000]  acc=0.7333  min=0.4000  best=0.8000  reward=11.20
[ 6067/12000]  acc=0.7333  min=0.4667  best=0.8000  reward=10.67
[ 6068/12000]  acc=0.7333  min=0.4000  best=0.8000  reward=10.40
[ 6069/12000]  acc=0.7333  min=0.4000  best=0.8000  reward=10.67
[ 6070/12000]  acc=0.8000  min=0.4667  best=0.8000  reward=10.80
[ 6071/12000]  acc=0.7333  min=0.5333  best=0.8000  reward=10.53
[ 6072/12000]  acc=0.8000  min=0.5333  best=0.8000  reward=11.33
[ 6073/12000]  acc=0.8000  min=0.6000  best=0.8000  reward=11.27
[ 6074/12000]  acc=0.7333  min=0.5333  best=0.8000  reward=10.67
[ 6075/12000]  acc=0.6667  min=0.4667  best=0.8000  reward=10.53
[ 6076/12000]  acc=0.7333  min=0.5333  best=0.8000  reward=10.60
[ 6077/12000]  acc=0.6667  min=0.3333  best=0.8000  reward=9.60
[ 6078/12000]  acc=0.6667  min=0.5333  best=0.8000  reward=10.67
[ 6079/12000]  acc=0.6667  min=0.5333  best=0.8000  reward=9.93
[ 6080/12000]  acc=0.8000  min=0.5333  best=0.8000  reward=11.47 [ckpt]
[ 6081/12000]  acc=0.7333  min=0.5333  best=0.8000  reward=10.60
[ 6082/12000]  acc=0.6667  min=0.4667  best=0.8000  reward=10.33
[ 6083/12000]  acc=0.8000  min=0.4667  best=0.8000  reward=10.27
[ 6084/12000]  acc=0.6667  min=0.4667  best=0.8000  reward=11.00
[ 6085/12000]  acc=0.8000  min=0.5333  best=0.8000  reward=10.93
[ 6086/12000]  acc=0.8000  min=0.4667  best=0.8000  reward=10.47
[ 6087/12000]  acc=0.8000  min=0.6000  best=0.8000  reward=11.13
[ 6088/12000]  acc=0.7333  min=0.6000  best=0.8000  reward=10.87
[ 6089/12000]  acc=0.6667  min=0.4667  best=0.8000  reward=9.60
[ 6090/12000]  acc=0.7333  min=0.4667  best=0.8000  reward=10.20
[ 6091/12000]  acc=0.7333  min=0.5333  best=0.8000  reward=11.33
[ 6092/12000]  acc=0.8000  min=0.5333  best=0.8000  reward=11.00
[ 6093/12000]  acc=0.8000  min=0.4000  best=0.8000  reward=10.93
[ 6094/12000]  acc=0.8000  min=0.4667  best=0.8000  reward=11.00
[ 6095/12000]  acc=0.6667  min=0.5333  best=0.8000  reward=10.60
[ 6096/12000]  acc=0.8000  min=0.4667  best=0.8000  reward=11.33
[ 6097/12000]  acc=0.8000  min=0.6000  best=0.8000  reward=11.40
[ 6098/12000]  acc=0.8000  min=0.5333  best=0.8000  reward=11.33
[ 6099/12000]  acc=0.6667  min=0.4000  best=0.8000  reward=9.87
[ 6100/12000]  acc=0.7333  min=0.4667  best=0.8000  reward=11.13 [ckpt]
[ 6101/12000]  acc=0.8000  min=0.4000  best=0.8000  reward=11.00
[ 6102/12000]  acc=0.8000  min=0.5333  best=0.8000  reward=10.73
[ 6103/12000]  acc=0.7333  min=0.5333  best=0.8000  reward=10.60
[ 6104/12000]  acc=0.8000  min=0.3333  best=0.8000  reward=11.13
[ 6105/12000]  acc=0.7333  min=0.6000  best=0.8000  reward=11.20
[ 6106/12000]  acc=0.7333  min=0.5333  best=0.8000  reward=10.87
[ 6107/12000]  acc=0.7333  min=0.5333  best=0.8000  reward=10.53
[ 6108/12000]  acc=0.8000  min=0.5333  best=0.8000  reward=10.33
[ 6109/12000]  acc=0.7333  min=0.5333  best=0.8000  reward=10.80
[ 6110/12000]  acc=0.7333  min=0.5333  best=0.8000  reward=11.07
[ 6111/12000]  acc=0.7333  min=0.5333  best=0.8000  reward=10.20
[ 6112/12000]  acc=0.7333  min=0.5333  best=0.8000  reward=10.47
[ 6113/12000]  acc=0.7333  min=0.4667  best=0.8000  reward=10.60
[ 6114/12000]  acc=0.7333  min=0.3333  best=0.8000  reward=10.40
[ 6115/12000]  acc=0.8000  min=0.4667  best=0.8000  reward=10.93
[ 6116/12000]  acc=0.6667  min=0.4000  best=0.8000  reward=10.00
[ 6117/12000]  acc=0.7333  min=0.4000  best=0.8000  reward=10.33
[ 6118/12000]  acc=0.8000  min=0.3333  best=0.8000  reward=10.93
[ 6119/12000]  acc=0.7333  min=0.4000  best=0.8000  reward=9.80
[ 6120/12000]  acc=0.8000  min=0.5333  best=0.8000  reward=11.27 [ckpt]
[ 6121/12000]  acc=0.6667  min=0.4000  best=0.8000  reward=9.73
[ 6122/12000]  acc=0.7333  min=0.5333  best=0.8000  reward=10.73
[ 6123/12000]  acc=0.7333  min=0.4000  best=0.8000  reward=10.33
[ 6124/12000]  acc=0.8000  min=0.6000  best=0.8000  reward=11.27
[ 6125/12000]  acc=0.6667  min=0.4000  best=0.8000  reward=10.07
[ 6126/12000]  acc=0.8000  min=0.5333  best=0.8000  reward=10.53
[ 6127/12000]  acc=0.8000  min=0.6000  best=0.8000  reward=10.53
[ 6128/12000]  acc=0.7333  min=0.4000  best=0.8000  reward=10.47
[ 6129/12000]  acc=0.7333  min=0.4667  best=0.8000  reward=10.07
[ 6130/12000]  acc=0.8000  min=0.5333  best=0.8000  reward=11.33
[ 6131/12000]  acc=0.7333  min=0.4667  best=0.8000  reward=10.73
[ 6132/12000]  acc=0.7333  min=0.5333  best=0.8000  reward=10.40
[ 6133/12000]  acc=0.7333  min=0.4667  best=0.8000  reward=10.13
[ 6134/12000]  acc=0.7333  min=0.4667  best=0.8000  reward=10.60
[ 6135/12000]  acc=0.7333  min=0.5333  best=0.8000  reward=11.00
[ 6136/12000]  acc=0.8000  min=0.6000  best=0.8000  reward=10.67
[ 6137/12000]  acc=0.7333  min=0.4667  best=0.8000  reward=10.53
[ 6138/12000]  acc=0.7333  min=0.4000  best=0.8000  reward=10.40
[ 6139/12000]  acc=0.7333  min=0.4000  best=0.8000  reward=10.60
[ 6140/12000]  acc=0.7333  min=0.4667  best=0.8000  reward=10.33 [ckpt]
[ 6141/12000]  acc=0.7333  min=0.4000  best=0.8000  reward=10.27
[ 6142/12000]  acc=0.8000  min=0.5333  best=0.8000  reward=11.00
[ 6143/12000]  acc=0.7333  min=0.4000  best=0.8000  reward=10.47
[ 6144/12000]  acc=0.8000  min=0.4667  best=0.8000  reward=10.33
[ 6145/12000]  acc=0.7333  min=0.4667  best=0.8000  reward=10.93
[ 6146/12000]  acc=0.8000  min=0.4667  best=0.8000  reward=10.87
[ 6147/12000]  acc=0.8000  min=0.6000  best=0.8000  reward=11.33
[ 6148/12000]  acc=0.7333  min=0.3333  best=0.8000  reward=10.53
[ 6149/12000]  acc=0.6667  min=0.5333  best=0.8000  reward=10.33
[ 6150/12000]  acc=0.7333  min=0.5333  best=0.8000  reward=10.20
[ 6151/12000]  acc=0.6667  min=0.3333  best=0.8000  reward=9.73
[ 6152/12000]  acc=0.6667  min=0.4667  best=0.8000  reward=9.93
[ 6153/12000]  acc=0.7333  min=0.4000  best=0.8000  reward=10.67
[ 6154/12000]  acc=0.8000  min=0.3333  best=0.8000  reward=10.53
[ 6155/12000]  acc=0.8000  min=0.4667  best=0.8000  reward=10.87
[ 6156/12000]  acc=0.7333  min=0.4667  best=0.8000  reward=10.07
[ 6157/12000]  acc=0.6667  min=0.5333  best=0.8000  reward=10.27
[ 6158/12000]  acc=0.6667  min=0.3333  best=0.8000  reward=10.47
[ 6159/12000]  acc=0.7333  min=0.4667  best=0.8000  reward=11.13
[ 6160/12000]  acc=0.7333  min=0.5333  best=0.8000  reward=10.53 [ckpt]
[ 6161/12000]  acc=0.7333  min=0.4000  best=0.8000  reward=10.60
[ 6162/12000]  acc=0.7333  min=0.4000  best=0.8000  reward=10.60
[ 6163/12000]  acc=0.6667  min=0.4667  best=0.8000  reward=9.73
[ 6164/12000]  acc=0.7333  min=0.4667  best=0.8000  reward=9.87
[ 6165/12000]  acc=0.8000  min=0.5333  best=0.8000  reward=10.87
[ 6166/12000]  acc=0.8000  min=0.4667  best=0.8000  reward=10.73
[ 6167/12000]  acc=0.6667  min=0.4667  best=0.8000  reward=9.93
[ 6168/12000]  acc=0.8000  min=0.5333  best=0.8000  reward=11.00
[ 6169/12000]  acc=0.7333  min=0.4667  best=0.8000  reward=10.60
[ 6170/12000]  acc=0.7333  min=0.5333  best=0.8000  reward=10.60
[ 6171/12000]  acc=0.8000  min=0.5333  best=0.8000  reward=11.13
[ 6172/12000]  acc=0.8000  min=0.4667  best=0.8000  reward=11.40
[ 6173/12000]  acc=0.7333  min=0.5333  best=0.8000  reward=10.47
[ 6174/12000]  acc=0.8000  min=0.4000  best=0.8000  reward=11.33
[ 6175/12000]  acc=0.7333  min=0.5333  best=0.8000  reward=10.73
[ 6176/12000]  acc=0.7333  min=0.3333  best=0.8000  reward=10.53
[ 6177/12000]  acc=0.7333  min=0.4667  best=0.8000  reward=10.40
[ 6178/12000]  acc=0.8000  min=0.4667  best=0.8000  reward=11.33
[ 6179/12000]  acc=0.6667  min=0.6000  best=0.8000  reward=10.13
[ 6180/12000]  acc=0.8000  min=0.4667  best=0.8000  reward=10.13 [ckpt]
[ 6181/12000]  acc=0.8000  min=0.2667  best=0.8000  reward=9.87
[ 6182/12000]  acc=0.6667  min=0.4000  best=0.8000  reward=10.40
[ 6183/12000]  acc=0.7333  min=0.4667  best=0.8000  reward=10.00
[ 6184/12000]  acc=0.8000  min=0.4667  best=0.8000  reward=10.40
[ 6185/12000]  acc=0.8000  min=0.4667  best=0.8000  reward=10.13
[ 6186/12000]  acc=0.7333  min=0.4000  best=0.8000  reward=10.60
[ 6187/12000]  acc=0.6667  min=0.4000  best=0.8000  reward=10.20
[ 6188/12000]  acc=0.6667  min=0.4000  best=0.8000  reward=9.80
[ 6189/12000]  acc=0.6667  min=0.4000  best=0.8000  reward=10.07
[ 6190/12000]  acc=0.7333  min=0.2667  best=0.8000  reward=10.47
[ 6191/12000]  acc=0.7333  min=0.4000  best=0.8000  reward=10.67
[ 6192/12000]  acc=0.6667  min=0.4667  best=0.8000  reward=10.33
[ 6193/12000]  acc=0.7333  min=0.4667  best=0.8000  reward=10.67
[ 6194/12000]  acc=0.6667  min=0.5333  best=0.8000  reward=10.40
[ 6195/12000]  acc=0.6667  min=0.5333  best=0.8000  reward=10.27
[ 6196/12000]  acc=0.6667  min=0.5333  best=0.8000  reward=9.93
[ 6197/12000]  acc=0.7333  min=0.4667  best=0.8000  reward=11.27
[ 6198/12000]  acc=0.7333  min=0.5333  best=0.8000  reward=10.73
[ 6199/12000]  acc=0.7333  min=0.5333  best=0.8000  reward=10.67
[ 6200/12000]  acc=0.7333  min=0.5333  best=0.8000  reward=10.67 [ckpt]
[ 6201/12000]  acc=0.6667  min=0.4667  best=0.8000  reward=10.40
[ 6202/12000]  acc=0.6667  min=0.3333  best=0.8000  reward=10.33
[ 6203/12000]  acc=0.6667  min=0.6000  best=0.8000  reward=9.93
[ 6204/12000]  acc=0.7333  min=0.2667  best=0.8000  reward=9.93
[ 6205/12000]  acc=0.7333  min=0.5333  best=0.8000  reward=10.27
[ 6206/12000]  acc=0.8000  min=0.4000  best=0.8000  reward=11.00
[ 6207/12000]  acc=0.7333  min=0.4667  best=0.8000  reward=10.00
[ 6208/12000]  acc=0.8000  min=0.4667  best=0.8000  reward=11.20
[ 6209/12000]  acc=0.8000  min=0.5333  best=0.8000  reward=10.40
[ 6210/12000]  acc=0.8000  min=0.4000  best=0.8000  reward=11.20
[ 6211/12000]  acc=0.7333  min=0.4667  best=0.8000  reward=10.47
[ 6212/12000]  acc=0.7333  min=0.4667  best=0.8000  reward=10.53
[ 6213/12000]  acc=0.7333  min=0.5333  best=0.8000  reward=10.40
[ 6214/12000]  acc=0.7333  min=0.4667  best=0.8000  reward=10.13
[ 6215/12000]  acc=0.6667  min=0.4667  best=0.8000  reward=9.67
[ 6216/12000]  acc=0.7333  min=0.5333  best=0.8000  reward=10.60
[ 6217/12000]  acc=0.8000  min=0.4667  best=0.8000  reward=10.80
[ 6218/12000]  acc=0.7333  min=0.4000  best=0.8000  reward=10.73
[ 6219/12000]  acc=0.7333  min=0.6000  best=0.8000  reward=11.07
[ 6220/12000]  acc=0.8000  min=0.4667  best=0.8000  reward=11.40 [ckpt]
[ 6221/12000]  acc=0.7333  min=0.4667  best=0.8000  reward=10.73
[ 6222/12000]  acc=0.7333  min=0.5333  best=0.8000  reward=10.67
[ 6223/12000]  acc=0.7333  min=0.3333  best=0.8000  reward=10.80
[ 6224/12000]  acc=0.7333  min=0.4667  best=0.8000  reward=10.73
[ 6225/12000]  acc=0.7333  min=0.4667  best=0.8000  reward=10.53
[ 6226/12000]  acc=0.7333  min=0.6667  best=0.8000  reward=10.87
[ 6227/12000]  acc=0.8000  min=0.4667  best=0.8000  reward=11.00
[ 6228/12000]  acc=0.8000  min=0.5333  best=0.8000  reward=11.13
[ 6229/12000]  acc=0.7333  min=0.4667  best=0.8000  reward=10.27
[ 6230/12000]  acc=0.8000  min=0.4667  best=0.8000  reward=10.80
[ 6231/12000]  acc=0.6667  min=0.5333  best=0.8000  reward=9.73
[ 6232/12000]  acc=0.7333  min=0.4000  best=0.8000  reward=10.53
[ 6233/12000]  acc=0.6667  min=0.4000  best=0.8000  reward=9.60
[ 6234/12000]  acc=0.8000  min=0.4000  best=0.8000  reward=11.33
[ 6235/12000]  acc=0.6667  min=0.4000  best=0.8000  reward=10.80
[ 6236/12000]  acc=0.6667  min=0.3333  best=0.8000  reward=10.13
[ 6237/12000]  acc=0.6667  min=0.4667  best=0.8000  reward=9.80
[ 6238/12000]  acc=0.7333  min=0.5333  best=0.8000  reward=10.73
[ 6239/12000]  acc=0.8000  min=0.5333  best=0.8000  reward=11.60
[ 6240/12000]  acc=0.7333  min=0.5333  best=0.8000  reward=10.80 [ckpt]
[ 6241/12000]  acc=0.8000  min=0.4000  best=0.8000  reward=11.00
[ 6242/12000]  acc=0.7333  min=0.4667  best=0.8000  reward=10.00
[ 6243/12000]  acc=0.6667  min=0.4667  best=0.8000  reward=9.80
[ 6244/12000]  acc=0.7333  min=0.5333  best=0.8000  reward=10.07
[ 6245/12000]  acc=0.7333  min=0.3333  best=0.8000  reward=10.07
[ 6246/12000]  acc=0.6667  min=0.6000  best=0.8000  reward=10.07
[ 6247/12000]  acc=0.7333  min=0.4000  best=0.8000  reward=10.47
[ 6248/12000]  acc=0.7333  min=0.4000  best=0.8000  reward=10.60
[ 6249/12000]  acc=0.7333  min=0.4667  best=0.8000  reward=10.47
[ 6250/12000]  acc=0.6667  min=0.5333  best=0.8000  reward=9.87
[ 6251/12000]  acc=0.7333  min=0.4667  best=0.8000  reward=9.93
[ 6252/12000]  acc=0.8000  min=0.4000  best=0.8000  reward=10.60
[ 6253/12000]  acc=0.7333  min=0.5333  best=0.8000  reward=10.67
[ 6254/12000]  acc=0.6667  min=0.5333  best=0.8000  reward=10.07
[ 6255/12000]  acc=0.6667  min=0.5333  best=0.8000  reward=9.80
[ 6256/12000]  acc=0.7333  min=0.2667  best=0.8000  reward=10.27
[ 6257/12000]  acc=0.8000  min=0.6000  best=0.8000  reward=11.20
[ 6258/12000]  acc=0.6667  min=0.5333  best=0.8000  reward=9.80
[ 6259/12000]  acc=0.8000  min=0.5333  best=0.8000  reward=10.53
[ 6260/12000]  acc=0.8000  min=0.4667  best=0.8000  reward=11.13 [ckpt]
[ 6261/12000]  acc=0.8000  min=0.5333  best=0.8000  reward=11.07
[ 6262/12000]  acc=0.7333  min=0.4000  best=0.8000  reward=10.53
[ 6263/12000]  acc=0.7333  min=0.4000  best=0.8000  reward=10.40
[ 6264/12000]  acc=0.8000  min=0.4667  best=0.8000  reward=11.13
[ 6265/12000]  acc=0.7333  min=0.4667  best=0.8000  reward=10.53
[ 6266/12000]  acc=0.8000  min=0.4000  best=0.8000  reward=10.80
[ 6267/12000]  acc=0.6667  min=0.4667  best=0.8000  reward=9.80
[ 6268/12000]  acc=0.8000  min=0.2667  best=0.8000  reward=10.93
[ 6269/12000]  acc=0.7333  min=0.4667  best=0.8000  reward=10.60
[ 6270/12000]  acc=0.6667  min=0.4000  best=0.8000  reward=9.87
[ 6271/12000]  acc=0.8000  min=0.4000  best=0.8000  reward=11.27
[ 6272/12000]  acc=0.8000  min=0.3333  best=0.8000  reward=11.07
[ 6273/12000]  acc=0.7333  min=0.4667  best=0.8000  reward=10.20
[ 6274/12000]  acc=0.7333  min=0.5333  best=0.8000  reward=10.93
[ 6275/12000]  acc=0.7333  min=0.4000  best=0.8000  reward=10.53
[ 6276/12000]  acc=0.7333  min=0.4000  best=0.8000  reward=10.60
[ 6277/12000]  acc=0.6667  min=0.4000  best=0.8000  reward=9.73
[ 6278/12000]  acc=0.6667  min=0.4000  best=0.8000  reward=9.73
[ 6279/12000]  acc=0.7333  min=0.3333  best=0.8000  reward=10.53
[ 6280/12000]  acc=0.8000  min=0.4000  best=0.8000  reward=11.40 [ckpt]
[ 6281/12000]  acc=0.8000  min=0.4000  best=0.8000  reward=10.60
[ 6282/12000]  acc=0.6667  min=0.6000  best=0.8000  reward=9.93
[ 6283/12000]  acc=0.7333  min=0.4667  best=0.8000  reward=10.47
[ 6284/12000]  acc=0.8000  min=0.4667  best=0.8000  reward=11.00
[ 6285/12000]  acc=0.7333  min=0.4000  best=0.8000  reward=10.20
[ 6286/12000]  acc=0.7333  min=0.4667  best=0.8000  reward=10.33
[ 6287/12000]  acc=0.8000  min=0.4000  best=0.8000  reward=10.93
[ 6288/12000]  acc=0.7333  min=0.4000  best=0.8000  reward=10.53
[ 6289/12000]  acc=0.8000  min=0.5333  best=0.8000  reward=10.80
[ 6290/12000]  acc=0.6667  min=0.4667  best=0.8000  reward=9.73
[ 6291/12000]  acc=0.7333  min=0.6000  best=0.8000  reward=10.53
[ 6292/12000]  acc=0.7333  min=0.4667  best=0.8000  reward=10.40
[ 6293/12000]  acc=0.7333  min=0.3333  best=0.8000  reward=10.47
[ 6294/12000]  acc=0.8000  min=0.4667  best=0.8000  reward=10.87
[ 6295/12000]  acc=0.7333  min=0.3333  best=0.8000  reward=10.53
[ 6296/12000]  acc=0.7333  min=0.5333  best=0.8000  reward=11.20
[ 6297/12000]  acc=0.7333  min=0.6000  best=0.8000  reward=10.60
[ 6298/12000]  acc=0.7333  min=0.4667  best=0.8000  reward=11.00
[ 6299/12000]  acc=0.8000  min=0.5333  best=0.8000  reward=11.53
[ 6300/12000]  acc=0.8000  min=0.5333  best=0.8000  reward=10.20 [ckpt]
[ 6301/12000]  acc=0.7333  min=0.5333  best=0.8000  reward=10.67
[ 6302/12000]  acc=0.8000  min=0.5333  best=0.8000  reward=11.07
[ 6303/12000]  acc=0.8000  min=0.4667  best=0.8000  reward=10.67
[ 6304/12000]  acc=0.8000  min=0.4667  best=0.8000  reward=10.53
[ 6305/12000]  acc=0.6667  min=0.5333  best=0.8000  reward=9.87
[ 6306/12000]  acc=0.7333  min=0.4000  best=0.8000  reward=10.60
[ 6307/12000]  acc=0.6667  min=0.3333  best=0.8000  reward=10.53
[ 6308/12000]  acc=0.8000  min=0.4667  best=0.8000  reward=11.13
[ 6309/12000]  acc=0.7333  min=0.4667  best=0.8000  reward=10.47
[ 6310/12000]  acc=0.7333  min=0.4667  best=0.8000  reward=10.60
[ 6311/12000]  acc=0.8000  min=0.4000  best=0.8000  reward=10.87
[ 6312/12000]  acc=0.7333  min=0.5333  best=0.8000  reward=10.40
[ 6313/12000]  acc=0.8000  min=0.3333  best=0.8000  reward=10.93
[ 6314/12000]  acc=0.7333  min=0.5333  best=0.8000  reward=10.87
[ 6315/12000]  acc=0.6667  min=0.6000  best=0.8000  reward=10.80
[ 6316/12000]  acc=0.8000  min=0.5333  best=0.8000  reward=10.67
[ 6317/12000]  acc=0.6667  min=0.4667  best=0.8000  reward=9.87
[ 6318/12000]  acc=0.8000  min=0.5333  best=0.8000  reward=11.33
[ 6319/12000]  acc=0.6667  min=0.4000  best=0.8000  reward=9.53
[ 6320/12000]  acc=0.7333  min=0.6000  best=0.8000  reward=11.00 [ckpt]
[ 6321/12000]  acc=0.7333  min=0.5333  best=0.8000  reward=11.27
[ 6322/12000]  acc=0.8000  min=0.4000  best=0.8000  reward=10.60
[ 6323/12000]  acc=0.7333  min=0.4667  best=0.8000  reward=10.47
[ 6324/12000]  acc=0.7333  min=0.4667  best=0.8000  reward=10.73
[ 6325/12000]  acc=0.7333  min=0.4667  best=0.8000  reward=10.53
[ 6326/12000]  acc=0.8000  min=0.4000  best=0.8000  reward=10.53
[ 6327/12000]  acc=0.7333  min=0.4000  best=0.8000  reward=11.07
[ 6328/12000]  acc=0.8000  min=0.4667  best=0.8000  reward=10.73
[ 6329/12000]  acc=0.8000  min=0.4000  best=0.8000  reward=10.73
[ 6330/12000]  acc=0.8000  min=0.4000  best=0.8000  reward=11.27
[ 6331/12000]  acc=0.8000  min=0.5333  best=0.8000  reward=10.13
[ 6332/12000]  acc=0.6667  min=0.5333  best=0.8000  reward=9.87
[ 6333/12000]  acc=0.8000  min=0.4667  best=0.8000  reward=11.00
[ 6334/12000]  acc=0.8000  min=0.6000  best=0.8000  reward=10.87
[ 6335/12000]  acc=0.8000  min=0.4667  best=0.8000  reward=10.80
[ 6336/12000]  acc=0.7333  min=0.4000  best=0.8000  reward=10.53
[ 6337/12000]  acc=0.8000  min=0.5333  best=0.8000  reward=11.00
[ 6338/12000]  acc=0.7333  min=0.5333  best=0.8000  reward=9.93
[ 6339/12000]  acc=0.8000  min=0.4000  best=0.8000  reward=10.80
[ 6340/12000]  acc=0.7333  min=0.4667  best=0.8000  reward=10.60 [ckpt]
[ 6341/12000]  acc=0.8000  min=0.4000  best=0.8000  reward=10.67
[ 6342/12000]  acc=0.8000  min=0.4000  best=0.8000  reward=10.93
[ 6343/12000]  acc=0.8000  min=0.4000  best=0.8000  reward=10.80
[ 6344/12000]  acc=0.6667  min=0.2667  best=0.8000  reward=10.00
[ 6345/12000]  acc=0.8000  min=0.5333  best=0.8000  reward=11.33
[ 6346/12000]  acc=0.7333  min=0.6000  best=0.8000  reward=11.07
[ 6347/12000]  acc=0.7333  min=0.5333  best=0.8000  reward=11.00
[ 6348/12000]  acc=0.8000  min=0.4667  best=0.8000  reward=10.73
[ 6349/12000]  acc=0.7333  min=0.4667  best=0.8000  reward=10.60
[ 6350/12000]  acc=0.8000  min=0.4667  best=0.8000  reward=10.60
[ 6351/12000]  acc=0.7333  min=0.5333  best=0.8000  reward=10.67
[ 6352/12000]  acc=0.8000  min=0.3333  best=0.8000  reward=11.00
[ 6353/12000]  acc=0.7333  min=0.5333  best=0.8000  reward=11.13
[ 6354/12000]  acc=0.7333  min=0.4000  best=0.8000  reward=10.87
[ 6355/12000]  acc=0.7333  min=0.4000  best=0.8000  reward=10.20
[ 6356/12000]  acc=0.7333  min=0.6000  best=0.8000  reward=10.93
[ 6357/12000]  acc=0.7333  min=0.4000  best=0.8000  reward=10.33
[ 6358/12000]  acc=0.7333  min=0.6000  best=0.8000  reward=10.73
[ 6359/12000]  acc=0.7333  min=0.5333  best=0.8000  reward=9.87
[ 6360/12000]  acc=0.7333  min=0.4667  best=0.8000  reward=11.13 [ckpt]
[ 6361/12000]  acc=0.8000  min=0.5333  best=0.8000  reward=10.47
[ 6362/12000]  acc=0.7333  min=0.4667  best=0.8000  reward=10.67
[ 6363/12000]  acc=0.7333  min=0.4667  best=0.8000  reward=10.60
[ 6364/12000]  acc=0.7333  min=0.5333  best=0.8000  reward=10.80
[ 6365/12000]  acc=0.7333  min=0.4667  best=0.8000  reward=10.47
[ 6366/12000]  acc=0.7333  min=0.4667  best=0.8000  reward=10.67
[ 6367/12000]  acc=0.7333  min=0.4667  best=0.8000  reward=10.67
[ 6368/12000]  acc=0.7333  min=0.4000  best=0.8000  reward=10.87
[ 6369/12000]  acc=0.8000  min=0.4000  best=0.8000  reward=10.53
[ 6370/12000]  acc=0.8000  min=0.6000  best=0.8000  reward=11.00
[ 6371/12000]  acc=0.7333  min=0.4000  best=0.8000  reward=10.40
[ 6372/12000]  acc=0.7333  min=0.5333  best=0.8000  reward=10.13
[ 6373/12000]  acc=0.7333  min=0.4667  best=0.8000  reward=10.40
[ 6374/12000]  acc=0.7333  min=0.4667  best=0.8000  reward=10.20
[ 6375/12000]  acc=0.8000  min=0.5333  best=0.8000  reward=11.60
[ 6376/12000]  acc=0.8000  min=0.4667  best=0.8000  reward=11.07
[ 6377/12000]  acc=0.7333  min=0.4667  best=0.8000  reward=10.00
[ 6378/12000]  acc=0.8000  min=0.4667  best=0.8000  reward=10.27
[ 6379/12000]  acc=0.7333  min=0.6000  best=0.8000  reward=10.60
[ 6380/12000]  acc=0.7333  min=0.4667  best=0.8000  reward=11.20 [ckpt]
[ 6381/12000]  acc=0.7333  min=0.4667  best=0.8000  reward=10.60
[ 6382/12000]  acc=0.8000  min=0.4667  best=0.8000  reward=10.93
[ 6383/12000]  acc=0.7333  min=0.4667  best=0.8000  reward=10.40
[ 6384/12000]  acc=0.8000  min=0.4000  best=0.8000  reward=10.87
[ 6385/12000]  acc=0.7333  min=0.3333  best=0.8000  reward=10.53
[ 6386/12000]  acc=0.7333  min=0.5333  best=0.8000  reward=10.67
[ 6387/12000]  acc=0.8000  min=0.5333  best=0.8000  reward=10.40
[ 6388/12000]  acc=0.8000  min=0.4000  best=0.8000  reward=10.87
[ 6389/12000]  acc=0.7333  min=0.4667  best=0.8000  reward=10.33
[ 6390/12000]  acc=0.7333  min=0.4667  best=0.8000  reward=10.40
[ 6391/12000]  acc=0.7333  min=0.4000  best=0.8000  reward=10.67
[ 6392/12000]  acc=0.7333  min=0.2667  best=0.8000  reward=10.27
[ 6393/12000]  acc=0.7333  min=0.4000  best=0.8000  reward=9.67
[ 6394/12000]  acc=0.8000  min=0.4667  best=0.8000  reward=10.67
[ 6395/12000]  acc=0.6667  min=0.4667  best=0.8000  reward=10.20
[ 6396/12000]  acc=0.6667  min=0.5333  best=0.8000  reward=10.20
[ 6397/12000]  acc=0.7333  min=0.4000  best=0.8000  reward=10.47
[ 6398/12000]  acc=0.7333  min=0.4667  best=0.8000  reward=10.33
[ 6399/12000]  acc=0.7333  min=0.4667  best=0.8000  reward=10.53
[ 6400/12000]  acc=0.7333  min=0.3333  best=0.8000  reward=10.47 [ckpt]
[ 6401/12000]  acc=0.7333  min=0.5333  best=0.8000  reward=10.20
[ 6402/12000]  acc=0.7333  min=0.4667  best=0.8000  reward=10.60
[ 6403/12000]  acc=0.7333  min=0.4000  best=0.8000  reward=10.93
[ 6404/12000]  acc=0.8000  min=0.4667  best=0.8000  reward=10.60
[ 6405/12000]  acc=0.8000  min=0.5333  best=0.8000  reward=10.73
[ 6406/12000]  acc=0.6667  min=0.6000  best=0.8000  reward=10.20
[ 6407/12000]  acc=0.8000  min=0.4000  best=0.8000  reward=10.73
[ 6408/12000]  acc=0.8000  min=0.4667  best=0.8000  reward=11.00
[ 6409/12000]  acc=0.7333  min=0.4000  best=0.8000  reward=10.40
[ 6410/12000]  acc=0.8000  min=0.5333  best=0.8000  reward=11.33
[ 6411/12000]  acc=0.7333  min=0.5333  best=0.8000  reward=10.53
[ 6412/12000]  acc=0.7333  min=0.3333  best=0.8000  reward=9.87
[ 6413/12000]  acc=0.8000  min=0.4667  best=0.8000  reward=10.60
[ 6414/12000]  acc=0.7333  min=0.4667  best=0.8000  reward=10.67
[ 6415/12000]  acc=0.8000  min=0.5333  best=0.8000  reward=10.67
[ 6416/12000]  acc=0.8000  min=0.4667  best=0.8000  reward=10.60
[ 6417/12000]  acc=0.7333  min=0.4000  best=0.8000  reward=11.00
[ 6418/12000]  acc=0.7333  min=0.4667  best=0.8000  reward=10.20
[ 6419/12000]  acc=0.7333  min=0.2667  best=0.8000  reward=10.80
[ 6420/12000]  acc=0.6667  min=0.6000  best=0.8000  reward=10.33 [ckpt]
[ 6421/12000]  acc=0.7333  min=0.6000  best=0.8000  reward=10.93
[ 6422/12000]  acc=0.7333  min=0.4667  best=0.8000  reward=10.67
[ 6423/12000]  acc=0.8000  min=0.5333  best=0.8000  reward=11.20
[ 6424/12000]  acc=0.7333  min=0.5333  best=0.8000  reward=10.87
[ 6425/12000]  acc=0.7333  min=0.4000  best=0.8000  reward=10.60
[ 6426/12000]  acc=0.8000  min=0.4000  best=0.8000  reward=10.20
[ 6427/12000]  acc=0.7333  min=0.4667  best=0.8000  reward=10.73
[ 6428/12000]  acc=0.7333  min=0.4667  best=0.8000  reward=10.87
[ 6429/12000]  acc=0.7333  min=0.5333  best=0.8000  reward=10.53
[ 6430/12000]  acc=0.8000  min=0.4667  best=0.8000  reward=10.80
[ 6431/12000]  acc=0.7333  min=0.5333  best=0.8000  reward=10.47
[ 6432/12000]  acc=0.7333  min=0.4667  best=0.8000  reward=10.67
[ 6433/12000]  acc=0.7333  min=0.5333  best=0.8000  reward=10.60
[ 6434/12000]  acc=0.8000  min=0.5333  best=0.8000  reward=11.53
[ 6435/12000]  acc=0.7333  min=0.4000  best=0.8000  reward=9.93
[ 6436/12000]  acc=0.8000  min=0.3333  best=0.8000  reward=9.87
[ 6437/12000]  acc=0.8000  min=0.4000  best=0.8000  reward=11.20
[ 6438/12000]  acc=0.7333  min=0.6000  best=0.8000  reward=10.67
[ 6439/12000]  acc=0.8000  min=0.4667  best=0.8000  reward=10.80
[ 6440/12000]  acc=0.6667  min=0.4667  best=0.8000  reward=10.27 [ckpt]
[ 6441/12000]  acc=0.6667  min=0.6667  best=0.8000  reward=10.67
[ 6442/12000]  acc=0.8000  min=0.5333  best=0.8000  reward=10.67
[ 6443/12000]  acc=0.8000  min=0.5333  best=0.8000  reward=11.07
[ 6444/12000]  acc=0.7333  min=0.4667  best=0.8000  reward=10.60
[ 6445/12000]  acc=0.7333  min=0.5333  best=0.8000  reward=11.00
[ 6446/12000]  acc=0.7333  min=0.4000  best=0.8000  reward=10.47
[ 6447/12000]  acc=0.7333  min=0.4667  best=0.8000  reward=10.47
[ 6448/12000]  acc=0.7333  min=0.5333  best=0.8000  reward=10.73
[ 6449/12000]  acc=0.7333  min=0.4667  best=0.8000  reward=10.60
[ 6450/12000]  acc=0.8000  min=0.5333  best=0.8000  reward=11.13
[ 6451/12000]  acc=0.7333  min=0.4000  best=0.8000  reward=10.53
[ 6452/12000]  acc=0.7333  min=0.5333  best=0.8000  reward=10.53
[ 6453/12000]  acc=0.6667  min=0.3333  best=0.8000  reward=10.27
[ 6454/12000]  acc=0.7333  min=0.3333  best=0.8000  reward=10.27
[ 6455/12000]  acc=0.8000  min=0.4667  best=0.8000  reward=11.20
[ 6456/12000]  acc=0.7333  min=0.4000  best=0.8000  reward=10.53
[ 6457/12000]  acc=0.8000  min=0.5333  best=0.8000  reward=11.13
[ 6458/12000]  acc=0.8000  min=0.4667  best=0.8000  reward=10.87
[ 6459/12000]  acc=0.7333  min=0.5333  best=0.8000  reward=10.73
[ 6460/12000]  acc=0.7333  min=0.3333  best=0.8000  reward=10.13 [ckpt]
[ 6461/12000]  acc=0.7333  min=0.4667  best=0.8000  reward=10.67
[ 6462/12000]  acc=0.6667  min=0.4000  best=0.8000  reward=9.93
[ 6463/12000]  acc=0.7333  min=0.4000  best=0.8000  reward=11.13
[ 6464/12000]  acc=0.7333  min=0.4667  best=0.8000  reward=10.73
[ 6465/12000]  acc=0.7333  min=0.4000  best=0.8000  reward=10.13
[ 6466/12000]  acc=0.7333  min=0.2667  best=0.8000  reward=10.33
[ 6467/12000]  acc=0.6667  min=0.4667  best=0.8000  reward=10.20
[ 6468/12000]  acc=0.7333  min=0.3333  best=0.8000  reward=10.07
[ 6469/12000]  acc=0.8000  min=0.4667  best=0.8000  reward=11.27
[ 6470/12000]  acc=0.6667  min=0.4667  best=0.8000  reward=9.73
[ 6471/12000]  acc=0.6667  min=0.4000  best=0.8000  reward=10.47
[ 6472/12000]  acc=0.7333  min=0.4000  best=0.8000  reward=11.00
[ 6473/12000]  acc=0.6667  min=0.6000  best=0.8000  reward=9.93
[ 6474/12000]  acc=0.7333  min=0.6000  best=0.8000  reward=10.27
[ 6475/12000]  acc=0.7333  min=0.5333  best=0.8000  reward=10.20
[ 6476/12000]  acc=0.8000  min=0.5333  best=0.8000  reward=10.53
[ 6477/12000]  acc=0.7333  min=0.5333  best=0.8000  reward=10.60
[ 6478/12000]  acc=0.6667  min=0.3333  best=0.8000  reward=9.53
[ 6479/12000]  acc=0.8000  min=0.4000  best=0.8000  reward=10.67
[ 6480/12000]  acc=0.7333  min=0.5333  best=0.8000  reward=10.47 [ckpt]
[ 6481/12000]  acc=0.7333  min=0.4000  best=0.8000  reward=10.53
[ 6482/12000]  acc=0.7333  min=0.5333  best=0.8000  reward=11.27
[ 6483/12000]  acc=0.8000  min=0.4000  best=0.8000  reward=10.27
[ 6484/12000]  acc=0.8000  min=0.6000  best=0.8000  reward=11.60
[ 6485/12000]  acc=0.6667  min=0.5333  best=0.8000  reward=10.07
[ 6486/12000]  acc=0.7333  min=0.4000  best=0.8000  reward=10.47
[ 6487/12000]  acc=0.6667  min=0.4000  best=0.8000  reward=9.67
[ 6488/12000]  acc=0.8000  min=0.4000  best=0.8000  reward=11.00
[ 6489/12000]  acc=0.7333  min=0.5333  best=0.8000  reward=10.73
[ 6490/12000]  acc=0.6667  min=0.4000  best=0.8000  reward=10.27
[ 6491/12000]  acc=0.7333  min=0.2667  best=0.8000  reward=10.93
[ 6492/12000]  acc=0.8000  min=0.4000  best=0.8000  reward=10.67
[ 6493/12000]  acc=0.7333  min=0.4000  best=0.8000  reward=11.07
[ 6494/12000]  acc=0.7333  min=0.4000  best=0.8000  reward=10.33
[ 6495/12000]  acc=0.7333  min=0.4000  best=0.8000  reward=10.87
[ 6496/12000]  acc=0.6667  min=0.3333  best=0.8000  reward=9.60
[ 6497/12000]  acc=0.7333  min=0.4667  best=0.8000  reward=10.40
[ 6498/12000]  acc=0.6667  min=0.4000  best=0.8000  reward=10.00
[ 6499/12000]  acc=0.7333  min=0.5333  best=0.8000  reward=10.67
[ 6500/12000]  acc=0.7333  min=0.3333  best=0.8000  reward=10.33 [ckpt]
[ 6501/12000]  acc=0.6667  min=0.4000  best=0.8000  reward=10.33
[ 6502/12000]  acc=0.7333  min=0.3333  best=0.8000  reward=10.53
[ 6503/12000]  acc=0.6667  min=0.5333  best=0.8000  reward=10.93
[ 6504/12000]  acc=0.6667  min=0.5333  best=0.8000  reward=10.60
[ 6505/12000]  acc=0.7333  min=0.4667  best=0.8000  reward=10.60
[ 6506/12000]  acc=0.6667  min=0.6000  best=0.8000  reward=10.73
[ 6507/12000]  acc=0.6667  min=0.4667  best=0.8000  reward=10.27
[ 6508/12000]  acc=0.7333  min=0.4667  best=0.8000  reward=10.93
[ 6509/12000]  acc=0.7333  min=0.4000  best=0.8000  reward=10.20
[ 6510/12000]  acc=0.7333  min=0.4667  best=0.8000  reward=11.20
[ 6511/12000]  acc=0.7333  min=0.4667  best=0.8000  reward=11.07
[ 6512/12000]  acc=0.8000  min=0.4667  best=0.8000  reward=10.40
[ 6513/12000]  acc=0.6667  min=0.3333  best=0.8000  reward=9.87
[ 6514/12000]  acc=0.7333  min=0.4667  best=0.8000  reward=11.00
[ 6515/12000]  acc=0.8000  min=0.5333  best=0.8000  reward=11.00
[ 6516/12000]  acc=0.7333  min=0.5333  best=0.8000  reward=10.47
[ 6517/12000]  acc=0.8000  min=0.5333  best=0.8000  reward=11.40
[ 6518/12000]  acc=0.6667  min=0.6000  best=0.8000  reward=10.80
[ 6519/12000]  acc=0.7333  min=0.4667  best=0.8000  reward=10.60
[ 6520/12000]  acc=0.8000  min=0.4000  best=0.8000  reward=10.60 [ckpt]
[ 6521/12000]  acc=0.8000  min=0.5333  best=0.8000  reward=11.20
[ 6522/12000]  acc=0.7333  min=0.6000  best=0.8000  reward=10.87
[ 6523/12000]  acc=0.6667  min=0.6000  best=0.8000  reward=10.80
[ 6524/12000]  acc=0.7333  min=0.5333  best=0.8000  reward=10.53
[ 6525/12000]  acc=0.6667  min=0.5333  best=0.8000  reward=10.47
[ 6526/12000]  acc=0.6667  min=0.4667  best=0.8000  reward=10.20
[ 6527/12000]  acc=0.8000  min=0.4667  best=0.8000  reward=11.00
[ 6528/12000]  acc=0.8000  min=0.5333  best=0.8000  reward=11.20
[ 6529/12000]  acc=0.6667  min=0.4667  best=0.8000  reward=10.07
[ 6530/12000]  acc=0.6667  min=0.4667  best=0.8000  reward=10.27
[ 6531/12000]  acc=0.7333  min=0.4000  best=0.8000  reward=10.73
[ 6532/12000]  acc=0.7333  min=0.3333  best=0.8000  reward=10.47
[ 6533/12000]  acc=0.6667  min=0.4000  best=0.8000  reward=10.47
[ 6534/12000]  acc=0.7333  min=0.3333  best=0.8000  reward=10.27
[ 6535/12000]  acc=0.8000  min=0.6000  best=0.8000  reward=11.13
[ 6536/12000]  acc=0.8000  min=0.5333  best=0.8000  reward=10.93
[ 6537/12000]  acc=0.7333  min=0.4000  best=0.8000  reward=10.40
[ 6538/12000]  acc=0.8000  min=0.4667  best=0.8000  reward=10.00
[ 6539/12000]  acc=0.7333  min=0.4667  best=0.8000  reward=10.60
[ 6540/12000]  acc=0.6667  min=0.4000  best=0.8000  reward=9.93 [ckpt]
[ 6541/12000]  acc=0.8000  min=0.4667  best=0.8000  reward=10.80
[ 6542/12000]  acc=0.8000  min=0.2667  best=0.8000  reward=10.47
[ 6543/12000]  acc=0.7333  min=0.5333  best=0.8000  reward=10.67
[ 6544/12000]  acc=0.7333  min=0.3333  best=0.8000  reward=10.87
[ 6545/12000]  acc=0.8000  min=0.3333  best=0.8000  reward=11.00
[ 6546/12000]  acc=0.6667  min=0.4667  best=0.8000  reward=10.47
[ 6547/12000]  acc=0.7333  min=0.6667  best=0.8000  reward=11.07
[ 6548/12000]  acc=0.8000  min=0.5333  best=0.8000  reward=10.80
[ 6549/12000]  acc=0.8000  min=0.4000  best=0.8000  reward=10.73
[ 6550/12000]  acc=0.7333  min=0.6000  best=0.8000  reward=10.60
[ 6551/12000]  acc=0.6667  min=0.4000  best=0.8000  reward=10.20
[ 6552/12000]  acc=0.7333  min=0.5333  best=0.8000  reward=10.60
[ 6553/12000]  acc=0.7333  min=0.4667  best=0.8000  reward=11.27
[ 6554/12000]  acc=0.6667  min=0.5333  best=0.8000  reward=11.00
[ 6555/12000]  acc=0.8000  min=0.4000  best=0.8000  reward=10.87
[ 6556/12000]  acc=0.8000  min=0.6000  best=0.8000  reward=10.60
[ 6557/12000]  acc=0.6667  min=0.6000  best=0.8000  reward=10.33
[ 6558/12000]  acc=0.7333  min=0.4667  best=0.8000  reward=10.80
[ 6559/12000]  acc=0.6667  min=0.4667  best=0.8000  reward=10.73
[ 6560/12000]  acc=0.6667  min=0.3333  best=0.8000  reward=10.27 [ckpt]
[ 6561/12000]  acc=0.7333  min=0.3333  best=0.8000  reward=10.20
[ 6562/12000]  acc=0.7333  min=0.4667  best=0.8000  reward=10.67
[ 6563/12000]  acc=0.7333  min=0.5333  best=0.8000  reward=10.67
[ 6564/12000]  acc=0.7333  min=0.4667  best=0.8000  reward=10.87
[ 6565/12000]  acc=0.6667  min=0.4667  best=0.8000  reward=10.60
[ 6566/12000]  acc=0.7333  min=0.4667  best=0.8000  reward=10.40
[ 6567/12000]  acc=0.7333  min=0.4000  best=0.8000  reward=10.07
[ 6568/12000]  acc=0.6667  min=0.4667  best=0.8000  reward=10.27
[ 6569/12000]  acc=0.6667  min=0.5333  best=0.8000  reward=10.40
[ 6570/12000]  acc=0.7333  min=0.5333  best=0.8000  reward=11.00
[ 6571/12000]  acc=0.6667  min=0.6000  best=0.8000  reward=10.73
[ 6572/12000]  acc=0.8000  min=0.2667  best=0.8000  reward=10.87
[ 6573/12000]  acc=0.6667  min=0.5333  best=0.8000  reward=10.47
[ 6574/12000]  acc=0.8000  min=0.4667  best=0.8000  reward=10.73
[ 6575/12000]  acc=0.8000  min=0.4667  best=0.8000  reward=10.87
[ 6576/12000]  acc=0.7333  min=0.4000  best=0.8000  reward=10.33
[ 6577/12000]  acc=0.8000  min=0.5333  best=0.8000  reward=10.53
[ 6578/12000]  acc=0.7333  min=0.6000  best=0.8000  reward=10.87
[ 6579/12000]  acc=0.8000  min=0.6000  best=0.8000  reward=11.00
[ 6580/12000]  acc=0.8000  min=0.4000  best=0.8000  reward=11.07 [ckpt]
[ 6581/12000]  acc=0.7333  min=0.4667  best=0.8000  reward=10.33
[ 6582/12000]  acc=0.6667  min=0.4000  best=0.8000  reward=10.00
[ 6583/12000]  acc=0.6667  min=0.5333  best=0.8000  reward=10.60
[ 6584/12000]  acc=0.8000  min=0.5333  best=0.8000  reward=11.27
[ 6585/12000]  acc=0.8000  min=0.5333  best=0.8000  reward=10.80
[ 6586/12000]  acc=0.7333  min=0.4667  best=0.8000  reward=10.60
[ 6587/12000]  acc=0.7333  min=0.3333  best=0.8000  reward=10.40
[ 6588/12000]  acc=0.8000  min=0.4000  best=0.8000  reward=10.47
[ 6589/12000]  acc=0.8000  min=0.4667  best=0.8000  reward=10.87
[ 6590/12000]  acc=0.7333  min=0.6000  best=0.8000  reward=10.93
[ 6591/12000]  acc=0.8000  min=0.4667  best=0.8000  reward=10.27
[ 6592/12000]  acc=0.7333  min=0.6667  best=0.8000  reward=10.67
[ 6593/12000]  acc=0.7333  min=0.5333  best=0.8000  reward=11.07
[ 6594/12000]  acc=0.7333  min=0.4667  best=0.8000  reward=11.07
[ 6595/12000]  acc=0.8000  min=0.4000  best=0.8000  reward=10.60
[ 6596/12000]  acc=0.7333  min=0.4000  best=0.8000  reward=10.40
[ 6597/12000]  acc=0.7333  min=0.3333  best=0.8000  reward=10.53
[ 6598/12000]  acc=0.7333  min=0.3333  best=0.8000  reward=10.67
[ 6599/12000]  acc=0.8000  min=0.4667  best=0.8000  reward=10.13
[ 6600/12000]  acc=0.6667  min=0.5333  best=0.8000  reward=10.13 [ckpt]
[ 6601/12000]  acc=0.7333  min=0.4667  best=0.8000  reward=11.07
[ 6602/12000]  acc=0.6667  min=0.4000  best=0.8000  reward=10.33
[ 6603/12000]  acc=0.8000  min=0.4667  best=0.8000  reward=11.00
[ 6604/12000]  acc=0.7333  min=0.5333  best=0.8000  reward=10.20
[ 6605/12000]  acc=0.7333  min=0.4667  best=0.8000  reward=10.40
[ 6606/12000]  acc=0.6667  min=0.5333  best=0.8000  reward=10.67
[ 6607/12000]  acc=0.6667  min=0.4667  best=0.8000  reward=10.27
[ 6608/12000]  acc=0.6667  min=0.3333  best=0.8000  reward=10.20
[ 6609/12000]  acc=0.7333  min=0.5333  best=0.8000  reward=10.87
[ 6610/12000]  acc=0.6667  min=0.4667  best=0.8000  reward=11.07
[ 6611/12000]  acc=0.8000  min=0.5333  best=0.8000  reward=10.53
[ 6612/12000]  acc=0.7333  min=0.4667  best=0.8000  reward=10.60
[ 6613/12000]  acc=0.8000  min=0.4667  best=0.8000  reward=11.07
[ 6614/12000]  acc=0.7333  min=0.5333  best=0.8000  reward=10.67
[ 6615/12000]  acc=0.6667  min=0.4667  best=0.8000  reward=10.00
[ 6616/12000]  acc=0.7333  min=0.4667  best=0.8000  reward=11.20
[ 6617/12000]  acc=0.6667  min=0.4000  best=0.8000  reward=10.67
[ 6618/12000]  acc=0.6667  min=0.4667  best=0.8000  reward=10.40
[ 6619/12000]  acc=0.7333  min=0.4000  best=0.8000  reward=9.93
[ 6620/12000]  acc=0.8000  min=0.4667  best=0.8000  reward=10.80 [ckpt]
[ 6621/12000]  acc=0.8000  min=0.4667  best=0.8000  reward=11.20
[ 6622/12000]  acc=0.7333  min=0.3333  best=0.8000  reward=9.80
[ 6623/12000]  acc=0.8000  min=0.5333  best=0.8000  reward=10.33
[ 6624/12000]  acc=0.8000  min=0.5333  best=0.8000  reward=10.87
[ 6625/12000]  acc=0.7333  min=0.3333  best=0.8000  reward=10.67
[ 6626/12000]  acc=0.6667  min=0.3333  best=0.8000  reward=9.93
[ 6627/12000]  acc=0.6667  min=0.4667  best=0.8000  reward=10.67
[ 6628/12000]  acc=0.6667  min=0.5333  best=0.8000  reward=10.67
[ 6629/12000]  acc=0.7333  min=0.4000  best=0.8000  reward=10.40
[ 6630/12000]  acc=0.7333  min=0.4667  best=0.8000  reward=10.93
[ 6631/12000]  acc=0.6667  min=0.4667  best=0.8000  reward=9.73
[ 6632/12000]  acc=0.7333  min=0.3333  best=0.8000  reward=10.47
[ 6633/12000]  acc=0.6667  min=0.4000  best=0.8000  reward=10.40
[ 6634/12000]  acc=0.7333  min=0.3333  best=0.8000  reward=10.13
[ 6635/12000]  acc=0.8000  min=0.5333  best=0.8000  reward=9.93
[ 6636/12000]  acc=0.7333  min=0.4667  best=0.8000  reward=10.47
[ 6637/12000]  acc=0.7333  min=0.3333  best=0.8000  reward=10.60
[ 6638/12000]  acc=0.6667  min=0.4000  best=0.8000  reward=9.60
[ 6639/12000]  acc=0.7333  min=0.5333  best=0.8000  reward=10.73
[ 6640/12000]  acc=0.7333  min=0.6000  best=0.8000  reward=10.73 [ckpt]
[ 6641/12000]  acc=0.7333  min=0.6000  best=0.8000  reward=10.67
[ 6642/12000]  acc=0.6667  min=0.4667  best=0.8000  reward=9.53
[ 6643/12000]  acc=0.7333  min=0.5333  best=0.8000  reward=10.40
[ 6644/12000]  acc=0.7333  min=0.5333  best=0.8000  reward=11.33
[ 6645/12000]  acc=0.7333  min=0.6000  best=0.8000  reward=10.53
[ 6646/12000]  acc=0.6667  min=0.5333  best=0.8000  reward=9.93
[ 6647/12000]  acc=0.6667  min=0.3333  best=0.8000  reward=10.40
[ 6648/12000]  acc=0.6667  min=0.4667  best=0.8000  reward=9.73
[ 6649/12000]  acc=0.6000  min=0.4000  best=0.8000  reward=10.07
[ 6650/12000]  acc=0.6667  min=0.4000  best=0.8000  reward=9.73
[ 6651/12000]  acc=0.8000  min=0.5333  best=0.8000  reward=10.27
[ 6652/12000]  acc=0.7333  min=0.3333  best=0.8000  reward=10.87
[ 6653/12000]  acc=0.8000  min=0.3333  best=0.8000  reward=11.20
[ 6654/12000]  acc=0.7333  min=0.4000  best=0.8000  reward=10.53
[ 6655/12000]  acc=0.7333  min=0.5333  best=0.8000  reward=10.53
[ 6656/12000]  acc=0.6667  min=0.4000  best=0.8000  reward=10.13
[ 6657/12000]  acc=0.7333  min=0.3333  best=0.8000  reward=10.67
[ 6658/12000]  acc=0.6667  min=0.4667  best=0.8000  reward=9.93
[ 6659/12000]  acc=0.8000  min=0.5333  best=0.8000  reward=10.67
[ 6660/12000]  acc=0.8000  min=0.4000  best=0.8000  reward=9.87 [ckpt]
[ 6661/12000]  acc=0.7333  min=0.2667  best=0.8000  reward=10.60
[ 6662/12000]  acc=0.6667  min=0.4667  best=0.8000  reward=10.27
[ 6663/12000]  acc=0.8000  min=0.4667  best=0.8000  reward=10.80
[ 6664/12000]  acc=0.6667  min=0.4667  best=0.8000  reward=10.47
[ 6665/12000]  acc=0.6667  min=0.5333  best=0.8000  reward=10.47
[ 6666/12000]  acc=0.8000  min=0.3333  best=0.8000  reward=10.73
[ 6667/12000]  acc=0.7333  min=0.4000  best=0.8000  reward=10.73
[ 6668/12000]  acc=0.7333  min=0.3333  best=0.8000  reward=10.13
[ 6669/12000]  acc=0.7333  min=0.5333  best=0.8000  reward=10.53
[ 6670/12000]  acc=0.6667  min=0.5333  best=0.8000  reward=10.13
[ 6671/12000]  acc=0.8000  min=0.4667  best=0.8000  reward=10.73
[ 6672/12000]  acc=0.7333  min=0.4667  best=0.8000  reward=10.33
[ 6673/12000]  acc=0.7333  min=0.6000  best=0.8000  reward=10.20
[ 6674/12000]  acc=0.6667  min=0.4000  best=0.8000  reward=9.87
[ 6675/12000]  acc=0.7333  min=0.4667  best=0.8000  reward=10.13
[ 6676/12000]  acc=0.8000  min=0.4667  best=0.8000  reward=10.20
[ 6677/12000]  acc=0.6667  min=0.4667  best=0.8000  reward=10.13
[ 6678/12000]  acc=0.8000  min=0.4667  best=0.8000  reward=10.93
[ 6679/12000]  acc=0.7333  min=0.5333  best=0.8000  reward=10.67
[ 6680/12000]  acc=0.8000  min=0.4667  best=0.8000  reward=10.80 [ckpt]
[ 6681/12000]  acc=0.7333  min=0.4000  best=0.8000  reward=10.73
[ 6682/12000]  acc=0.8000  min=0.5333  best=0.8000  reward=10.73
[ 6683/12000]  acc=0.8000  min=0.5333  best=0.8000  reward=10.93
[ 6684/12000]  acc=0.7333  min=0.5333  best=0.8000  reward=10.13
[ 6685/12000]  acc=0.8000  min=0.5333  best=0.8000  reward=10.47
[ 6686/12000]  acc=0.6667  min=0.6000  best=0.8000  reward=10.67
[ 6687/12000]  acc=0.7333  min=0.5333  best=0.8000  reward=10.53
[ 6688/12000]  acc=0.7333  min=0.4000  best=0.8000  reward=10.40
[ 6689/12000]  acc=0.8000  min=0.4667  best=0.8000  reward=10.47
[ 6690/12000]  acc=0.8000  min=0.6000  best=0.8000  reward=11.33
[ 6691/12000]  acc=0.8000  min=0.5333  best=0.8000  reward=10.80
[ 6692/12000]  acc=0.8000  min=0.6000  best=0.8000  reward=11.13
[ 6693/12000]  acc=0.7333  min=0.5333  best=0.8000  reward=10.53
[ 6694/12000]  acc=0.7333  min=0.5333  best=0.8000  reward=11.07
[ 6695/12000]  acc=0.8000  min=0.5333  best=0.8000  reward=11.00
[ 6696/12000]  acc=0.7333  min=0.4667  best=0.8000  reward=10.73
[ 6697/12000]  acc=0.8000  min=0.4667  best=0.8000  reward=11.20
[ 6698/12000]  acc=0.8000  min=0.3333  best=0.8000  reward=9.93
[ 6699/12000]  acc=0.7333  min=0.4667  best=0.8000  reward=10.33
[ 6700/12000]  acc=0.8000  min=0.4667  best=0.8000  reward=10.80 [ckpt]
[ 6701/12000]  acc=0.7333  min=0.4000  best=0.8000  reward=10.53
[ 6702/12000]  acc=0.6667  min=0.4667  best=0.8000  reward=9.87
[ 6703/12000]  acc=0.7333  min=0.4667  best=0.8000  reward=10.33
[ 6704/12000]  acc=0.7333  min=0.5333  best=0.8000  reward=10.60
[ 6705/12000]  acc=0.6667  min=0.4667  best=0.8000  reward=10.07
[ 6706/12000]  acc=0.7333  min=0.4667  best=0.8000  reward=10.20
[ 6707/12000]  acc=0.7333  min=0.4000  best=0.8000  reward=11.00
[ 6708/12000]  acc=0.8000  min=0.4667  best=0.8000  reward=10.60
[ 6709/12000]  acc=0.7333  min=0.6000  best=0.8000  reward=10.67
[ 6710/12000]  acc=0.6667  min=0.4667  best=0.8000  reward=10.33
[ 6711/12000]  acc=0.7333  min=0.4667  best=0.8000  reward=10.47
[ 6712/12000]  acc=0.6667  min=0.4000  best=0.8000  reward=9.67
[ 6713/12000]  acc=0.7333  min=0.3333  best=0.8000  reward=10.47
[ 6714/12000]  acc=0.6667  min=0.3333  best=0.8000  reward=9.87
[ 6715/12000]  acc=0.6667  min=0.4000  best=0.8000  reward=10.20
[ 6716/12000]  acc=0.7333  min=0.4000  best=0.8000  reward=10.27
[ 6717/12000]  acc=0.7333  min=0.5333  best=0.8000  reward=10.33
[ 6718/12000]  acc=0.7333  min=0.4000  best=0.8000  reward=9.93
[ 6719/12000]  acc=0.6667  min=0.4000  best=0.8000  reward=10.00
[ 6720/12000]  acc=0.6667  min=0.4667  best=0.8000  reward=10.60 [ckpt]
[ 6721/12000]  acc=0.6667  min=0.5333  best=0.8000  reward=10.20
[ 6722/12000]  acc=0.7333  min=0.4667  best=0.8000  reward=9.93
[ 6723/12000]  acc=0.6667  min=0.4000  best=0.8000  reward=9.87
[ 6724/12000]  acc=0.7333  min=0.4000  best=0.8000  reward=10.20
[ 6725/12000]  acc=0.6667  min=0.4000  best=0.8000  reward=10.87
[ 6726/12000]  acc=0.8000  min=0.5333  best=0.8000  reward=10.27
[ 6727/12000]  acc=0.6667  min=0.4667  best=0.8000  reward=10.13
[ 6728/12000]  acc=0.8000  min=0.5333  best=0.8000  reward=10.67
[ 6729/12000]  acc=0.8000  min=0.4667  best=0.8000  reward=10.73
[ 6730/12000]  acc=0.8000  min=0.2667  best=0.8000  reward=10.47
[ 6731/12000]  acc=0.7333  min=0.5333  best=0.8000  reward=10.53
[ 6732/12000]  acc=0.8000  min=0.5333  best=0.8000  reward=11.07
[ 6733/12000]  acc=0.8000  min=0.5333  best=0.8000  reward=10.87
[ 6734/12000]  acc=0.8000  min=0.4000  best=0.8000  reward=10.40
[ 6735/12000]  acc=0.7333  min=0.5333  best=0.8000  reward=10.73
[ 6736/12000]  acc=0.8000  min=0.6000  best=0.8000  reward=11.13
[ 6737/12000]  acc=0.7333  min=0.5333  best=0.8000  reward=10.27
[ 6738/12000]  acc=0.8000  min=0.5333  best=0.8000  reward=11.20
[ 6739/12000]  acc=0.8000  min=0.6000  best=0.8000  reward=11.07
[ 6740/12000]  acc=0.6667  min=0.4667  best=0.8000  reward=10.80 [ckpt]
[ 6741/12000]  acc=0.8000  min=0.3333  best=0.8000  reward=10.47
[ 6742/12000]  acc=0.8000  min=0.4667  best=0.8000  reward=10.87
[ 6743/12000]  acc=0.6667  min=0.5333  best=0.8000  reward=9.80
[ 6744/12000]  acc=0.8000  min=0.4667  best=0.8000  reward=10.80
[ 6745/12000]  acc=0.6667  min=0.4667  best=0.8000  reward=9.93
[ 6746/12000]  acc=0.8000  min=0.5333  best=0.8000  reward=11.47
[ 6747/12000]  acc=0.7333  min=0.4667  best=0.8000  reward=10.93
[ 6748/12000]  acc=0.8000  min=0.4667  best=0.8000  reward=11.13
[ 6749/12000]  acc=0.8000  min=0.4000  best=0.8000  reward=11.07
[ 6750/12000]  acc=0.7333  min=0.4000  best=0.8000  reward=10.73
[ 6751/12000]  acc=0.8000  min=0.6000  best=0.8000  reward=11.13
[ 6752/12000]  acc=0.7333  min=0.4667  best=0.8000  reward=10.47
[ 6753/12000]  acc=0.7333  min=0.4000  best=0.8000  reward=10.60
[ 6754/12000]  acc=0.8000  min=0.4667  best=0.8000  reward=11.27
[ 6755/12000]  acc=0.8000  min=0.4667  best=0.8000  reward=10.87
[ 6756/12000]  acc=0.7333  min=0.3333  best=0.8000  reward=10.40
[ 6757/12000]  acc=0.8000  min=0.4000  best=0.8000  reward=10.87
[ 6758/12000]  acc=0.8000  min=0.4667  best=0.8000  reward=11.07
[ 6759/12000]  acc=0.8000  min=0.6000  best=0.8000  reward=11.33
[ 6760/12000]  acc=0.7333  min=0.4667  best=0.8000  reward=11.27 [ckpt]
[ 6761/12000]  acc=0.6667  min=0.4667  best=0.8000  reward=10.53
[ 6762/12000]  acc=0.7333  min=0.4000  best=0.8000  reward=11.07
[ 6763/12000]  acc=0.7333  min=0.4667  best=0.8000  reward=11.00
[ 6764/12000]  acc=0.7333  min=0.4667  best=0.8000  reward=10.60
[ 6765/12000]  acc=0.8000  min=0.5333  best=0.8000  reward=11.40
[ 6766/12000]  acc=0.8000  min=0.4667  best=0.8000  reward=11.00
[ 6767/12000]  acc=0.7333  min=0.4667  best=0.8000  reward=10.87
[ 6768/12000]  acc=0.7333  min=0.6000  best=0.8000  reward=11.47
[ 6769/12000]  acc=0.6667  min=0.5333  best=0.8000  reward=10.47
[ 6770/12000]  acc=0.7333  min=0.4667  best=0.8000  reward=10.73
[ 6771/12000]  acc=0.8000  min=0.4667  best=0.8000  reward=10.80
[ 6772/12000]  acc=0.7333  min=0.5333  best=0.8000  reward=10.73
[ 6773/12000]  acc=0.8000  min=0.4667  best=0.8000  reward=10.60
[ 6774/12000]  acc=0.8000  min=0.5333  best=0.8000  reward=11.07
[ 6775/12000]  acc=0.7333  min=0.6000  best=0.8000  reward=10.67
[ 6776/12000]  acc=0.8000  min=0.4667  best=0.8000  reward=11.27
[ 6777/12000]  acc=0.8000  min=0.5333  best=0.8000  reward=11.13
[ 6778/12000]  acc=0.7333  min=0.5333  best=0.8000  reward=10.73
[ 6779/12000]  acc=0.7333  min=0.6000  best=0.8000  reward=10.53
[ 6780/12000]  acc=0.6667  min=0.4667  best=0.8000  reward=10.47 [ckpt]
[ 6781/12000]  acc=0.7333  min=0.4667  best=0.8000  reward=10.73
[ 6782/12000]  acc=0.6667  min=0.4667  best=0.8000  reward=9.80
[ 6783/12000]  acc=0.7333  min=0.5333  best=0.8000  reward=10.33
[ 6784/12000]  acc=0.7333  min=0.5333  best=0.8000  reward=10.67
[ 6785/12000]  acc=0.7333  min=0.5333  best=0.8000  reward=10.60
[ 6786/12000]  acc=0.7333  min=0.3333  best=0.8000  reward=10.13
[ 6787/12000]  acc=0.7333  min=0.5333  best=0.8000  reward=10.27
[ 6788/12000]  acc=0.7333  min=0.4667  best=0.8000  reward=10.60
[ 6789/12000]  acc=0.8000  min=0.4000  best=0.8000  reward=11.13
[ 6790/12000]  acc=0.8000  min=0.4000  best=0.8000  reward=11.20
[ 6791/12000]  acc=0.8000  min=0.4000  best=0.8000  reward=10.67
[ 6792/12000]  acc=0.7333  min=0.4667  best=0.8000  reward=10.07
[ 6793/12000]  acc=0.7333  min=0.5333  best=0.8000  reward=10.73
[ 6794/12000]  acc=0.7333  min=0.4667  best=0.8000  reward=10.53
[ 6795/12000]  acc=0.7333  min=0.6000  best=0.8000  reward=10.40
[ 6796/12000]  acc=0.7333  min=0.4667  best=0.8000  reward=10.40
[ 6797/12000]  acc=0.8000  min=0.4667  best=0.8000  reward=10.73
[ 6798/12000]  acc=0.7333  min=0.5333  best=0.8000  reward=10.67
[ 6799/12000]  acc=0.7333  min=0.4667  best=0.8000  reward=10.60
[ 6800/12000]  acc=0.7333  min=0.4667  best=0.8000  reward=10.67 [ckpt]
[ 6801/12000]  acc=0.7333  min=0.6000  best=0.8000  reward=11.07
[ 6802/12000]  acc=0.7333  min=0.5333  best=0.8000  reward=10.60
[ 6803/12000]  acc=0.7333  min=0.5333  best=0.8000  reward=10.67
[ 6804/12000]  acc=0.7333  min=0.6000  best=0.8000  reward=11.00
[ 6805/12000]  acc=0.7333  min=0.4667  best=0.8000  reward=10.53
[ 6806/12000]  acc=0.8000  min=0.3333  best=0.8000  reward=10.80
[ 6807/12000]  acc=0.7333  min=0.6000  best=0.8000  reward=10.33
[ 6808/12000]  acc=0.8000  min=0.4000  best=0.8000  reward=10.87
[ 6809/12000]  acc=0.7333  min=0.6000  best=0.8000  reward=10.80
[ 6810/12000]  acc=0.8000  min=0.6000  best=0.8000  reward=11.00
[ 6811/12000]  acc=0.7333  min=0.5333  best=0.8000  reward=10.13
[ 6812/12000]  acc=0.7333  min=0.4000  best=0.8000  reward=10.60
[ 6813/12000]  acc=0.7333  min=0.3333  best=0.8000  reward=10.07
[ 6814/12000]  acc=0.6667  min=0.5333  best=0.8000  reward=10.40
[ 6815/12000]  acc=0.6667  min=0.5333  best=0.8000  reward=9.87
[ 6816/12000]  acc=0.7333  min=0.5333  best=0.8000  reward=10.67
[ 6817/12000]  acc=0.7333  min=0.4667  best=0.8000  reward=10.00
[ 6818/12000]  acc=0.7333  min=0.4000  best=0.8000  reward=10.00
[ 6819/12000]  acc=0.8000  min=0.5333  best=0.8000  reward=11.07
[ 6820/12000]  acc=0.7333  min=0.5333  best=0.8000  reward=10.67 [ckpt]
[ 6821/12000]  acc=0.8000  min=0.4000  best=0.8000  reward=10.87
[ 6822/12000]  acc=0.8000  min=0.4000  best=0.8000  reward=11.07
[ 6823/12000]  acc=0.7333  min=0.4667  best=0.8000  reward=10.00
[ 6824/12000]  acc=0.7333  min=0.6000  best=0.8000  reward=10.67
[ 6825/12000]  acc=0.7333  min=0.6000  best=0.8000  reward=10.93
[ 6826/12000]  acc=0.6667  min=0.5333  best=0.8000  reward=9.93
[ 6827/12000]  acc=0.8000  min=0.4667  best=0.8000  reward=10.87
[ 6828/12000]  acc=0.7333  min=0.4667  best=0.8000  reward=10.47
[ 6829/12000]  acc=0.6667  min=0.5333  best=0.8000  reward=9.87
[ 6830/12000]  acc=0.7333  min=0.4000  best=0.8000  reward=10.40
[ 6831/12000]  acc=0.8000  min=0.5333  best=0.8000  reward=11.07
[ 6832/12000]  acc=0.7333  min=0.6000  best=0.8000  reward=10.73
[ 6833/12000]  acc=0.7333  min=0.6000  best=0.8000  reward=10.93
[ 6834/12000]  acc=0.8000  min=0.4667  best=0.8000  reward=11.00
[ 6835/12000]  acc=0.7333  min=0.3333  best=0.8000  reward=10.47
[ 6836/12000]  acc=0.8000  min=0.4000  best=0.8000  reward=10.80
[ 6837/12000]  acc=0.7333  min=0.4000  best=0.8000  reward=10.73
[ 6838/12000]  acc=0.6667  min=0.4667  best=0.8000  reward=10.40
[ 6839/12000]  acc=0.7333  min=0.4000  best=0.8000  reward=10.60
[ 6840/12000]  acc=0.7333  min=0.5333  best=0.8000  reward=10.13 [ckpt]
[ 6841/12000]  acc=0.8000  min=0.6000  best=0.8000  reward=10.93
[ 6842/12000]  acc=0.7333  min=0.3333  best=0.8000  reward=10.40
[ 6843/12000]  acc=0.7333  min=0.5333  best=0.8000  reward=10.60
[ 6844/12000]  acc=0.8000  min=0.5333  best=0.8000  reward=10.40
[ 6845/12000]  acc=0.7333  min=0.4000  best=0.8000  reward=10.40
[ 6846/12000]  acc=0.8000  min=0.3333  best=0.8000  reward=10.60
[ 6847/12000]  acc=0.7333  min=0.4667  best=0.8000  reward=10.67
[ 6848/12000]  acc=0.8000  min=0.3333  best=0.8000  reward=10.60
[ 6849/12000]  acc=0.8000  min=0.4000  best=0.8000  reward=10.73
[ 6850/12000]  acc=0.6667  min=0.4667  best=0.8000  reward=9.87
[ 6851/12000]  acc=0.7333  min=0.3333  best=0.8000  reward=9.80
[ 6852/12000]  acc=0.6667  min=0.4000  best=0.8000  reward=9.73
[ 6853/12000]  acc=0.7333  min=0.3333  best=0.8000  reward=10.33
[ 6854/12000]  acc=0.8000  min=0.4667  best=0.8000  reward=10.80
[ 6855/12000]  acc=0.6667  min=0.5333  best=0.8000  reward=9.80
[ 6856/12000]  acc=0.7333  min=0.4667  best=0.8000  reward=10.60
[ 6857/12000]  acc=0.6667  min=0.4000  best=0.8000  reward=10.40
[ 6858/12000]  acc=0.8000  min=0.4000  best=0.8000  reward=11.13
[ 6859/12000]  acc=0.6667  min=0.4667  best=0.8000  reward=9.87
[ 6860/12000]  acc=0.7333  min=0.3333  best=0.8000  reward=10.47 [ckpt]
[ 6861/12000]  acc=0.7333  min=0.4000  best=0.8000  reward=10.53
[ 6862/12000]  acc=0.7333  min=0.4667  best=0.8000  reward=10.93
[ 6863/12000]  acc=0.7333  min=0.6000  best=0.8000  reward=10.67
[ 6864/12000]  acc=0.6667  min=0.4000  best=0.8000  reward=9.87
[ 6865/12000]  acc=0.7333  min=0.6000  best=0.8000  reward=10.33
[ 6866/12000]  acc=0.7333  min=0.4000  best=0.8000  reward=10.47
[ 6867/12000]  acc=0.6667  min=0.6000  best=0.8000  reward=10.13
[ 6868/12000]  acc=0.7333  min=0.4000  best=0.8000  reward=10.47
[ 6869/12000]  acc=0.6667  min=0.4667  best=0.8000  reward=10.40
[ 6870/12000]  acc=0.7333  min=0.2667  best=0.8000  reward=10.47
[ 6871/12000]  acc=0.7333  min=0.6000  best=0.8000  reward=10.67
[ 6872/12000]  acc=0.7333  min=0.4667  best=0.8000  reward=10.67
[ 6873/12000]  acc=0.7333  min=0.4667  best=0.8000  reward=10.20
[ 6874/12000]  acc=0.7333  min=0.4667  best=0.8000  reward=10.73
[ 6875/12000]  acc=0.6667  min=0.4000  best=0.8000  reward=9.93
[ 6876/12000]  acc=0.7333  min=0.4000  best=0.8000  reward=10.40
[ 6877/12000]  acc=0.7333  min=0.4667  best=0.8000  reward=10.53
[ 6878/12000]  acc=0.6667  min=0.5333  best=0.8000  reward=9.87
[ 6879/12000]  acc=0.7333  min=0.3333  best=0.8000  reward=10.40
[ 6880/12000]  acc=0.7333  min=0.3333  best=0.8000  reward=10.40 [ckpt]
[ 6881/12000]  acc=0.7333  min=0.5333  best=0.8000  reward=10.73
[ 6882/12000]  acc=0.8000  min=0.4667  best=0.8000  reward=10.87
[ 6883/12000]  acc=0.7333  min=0.5333  best=0.8000  reward=10.47
[ 6884/12000]  acc=0.7333  min=0.6000  best=0.8000  reward=11.00
[ 6885/12000]  acc=0.7333  min=0.5333  best=0.8000  reward=10.67
[ 6886/12000]  acc=0.8000  min=0.4667  best=0.8000  reward=11.47
[ 6887/12000]  acc=0.7333  min=0.5333  best=0.8000  reward=10.73
[ 6888/12000]  acc=0.7333  min=0.4667  best=0.8000  reward=10.60
[ 6889/12000]  acc=0.6667  min=0.4667  best=0.8000  reward=10.20
[ 6890/12000]  acc=0.7333  min=0.5333  best=0.8000  reward=10.67
[ 6891/12000]  acc=0.7333  min=0.5333  best=0.8000  reward=10.67
[ 6892/12000]  acc=0.8667  min=0.4000  best=0.8667  reward=11.80
[ 6893/12000]  acc=0.7333  min=0.6000  best=0.8667  reward=10.60
[ 6894/12000]  acc=0.6667  min=0.4667  best=0.8667  reward=9.73
[ 6895/12000]  acc=0.7333  min=0.4667  best=0.8667  reward=10.47
[ 6896/12000]  acc=0.8000  min=0.5333  best=0.8667  reward=11.07
[ 6897/12000]  acc=0.8000  min=0.4667  best=0.8667  reward=10.80
[ 6898/12000]  acc=0.6667  min=0.4667  best=0.8667  reward=10.27
[ 6899/12000]  acc=0.6667  min=0.4000  best=0.8667  reward=10.47
[ 6900/12000]  acc=0.8000  min=0.5333  best=0.8667  reward=11.13 [ckpt]
[ 6901/12000]  acc=0.8000  min=0.5333  best=0.8667  reward=11.07
[ 6902/12000]  acc=0.7333  min=0.5333  best=0.8667  reward=10.67
[ 6903/12000]  acc=0.7333  min=0.6000  best=0.8667  reward=10.80
[ 6904/12000]  acc=0.7333  min=0.4667  best=0.8667  reward=10.67
[ 6905/12000]  acc=0.7333  min=0.4000  best=0.8667  reward=10.60
[ 6906/12000]  acc=0.6667  min=0.4000  best=0.8667  reward=9.80
[ 6907/12000]  acc=0.7333  min=0.4667  best=0.8667  reward=10.73
[ 6908/12000]  acc=0.7333  min=0.6000  best=0.8667  reward=10.53
[ 6909/12000]  acc=0.8000  min=0.6000  best=0.8667  reward=11.53
[ 6910/12000]  acc=0.7333  min=0.5333  best=0.8667  reward=10.60
[ 6911/12000]  acc=0.7333  min=0.6000  best=0.8667  reward=10.87
[ 6912/12000]  acc=0.7333  min=0.4667  best=0.8667  reward=9.93
[ 6913/12000]  acc=0.7333  min=0.6000  best=0.8667  reward=10.67
[ 6914/12000]  acc=0.6667  min=0.5333  best=0.8667  reward=9.93
[ 6915/12000]  acc=0.8000  min=0.6000  best=0.8667  reward=11.20
[ 6916/12000]  acc=0.7333  min=0.3333  best=0.8667  reward=10.40
[ 6917/12000]  acc=0.7333  min=0.4667  best=0.8667  reward=10.13
[ 6918/12000]  acc=0.7333  min=0.5333  best=0.8667  reward=10.07
[ 6919/12000]  acc=0.6667  min=0.4000  best=0.8667  reward=9.80
[ 6920/12000]  acc=0.7333  min=0.4667  best=0.8667  reward=10.67 [ckpt]
[ 6921/12000]  acc=0.7333  min=0.5333  best=0.8667  reward=10.67
[ 6922/12000]  acc=0.6667  min=0.4667  best=0.8667  reward=10.00
[ 6923/12000]  acc=0.7333  min=0.5333  best=0.8667  reward=10.67
[ 6924/12000]  acc=0.7333  min=0.5333  best=0.8667  reward=10.67
[ 6925/12000]  acc=0.8000  min=0.4667  best=0.8667  reward=10.87
[ 6926/12000]  acc=0.8000  min=0.6000  best=0.8667  reward=11.13
[ 6927/12000]  acc=0.8000  min=0.4000  best=0.8667  reward=10.47
[ 6928/12000]  acc=0.7333  min=0.3333  best=0.8667  reward=10.53
[ 6929/12000]  acc=0.8000  min=0.5333  best=0.8667  reward=11.20
[ 6930/12000]  acc=0.8000  min=0.4667  best=0.8667  reward=10.80
[ 6931/12000]  acc=0.7333  min=0.4667  best=0.8667  reward=11.00
[ 6932/12000]  acc=0.7333  min=0.5333  best=0.8667  reward=10.67
[ 6933/12000]  acc=0.7333  min=0.4000  best=0.8667  reward=10.20
[ 6934/12000]  acc=0.8000  min=0.3333  best=0.8667  reward=10.87
[ 6935/12000]  acc=0.8000  min=0.4667  best=0.8667  reward=10.80
[ 6936/12000]  acc=0.8000  min=0.4667  best=0.8667  reward=10.60
[ 6937/12000]  acc=0.8000  min=0.4000  best=0.8667  reward=10.80
[ 6938/12000]  acc=0.8000  min=0.4000  best=0.8667  reward=10.53
[ 6939/12000]  acc=0.6667  min=0.4667  best=0.8667  reward=10.40
[ 6940/12000]  acc=0.7333  min=0.3333  best=0.8667  reward=10.47 [ckpt]
[ 6941/12000]  acc=0.8000  min=0.4667  best=0.8667  reward=11.13
[ 6942/12000]  acc=0.8000  min=0.4667  best=0.8667  reward=10.73
[ 6943/12000]  acc=0.8000  min=0.4000  best=0.8667  reward=10.47
[ 6944/12000]  acc=0.6667  min=0.4667  best=0.8667  reward=9.93
[ 6945/12000]  acc=0.8000  min=0.4000  best=0.8667  reward=10.27
[ 6946/12000]  acc=0.8000  min=0.5333  best=0.8667  reward=11.13
[ 6947/12000]  acc=0.7333  min=0.4000  best=0.8667  reward=9.67
[ 6948/12000]  acc=0.8000  min=0.4667  best=0.8667  reward=10.93
[ 6949/12000]  acc=0.8000  min=0.4000  best=0.8667  reward=11.13
[ 6950/12000]  acc=0.8000  min=0.4000  best=0.8667  reward=11.00
[ 6951/12000]  acc=0.8000  min=0.4667  best=0.8667  reward=11.13
[ 6952/12000]  acc=0.8000  min=0.5333  best=0.8667  reward=11.20
[ 6953/12000]  acc=0.7333  min=0.4000  best=0.8667  reward=10.67
[ 6954/12000]  acc=0.8000  min=0.4667  best=0.8667  reward=10.80
[ 6955/12000]  acc=0.7333  min=0.5333  best=0.8667  reward=10.67
[ 6956/12000]  acc=0.8000  min=0.4667  best=0.8667  reward=10.93
[ 6957/12000]  acc=0.8000  min=0.4667  best=0.8667  reward=10.20
[ 6958/12000]  acc=0.8000  min=0.4000  best=0.8667  reward=10.67
[ 6959/12000]  acc=0.7333  min=0.4667  best=0.8667  reward=10.33
[ 6960/12000]  acc=0.8000  min=0.4667  best=0.8667  reward=10.87 [ckpt]
[ 6961/12000]  acc=0.8000  min=0.4000  best=0.8667  reward=10.73
[ 6962/12000]  acc=0.8000  min=0.5333  best=0.8667  reward=10.73
[ 6963/12000]  acc=0.6667  min=0.6000  best=0.8667  reward=9.87
[ 6964/12000]  acc=0.8000  min=0.4667  best=0.8667  reward=11.20
[ 6965/12000]  acc=0.8000  min=0.4667  best=0.8667  reward=11.13
[ 6966/12000]  acc=0.7333  min=0.3333  best=0.8667  reward=10.07
[ 6967/12000]  acc=0.7333  min=0.4667  best=0.8667  reward=10.73
[ 6968/12000]  acc=0.8000  min=0.4667  best=0.8667  reward=10.87
[ 6969/12000]  acc=0.8000  min=0.4667  best=0.8667  reward=9.93
[ 6970/12000]  acc=0.8000  min=0.4667  best=0.8667  reward=11.13
[ 6971/12000]  acc=0.7333  min=0.4000  best=0.8667  reward=10.87
[ 6972/12000]  acc=0.7333  min=0.4667  best=0.8667  reward=10.13
[ 6973/12000]  acc=0.7333  min=0.5333  best=0.8667  reward=11.00
[ 6974/12000]  acc=0.7333  min=0.5333  best=0.8667  reward=10.53
[ 6975/12000]  acc=0.8000  min=0.5333  best=0.8667  reward=11.07
[ 6976/12000]  acc=0.7333  min=0.5333  best=0.8667  reward=10.67
[ 6977/12000]  acc=0.7333  min=0.6000  best=0.8667  reward=10.60
[ 6978/12000]  acc=0.8000  min=0.4667  best=0.8667  reward=11.13
[ 6979/12000]  acc=0.7333  min=0.4000  best=0.8667  reward=10.20
[ 6980/12000]  acc=0.8000  min=0.4000  best=0.8667  reward=11.07 [ckpt]
[ 6981/12000]  acc=0.8000  min=0.5333  best=0.8667  reward=10.87
[ 6982/12000]  acc=0.8000  min=0.4000  best=0.8667  reward=10.53
[ 6983/12000]  acc=0.8000  min=0.6000  best=0.8667  reward=10.93
[ 6984/12000]  acc=0.8000  min=0.3333  best=0.8667  reward=10.73
[ 6985/12000]  acc=0.6667  min=0.5333  best=0.8667  reward=10.93
[ 6986/12000]  acc=0.6667  min=0.4667  best=0.8667  reward=10.00
[ 6987/12000]  acc=0.8000  min=0.6000  best=0.8667  reward=11.27
[ 6988/12000]  acc=0.8000  min=0.4667  best=0.8667  reward=11.07
[ 6989/12000]  acc=0.8000  min=0.5333  best=0.8667  reward=10.60
[ 6990/12000]  acc=0.7333  min=0.4000  best=0.8667  reward=10.80
[ 6991/12000]  acc=0.8000  min=0.4000  best=0.8667  reward=10.73
[ 6992/12000]  acc=0.8000  min=0.5333  best=0.8667  reward=11.07
[ 6993/12000]  acc=0.6667  min=0.6000  best=0.8667  reward=10.20
[ 6994/12000]  acc=0.7333  min=0.4667  best=0.8667  reward=10.33
[ 6995/12000]  acc=0.6667  min=0.4000  best=0.8667  reward=10.47
[ 6996/12000]  acc=0.8000  min=0.4667  best=0.8667  reward=10.93
[ 6997/12000]  acc=0.7333  min=0.4667  best=0.8667  reward=10.40
[ 6998/12000]  acc=0.8000  min=0.5333  best=0.8667  reward=11.33
[ 6999/12000]  acc=0.7333  min=0.5333  best=0.8667  reward=10.93
[ 7000/12000]  acc=0.8000  min=0.2667  best=0.8667  reward=11.00 [ckpt]
[ 7001/12000]  acc=0.7333  min=0.4667  best=0.8667  reward=10.60
[ 7002/12000]  acc=0.8000  min=0.4667  best=0.8667  reward=10.33
[ 7003/12000]  acc=0.7333  min=0.4000  best=0.8667  reward=10.40
[ 7004/12000]  acc=0.7333  min=0.4000  best=0.8667  reward=10.93
[ 7005/12000]  acc=0.7333  min=0.5333  best=0.8667  reward=10.60
[ 7006/12000]  acc=0.7333  min=0.5333  best=0.8667  reward=10.60
[ 7007/12000]  acc=0.8000  min=0.4667  best=0.8667  reward=11.13
[ 7008/12000]  acc=0.7333  min=0.5333  best=0.8667  reward=10.60
[ 7009/12000]  acc=0.8000  min=0.5333  best=0.8667  reward=10.20
[ 7010/12000]  acc=0.8000  min=0.4667  best=0.8667  reward=10.80
[ 7011/12000]  acc=0.8000  min=0.4667  best=0.8667  reward=11.20
[ 7012/12000]  acc=0.7333  min=0.4667  best=0.8667  reward=10.33
[ 7013/12000]  acc=0.8000  min=0.4667  best=0.8667  reward=10.67
[ 7014/12000]  acc=0.7333  min=0.4000  best=0.8667  reward=10.13
[ 7015/12000]  acc=0.8000  min=0.4000  best=0.8667  reward=10.47
[ 7016/12000]  acc=0.7333  min=0.2667  best=0.8667  reward=10.33
[ 7017/12000]  acc=0.8000  min=0.4000  best=0.8667  reward=10.80
[ 7018/12000]  acc=0.6667  min=0.6000  best=0.8667  reward=10.60
[ 7019/12000]  acc=0.6667  min=0.4000  best=0.8667  reward=9.93
[ 7020/12000]  acc=0.8000  min=0.4667  best=0.8667  reward=11.00 [ckpt]
[ 7021/12000]  acc=0.7333  min=0.6000  best=0.8667  reward=10.33
[ 7022/12000]  acc=0.7333  min=0.2667  best=0.8667  reward=10.33
[ 7023/12000]  acc=0.8000  min=0.6000  best=0.8667  reward=11.47
[ 7024/12000]  acc=0.8000  min=0.5333  best=0.8667  reward=10.53
[ 7025/12000]  acc=0.8000  min=0.5333  best=0.8667  reward=11.00
[ 7026/12000]  acc=0.8000  min=0.4000  best=0.8667  reward=11.00
[ 7027/12000]  acc=0.7333  min=0.5333  best=0.8667  reward=10.40
[ 7028/12000]  acc=0.7333  min=0.6000  best=0.8667  reward=11.07
[ 7029/12000]  acc=0.7333  min=0.4667  best=0.8667  reward=10.40
[ 7030/12000]  acc=0.6667  min=0.4000  best=0.8667  reward=10.13
[ 7031/12000]  acc=0.7333  min=0.4000  best=0.8667  reward=10.47
[ 7032/12000]  acc=0.7333  min=0.5333  best=0.8667  reward=11.07
[ 7033/12000]  acc=0.8000  min=0.4000  best=0.8667  reward=10.93
[ 7034/12000]  acc=0.8000  min=0.4667  best=0.8667  reward=11.07
[ 7035/12000]  acc=0.8000  min=0.4000  best=0.8667  reward=10.67
[ 7036/12000]  acc=0.8000  min=0.3333  best=0.8667  reward=10.73
[ 7037/12000]  acc=0.6667  min=0.4667  best=0.8667  reward=10.40
[ 7038/12000]  acc=0.8000  min=0.6000  best=0.8667  reward=11.07
[ 7039/12000]  acc=0.8000  min=0.4667  best=0.8667  reward=10.93
[ 7040/12000]  acc=0.8000  min=0.4000  best=0.8667  reward=11.00 [ckpt]
[ 7041/12000]  acc=0.8000  min=0.5333  best=0.8667  reward=10.80
[ 7042/12000]  acc=0.8000  min=0.5333  best=0.8667  reward=10.67
[ 7043/12000]  acc=0.7333  min=0.5333  best=0.8667  reward=10.53
[ 7044/12000]  acc=0.8000  min=0.5333  best=0.8667  reward=10.20
[ 7045/12000]  acc=0.8000  min=0.4667  best=0.8667  reward=11.33
[ 7046/12000]  acc=0.8000  min=0.4000  best=0.8667  reward=10.53
[ 7047/12000]  acc=0.8000  min=0.4667  best=0.8667  reward=10.73
[ 7048/12000]  acc=0.7333  min=0.3333  best=0.8667  reward=10.40
[ 7049/12000]  acc=0.7333  min=0.4000  best=0.8667  reward=10.47
[ 7050/12000]  acc=0.8000  min=0.5333  best=0.8667  reward=11.73
[ 7051/12000]  acc=0.7333  min=0.4667  best=0.8667  reward=10.73
[ 7052/12000]  acc=0.8000  min=0.4000  best=0.8667  reward=10.67
[ 7053/12000]  acc=0.7333  min=0.5333  best=0.8667  reward=11.07
[ 7054/12000]  acc=0.8000  min=0.4000  best=0.8667  reward=10.73
[ 7055/12000]  acc=0.8000  min=0.4667  best=0.8667  reward=10.40
[ 7056/12000]  acc=0.7333  min=0.4667  best=0.8667  reward=10.60
[ 7057/12000]  acc=0.7333  min=0.4667  best=0.8667  reward=11.00
[ 7058/12000]  acc=0.7333  min=0.4000  best=0.8667  reward=9.73
[ 7059/12000]  acc=0.7333  min=0.4667  best=0.8667  reward=10.13
[ 7060/12000]  acc=0.7333  min=0.4000  best=0.8667  reward=10.60 [ckpt]
[ 7061/12000]  acc=0.7333  min=0.5333  best=0.8667  reward=10.67
[ 7062/12000]  acc=0.7333  min=0.4000  best=0.8667  reward=10.40
[ 7063/12000]  acc=0.8000  min=0.4667  best=0.8667  reward=10.87
[ 7064/12000]  acc=0.7333  min=0.4667  best=0.8667  reward=10.67
[ 7065/12000]  acc=0.8000  min=0.3333  best=0.8667  reward=10.53
[ 7066/12000]  acc=0.6667  min=0.4667  best=0.8667  reward=10.27
[ 7067/12000]  acc=0.8000  min=0.4000  best=0.8667  reward=11.20
[ 7068/12000]  acc=0.8000  min=0.4000  best=0.8667  reward=10.67
[ 7069/12000]  acc=0.7333  min=0.4000  best=0.8667  reward=10.60
[ 7070/12000]  acc=0.7333  min=0.4000  best=0.8667  reward=10.53
[ 7071/12000]  acc=0.7333  min=0.6000  best=0.8667  reward=10.67
[ 7072/12000]  acc=0.8000  min=0.4667  best=0.8667  reward=10.80
[ 7073/12000]  acc=0.8000  min=0.3333  best=0.8667  reward=10.67
[ 7074/12000]  acc=0.8000  min=0.6000  best=0.8667  reward=11.07
[ 7075/12000]  acc=0.7333  min=0.4667  best=0.8667  reward=10.60
[ 7076/12000]  acc=0.8000  min=0.4667  best=0.8667  reward=10.73
[ 7077/12000]  acc=0.7333  min=0.4667  best=0.8667  reward=10.60
[ 7078/12000]  acc=0.7333  min=0.4667  best=0.8667  reward=10.60
[ 7079/12000]  acc=0.7333  min=0.5333  best=0.8667  reward=10.80
[ 7080/12000]  acc=0.8000  min=0.5333  best=0.8667  reward=11.13 [ckpt]
[ 7081/12000]  acc=0.7333  min=0.4667  best=0.8667  reward=10.60
[ 7082/12000]  acc=0.8000  min=0.6000  best=0.8667  reward=10.87
[ 7083/12000]  acc=0.8000  min=0.4000  best=0.8667  reward=10.53
[ 7084/12000]  acc=0.8000  min=0.4667  best=0.8667  reward=10.73
[ 7085/12000]  acc=0.7333  min=0.3333  best=0.8667  reward=10.93
[ 7086/12000]  acc=0.8000  min=0.4667  best=0.8667  reward=11.33
[ 7087/12000]  acc=0.7333  min=0.5333  best=0.8667  reward=10.60
[ 7088/12000]  acc=0.8000  min=0.4000  best=0.8667  reward=9.80
[ 7089/12000]  acc=0.8000  min=0.5333  best=0.8667  reward=10.67
[ 7090/12000]  acc=0.8000  min=0.3333  best=0.8667  reward=10.87
[ 7091/12000]  acc=0.8000  min=0.5333  best=0.8667  reward=11.27
[ 7092/12000]  acc=0.8000  min=0.4000  best=0.8667  reward=9.93
[ 7093/12000]  acc=0.7333  min=0.4667  best=0.8667  reward=10.80
[ 7094/12000]  acc=0.7333  min=0.4667  best=0.8667  reward=10.73
[ 7095/12000]  acc=0.8000  min=0.4667  best=0.8667  reward=10.93
[ 7096/12000]  acc=0.7333  min=0.4000  best=0.8667  reward=10.20
[ 7097/12000]  acc=0.8000  min=0.4000  best=0.8667  reward=10.73
[ 7098/12000]  acc=0.7333  min=0.4667  best=0.8667  reward=10.93
[ 7099/12000]  acc=0.7333  min=0.4667  best=0.8667  reward=10.80
[ 7100/12000]  acc=0.7333  min=0.6000  best=0.8667  reward=10.80 [ckpt]
[ 7101/12000]  acc=0.7333  min=0.6000  best=0.8667  reward=10.67
[ 7102/12000]  acc=0.8000  min=0.3333  best=0.8667  reward=10.73
[ 7103/12000]  acc=0.8000  min=0.3333  best=0.8667  reward=10.53
[ 7104/12000]  acc=0.6667  min=0.4667  best=0.8667  reward=9.87
[ 7105/12000]  acc=0.7333  min=0.4667  best=0.8667  reward=10.73
[ 7106/12000]  acc=0.7333  min=0.4000  best=0.8667  reward=10.27
[ 7107/12000]  acc=0.7333  min=0.3333  best=0.8667  reward=10.40
[ 7108/12000]  acc=0.7333  min=0.4000  best=0.8667  reward=10.33
[ 7109/12000]  acc=0.7333  min=0.4000  best=0.8667  reward=10.27
[ 7110/12000]  acc=0.7333  min=0.4667  best=0.8667  reward=10.47
[ 7111/12000]  acc=0.8000  min=0.4667  best=0.8667  reward=11.07
[ 7112/12000]  acc=0.8000  min=0.4667  best=0.8667  reward=10.67
[ 7113/12000]  acc=0.8000  min=0.4000  best=0.8667  reward=10.87
[ 7114/12000]  acc=0.7333  min=0.4667  best=0.8667  reward=10.27
[ 7115/12000]  acc=0.6667  min=0.4667  best=0.8667  reward=10.53
[ 7116/12000]  acc=0.6667  min=0.4000  best=0.8667  reward=9.60
[ 7117/12000]  acc=0.8000  min=0.6000  best=0.8667  reward=11.00
[ 7118/12000]  acc=0.6667  min=0.5333  best=0.8667  reward=10.53
[ 7119/12000]  acc=0.7333  min=0.5333  best=0.8667  reward=10.53
[ 7120/12000]  acc=0.8667  min=0.5333  best=0.8667  reward=11.67 [ckpt]
[ 7121/12000]  acc=0.7333  min=0.4667  best=0.8667  reward=10.20
[ 7122/12000]  acc=0.7333  min=0.4667  best=0.8667  reward=10.67
[ 7123/12000]  acc=0.7333  min=0.4000  best=0.8667  reward=10.53
[ 7124/12000]  acc=0.7333  min=0.4667  best=0.8667  reward=10.47
[ 7125/12000]  acc=0.6667  min=0.4667  best=0.8667  reward=9.87
[ 7126/12000]  acc=0.8000  min=0.4667  best=0.8667  reward=10.93
[ 7127/12000]  acc=0.7333  min=0.4000  best=0.8667  reward=10.67
[ 7128/12000]  acc=0.7333  min=0.4667  best=0.8667  reward=10.80
[ 7129/12000]  acc=0.7333  min=0.4667  best=0.8667  reward=10.67
[ 7130/12000]  acc=0.7333  min=0.4000  best=0.8667  reward=9.93
[ 7131/12000]  acc=0.8000  min=0.4667  best=0.8667  reward=10.87
[ 7132/12000]  acc=0.6667  min=0.5333  best=0.8667  reward=9.93
[ 7133/12000]  acc=0.6667  min=0.4000  best=0.8667  reward=9.80
[ 7134/12000]  acc=0.8000  min=0.4667  best=0.8667  reward=10.87
[ 7135/12000]  acc=0.8000  min=0.4667  best=0.8667  reward=11.33
[ 7136/12000]  acc=0.8000  min=0.4667  best=0.8667  reward=11.33
[ 7137/12000]  acc=0.8000  min=0.3333  best=0.8667  reward=10.93
[ 7138/12000]  acc=0.7333  min=0.5333  best=0.8667  reward=10.87
[ 7139/12000]  acc=0.7333  min=0.5333  best=0.8667  reward=10.00
[ 7140/12000]  acc=0.7333  min=0.3333  best=0.8667  reward=10.20 [ckpt]
[ 7141/12000]  acc=0.8000  min=0.4000  best=0.8667  reward=11.00
[ 7142/12000]  acc=0.7333  min=0.4667  best=0.8667  reward=10.47
[ 7143/12000]  acc=0.7333  min=0.5333  best=0.8667  reward=10.67
[ 7144/12000]  acc=0.7333  min=0.5333  best=0.8667  reward=10.67
[ 7145/12000]  acc=0.7333  min=0.5333  best=0.8667  reward=10.73
[ 7146/12000]  acc=0.7333  min=0.4667  best=0.8667  reward=10.73
[ 7147/12000]  acc=0.7333  min=0.4000  best=0.8667  reward=10.40
[ 7148/12000]  acc=0.8000  min=0.4667  best=0.8667  reward=10.93
[ 7149/12000]  acc=0.7333  min=0.5333  best=0.8667  reward=10.53
[ 7150/12000]  acc=0.7333  min=0.3333  best=0.8667  reward=10.67
[ 7151/12000]  acc=0.8000  min=0.4000  best=0.8667  reward=10.67
[ 7152/12000]  acc=0.7333  min=0.6000  best=0.8667  reward=10.47
[ 7153/12000]  acc=0.6667  min=0.5333  best=0.8667  reward=9.73
[ 7154/12000]  acc=0.7333  min=0.4000  best=0.8667  reward=10.40
[ 7155/12000]  acc=0.8000  min=0.4000  best=0.8667  reward=11.33
[ 7156/12000]  acc=0.6667  min=0.4000  best=0.8667  reward=9.60
[ 7157/12000]  acc=0.7333  min=0.4000  best=0.8667  reward=10.80
[ 7158/12000]  acc=0.7333  min=0.4000  best=0.8667  reward=10.53
[ 7159/12000]  acc=0.6667  min=0.4000  best=0.8667  reward=9.73
[ 7160/12000]  acc=0.7333  min=0.4000  best=0.8667  reward=9.87 [ckpt]
[ 7161/12000]  acc=0.7333  min=0.3333  best=0.8667  reward=9.73
[ 7162/12000]  acc=0.6667  min=0.4667  best=0.8667  reward=10.33
[ 7163/12000]  acc=0.7333  min=0.6000  best=0.8667  reward=10.60
[ 7164/12000]  acc=0.8000  min=0.4667  best=0.8667  reward=10.93
[ 7165/12000]  acc=0.7333  min=0.4667  best=0.8667  reward=10.60
[ 7166/12000]  acc=0.7333  min=0.4667  best=0.8667  reward=10.53
[ 7167/12000]  acc=0.6667  min=0.4000  best=0.8667  reward=9.67
[ 7168/12000]  acc=0.7333  min=0.4000  best=0.8667  reward=10.53
[ 7169/12000]  acc=0.7333  min=0.6000  best=0.8667  reward=10.80
[ 7170/12000]  acc=0.8000  min=0.5333  best=0.8667  reward=10.93
[ 7171/12000]  acc=0.6667  min=0.3333  best=0.8667  reward=9.60
[ 7172/12000]  acc=0.8000  min=0.4667  best=0.8667  reward=10.20
[ 7173/12000]  acc=0.7333  min=0.4667  best=0.8667  reward=10.67
[ 7174/12000]  acc=0.7333  min=0.5333  best=0.8667  reward=10.80
[ 7175/12000]  acc=0.7333  min=0.4667  best=0.8667  reward=10.53
[ 7176/12000]  acc=0.7333  min=0.5333  best=0.8667  reward=10.13
[ 7177/12000]  acc=0.7333  min=0.4000  best=0.8667  reward=10.40
[ 7178/12000]  acc=0.6667  min=0.5333  best=0.8667  reward=9.80
[ 7179/12000]  acc=0.7333  min=0.6000  best=0.8667  reward=10.87
[ 7180/12000]  acc=0.6667  min=0.4667  best=0.8667  reward=9.93 [ckpt]
[ 7181/12000]  acc=0.8000  min=0.4000  best=0.8667  reward=10.87
[ 7182/12000]  acc=0.6667  min=0.6667  best=0.8667  reward=10.07
[ 7183/12000]  acc=0.7333  min=0.4667  best=0.8667  reward=10.53
[ 7184/12000]  acc=0.7333  min=0.5333  best=0.8667  reward=10.53
[ 7185/12000]  acc=0.7333  min=0.4667  best=0.8667  reward=10.60
[ 7186/12000]  acc=0.7333  min=0.4000  best=0.8667  reward=11.07
[ 7187/12000]  acc=0.8000  min=0.4667  best=0.8667  reward=10.67
[ 7188/12000]  acc=0.8000  min=0.5333  best=0.8667  reward=10.27
[ 7189/12000]  acc=0.8000  min=0.5333  best=0.8667  reward=10.27
[ 7190/12000]  acc=0.8000  min=0.4667  best=0.8667  reward=10.87
[ 7191/12000]  acc=0.6667  min=0.3333  best=0.8667  reward=9.73
[ 7192/12000]  acc=0.7333  min=0.3333  best=0.8667  reward=10.80
[ 7193/12000]  acc=0.6667  min=0.4667  best=0.8667  reward=9.73
[ 7194/12000]  acc=0.8000  min=0.4667  best=0.8667  reward=11.13
[ 7195/12000]  acc=0.6667  min=0.4667  best=0.8667  reward=10.40
[ 7196/12000]  acc=0.7333  min=0.6000  best=0.8667  reward=10.27
[ 7197/12000]  acc=0.6667  min=0.5333  best=0.8667  reward=10.07
[ 7198/12000]  acc=0.7333  min=0.4667  best=0.8667  reward=10.73
[ 7199/12000]  acc=0.6667  min=0.4667  best=0.8667  reward=9.73
[ 7200/12000]  acc=0.8000  min=0.4667  best=0.8667  reward=10.87 [ckpt]
[ 7201/12000]  acc=0.8000  min=0.5333  best=0.8667  reward=10.47
[ 7202/12000]  acc=0.7333  min=0.4000  best=0.8667  reward=10.33
[ 7203/12000]  acc=0.8000  min=0.4667  best=0.8667  reward=11.00
[ 7204/12000]  acc=0.7333  min=0.5333  best=0.8667  reward=10.73
[ 7205/12000]  acc=0.8000  min=0.4000  best=0.8667  reward=10.53
[ 7206/12000]  acc=0.8000  min=0.4667  best=0.8667  reward=10.80
[ 7207/12000]  acc=0.8000  min=0.4667  best=0.8667  reward=11.07
[ 7208/12000]  acc=0.8000  min=0.5333  best=0.8667  reward=11.47
[ 7209/12000]  acc=0.7333  min=0.4667  best=0.8667  reward=10.80
[ 7210/12000]  acc=0.7333  min=0.4667  best=0.8667  reward=10.53
[ 7211/12000]  acc=0.8000  min=0.6000  best=0.8667  reward=10.93
[ 7212/12000]  acc=0.8000  min=0.4667  best=0.8667  reward=10.47
[ 7213/12000]  acc=0.7333  min=0.4667  best=0.8667  reward=10.53
[ 7214/12000]  acc=0.8000  min=0.4667  best=0.8667  reward=10.80
[ 7215/12000]  acc=0.6667  min=0.5333  best=0.8667  reward=10.00
[ 7216/12000]  acc=0.8000  min=0.5333  best=0.8667  reward=11.20
[ 7217/12000]  acc=0.7333  min=0.5333  best=0.8667  reward=10.67
[ 7218/12000]  acc=0.7333  min=0.4000  best=0.8667  reward=9.73
[ 7219/12000]  acc=0.8000  min=0.4667  best=0.8667  reward=11.33
[ 7220/12000]  acc=0.7333  min=0.4000  best=0.8667  reward=10.60 [ckpt]
[ 7221/12000]  acc=0.7333  min=0.5333  best=0.8667  reward=10.87
[ 7222/12000]  acc=0.8000  min=0.3333  best=0.8667  reward=11.00
[ 7223/12000]  acc=0.7333  min=0.4000  best=0.8667  reward=10.40
[ 7224/12000]  acc=0.8000  min=0.4667  best=0.8667  reward=10.80
[ 7225/12000]  acc=0.8000  min=0.3333  best=0.8667  reward=10.73
[ 7226/12000]  acc=0.8000  min=0.4667  best=0.8667  reward=10.93
[ 7227/12000]  acc=0.8000  min=0.5333  best=0.8667  reward=10.93
[ 7228/12000]  acc=0.7333  min=0.3333  best=0.8667  reward=10.07
[ 7229/12000]  acc=0.7333  min=0.5333  best=0.8667  reward=10.60
[ 7230/12000]  acc=0.8000  min=0.4667  best=0.8667  reward=10.73
[ 7231/12000]  acc=0.7333  min=0.6000  best=0.8667  reward=11.00
[ 7232/12000]  acc=0.7333  min=0.6000  best=0.8667  reward=10.53
[ 7233/12000]  acc=0.7333  min=0.4667  best=0.8667  reward=10.40
[ 7234/12000]  acc=0.7333  min=0.6000  best=0.8667  reward=10.07
[ 7235/12000]  acc=0.8000  min=0.4667  best=0.8667  reward=10.93
[ 7236/12000]  acc=0.7333  min=0.4667  best=0.8667  reward=9.93
[ 7237/12000]  acc=0.8000  min=0.6667  best=0.8667  reward=10.93
[ 7238/12000]  acc=0.7333  min=0.4667  best=0.8667  reward=10.47
[ 7239/12000]  acc=0.8000  min=0.4667  best=0.8667  reward=10.80
[ 7240/12000]  acc=0.7333  min=0.4000  best=0.8667  reward=10.47 [ckpt]
[ 7241/12000]  acc=0.6667  min=0.4667  best=0.8667  reward=9.73
[ 7242/12000]  acc=0.7333  min=0.5333  best=0.8667  reward=11.07
[ 7243/12000]  acc=0.8000  min=0.3333  best=0.8667  reward=11.20
[ 7244/12000]  acc=0.7333  min=0.4000  best=0.8667  reward=11.20
[ 7245/12000]  acc=0.8000  min=0.4667  best=0.8667  reward=11.07
[ 7246/12000]  acc=0.8000  min=0.6000  best=0.8667  reward=11.00
[ 7247/12000]  acc=0.8000  min=0.4000  best=0.8667  reward=10.53
[ 7248/12000]  acc=0.8000  min=0.4667  best=0.8667  reward=10.60
[ 7249/12000]  acc=0.7333  min=0.6000  best=0.8667  reward=10.87
[ 7250/12000]  acc=0.8000  min=0.6000  best=0.8667  reward=11.33
[ 7251/12000]  acc=0.8000  min=0.6000  best=0.8667  reward=11.13
[ 7252/12000]  acc=0.8000  min=0.4667  best=0.8667  reward=11.13
[ 7253/12000]  acc=0.8000  min=0.3333  best=0.8667  reward=10.67
[ 7254/12000]  acc=0.8000  min=0.4667  best=0.8667  reward=11.20
[ 7255/12000]  acc=0.8000  min=0.4667  best=0.8667  reward=10.73
[ 7256/12000]  acc=0.8000  min=0.4000  best=0.8667  reward=10.80
[ 7257/12000]  acc=0.6667  min=0.6000  best=0.8667  reward=10.53
[ 7258/12000]  acc=0.8000  min=0.6000  best=0.8667  reward=11.40
[ 7259/12000]  acc=0.8000  min=0.5333  best=0.8667  reward=11.60
[ 7260/12000]  acc=0.8000  min=0.4667  best=0.8667  reward=10.87 [ckpt]
[ 7261/12000]  acc=0.7333  min=0.4667  best=0.8667  reward=10.60
[ 7262/12000]  acc=0.8000  min=0.5333  best=0.8667  reward=11.27
[ 7263/12000]  acc=0.8000  min=0.4667  best=0.8667  reward=11.13
[ 7264/12000]  acc=0.7333  min=0.6000  best=0.8667  reward=10.67
[ 7265/12000]  acc=0.8000  min=0.5333  best=0.8667  reward=10.80
[ 7266/12000]  acc=0.8000  min=0.5333  best=0.8667  reward=10.73
[ 7267/12000]  acc=0.7333  min=0.4000  best=0.8667  reward=10.53
[ 7268/12000]  acc=0.6667  min=0.4667  best=0.8667  reward=9.73
[ 7269/12000]  acc=0.6667  min=0.4667  best=0.8667  reward=10.00
[ 7270/12000]  acc=0.8000  min=0.4667  best=0.8667  reward=10.80
[ 7271/12000]  acc=0.8000  min=0.4667  best=0.8667  reward=10.80
[ 7272/12000]  acc=0.8000  min=0.4000  best=0.8667  reward=10.40
[ 7273/12000]  acc=0.7333  min=0.4667  best=0.8667  reward=10.53
[ 7274/12000]  acc=0.7333  min=0.6000  best=0.8667  reward=10.73
[ 7275/12000]  acc=0.8000  min=0.4667  best=0.8667  reward=10.73
[ 7276/12000]  acc=0.7333  min=0.5333  best=0.8667  reward=10.47
[ 7277/12000]  acc=0.7333  min=0.4667  best=0.8667  reward=10.53
[ 7278/12000]  acc=0.7333  min=0.5333  best=0.8667  reward=10.73
[ 7279/12000]  acc=0.8000  min=0.4667  best=0.8667  reward=10.53
[ 7280/12000]  acc=0.7333  min=0.4667  best=0.8667  reward=10.87 [ckpt]
[ 7281/12000]  acc=0.8000  min=0.4000  best=0.8667  reward=10.00
[ 7282/12000]  acc=0.7333  min=0.5333  best=0.8667  reward=10.60
[ 7283/12000]  acc=0.6667  min=0.4000  best=0.8667  reward=10.13
[ 7284/12000]  acc=0.6667  min=0.4667  best=0.8667  reward=9.87
[ 7285/12000]  acc=0.7333  min=0.4667  best=0.8667  reward=10.33
[ 7286/12000]  acc=0.7333  min=0.5333  best=0.8667  reward=10.93
[ 7287/12000]  acc=0.6667  min=0.4000  best=0.8667  reward=10.13
[ 7288/12000]  acc=0.8000  min=0.4667  best=0.8667  reward=10.20
[ 7289/12000]  acc=0.7333  min=0.4667  best=0.8667  reward=10.13
[ 7290/12000]  acc=0.7333  min=0.4667  best=0.8667  reward=10.47
[ 7291/12000]  acc=0.6667  min=0.4667  best=0.8667  reward=9.93
[ 7292/12000]  acc=0.7333  min=0.6000  best=0.8667  reward=10.73
[ 7293/12000]  acc=0.7333  min=0.5333  best=0.8667  reward=10.33
[ 7294/12000]  acc=0.8000  min=0.5333  best=0.8667  reward=10.87
[ 7295/12000]  acc=0.7333  min=0.4667  best=0.8667  reward=10.67
[ 7296/12000]  acc=0.6667  min=0.4667  best=0.8667  reward=9.93
[ 7297/12000]  acc=0.8000  min=0.3333  best=0.8667  reward=10.60
[ 7298/12000]  acc=0.8000  min=0.4667  best=0.8667  reward=10.93
[ 7299/12000]  acc=0.7333  min=0.6000  best=0.8667  reward=10.13
[ 7300/12000]  acc=0.8000  min=0.4000  best=0.8667  reward=10.53 [ckpt]
[ 7301/12000]  acc=0.8000  min=0.3333  best=0.8667  reward=10.67
[ 7302/12000]  acc=0.7333  min=0.6000  best=0.8667  reward=10.73
[ 7303/12000]  acc=0.8000  min=0.4000  best=0.8667  reward=11.07
[ 7304/12000]  acc=0.7333  min=0.6000  best=0.8667  reward=10.73
[ 7305/12000]  acc=0.8000  min=0.4000  best=0.8667  reward=11.27
[ 7306/12000]  acc=0.8000  min=0.6000  best=0.8667  reward=11.07
[ 7307/12000]  acc=0.7333  min=0.4667  best=0.8667  reward=10.60
[ 7308/12000]  acc=0.6667  min=0.4000  best=0.8667  reward=10.00
[ 7309/12000]  acc=0.7333  min=0.5333  best=0.8667  reward=10.67
[ 7310/12000]  acc=0.7333  min=0.5333  best=0.8667  reward=10.60
[ 7311/12000]  acc=0.8000  min=0.6667  best=0.8667  reward=11.13
[ 7312/12000]  acc=0.6667  min=0.4000  best=0.8667  reward=10.60
[ 7313/12000]  acc=0.7333  min=0.6000  best=0.8667  reward=11.07
[ 7314/12000]  acc=0.7333  min=0.4667  best=0.8667  reward=10.53
[ 7315/12000]  acc=0.7333  min=0.4000  best=0.8667  reward=10.53
[ 7316/12000]  acc=0.7333  min=0.3333  best=0.8667  reward=10.60
[ 7317/12000]  acc=0.7333  min=0.4667  best=0.8667  reward=10.13
[ 7318/12000]  acc=0.6667  min=0.6000  best=0.8667  reward=10.07
[ 7319/12000]  acc=0.6667  min=0.4000  best=0.8667  reward=9.67
[ 7320/12000]  acc=0.8000  min=0.4000  best=0.8667  reward=10.60 [ckpt]
[ 7321/12000]  acc=0.6667  min=0.5333  best=0.8667  reward=10.67
[ 7322/12000]  acc=0.8000  min=0.5333  best=0.8667  reward=11.13
[ 7323/12000]  acc=0.7333  min=0.5333  best=0.8667  reward=10.60
[ 7324/12000]  acc=0.8000  min=0.6000  best=0.8667  reward=11.20
[ 7325/12000]  acc=0.8000  min=0.5333  best=0.8667  reward=10.80
[ 7326/12000]  acc=0.8000  min=0.6000  best=0.8667  reward=11.13
[ 7327/12000]  acc=0.7333  min=0.3333  best=0.8667  reward=10.40
[ 7328/12000]  acc=0.8000  min=0.4667  best=0.8667  reward=10.27
[ 7329/12000]  acc=0.8000  min=0.5333  best=0.8667  reward=10.40
[ 7330/12000]  acc=0.7333  min=0.4000  best=0.8667  reward=10.73
[ 7331/12000]  acc=0.7333  min=0.6000  best=0.8667  reward=10.60
[ 7332/12000]  acc=0.6667  min=0.6000  best=0.8667  reward=10.73
[ 7333/12000]  acc=0.7333  min=0.3333  best=0.8667  reward=10.60
[ 7334/12000]  acc=0.8000  min=0.5333  best=0.8667  reward=10.87
[ 7335/12000]  acc=0.7333  min=0.5333  best=0.8667  reward=11.00
[ 7336/12000]  acc=0.8000  min=0.3333  best=0.8667  reward=10.80
[ 7337/12000]  acc=0.7333  min=0.5333  best=0.8667  reward=10.60
[ 7338/12000]  acc=0.8000  min=0.4000  best=0.8667  reward=10.60
[ 7339/12000]  acc=0.6667  min=0.5333  best=0.8667  reward=9.87
[ 7340/12000]  acc=0.8000  min=0.5333  best=0.8667  reward=11.07 [ckpt]
[ 7341/12000]  acc=0.8000  min=0.4667  best=0.8667  reward=10.87
[ 7342/12000]  acc=0.8000  min=0.4667  best=0.8667  reward=11.13
[ 7343/12000]  acc=0.8000  min=0.4000  best=0.8667  reward=10.40
[ 7344/12000]  acc=0.7333  min=0.4667  best=0.8667  reward=10.60
[ 7345/12000]  acc=0.7333  min=0.4000  best=0.8667  reward=10.53
[ 7346/12000]  acc=0.8000  min=0.6000  best=0.8667  reward=11.40
[ 7347/12000]  acc=0.7333  min=0.5333  best=0.8667  reward=10.60
[ 7348/12000]  acc=0.7333  min=0.4000  best=0.8667  reward=10.47
[ 7349/12000]  acc=0.8000  min=0.6000  best=0.8667  reward=11.20
[ 7350/12000]  acc=0.7333  min=0.5333  best=0.8667  reward=10.47
[ 7351/12000]  acc=0.7333  min=0.4667  best=0.8667  reward=10.47
[ 7352/12000]  acc=0.7333  min=0.5333  best=0.8667  reward=10.73
[ 7353/12000]  acc=0.8000  min=0.5333  best=0.8667  reward=10.67
[ 7354/12000]  acc=0.8000  min=0.4000  best=0.8667  reward=10.93
[ 7355/12000]  acc=0.8000  min=0.4667  best=0.8667  reward=11.20
[ 7356/12000]  acc=0.7333  min=0.6000  best=0.8667  reward=10.20
[ 7357/12000]  acc=0.6667  min=0.5333  best=0.8667  reward=9.67
[ 7358/12000]  acc=0.7333  min=0.5333  best=0.8667  reward=10.27
[ 7359/12000]  acc=0.8000  min=0.4667  best=0.8667  reward=10.13
[ 7360/12000]  acc=0.8000  min=0.4667  best=0.8667  reward=10.87 [ckpt]
[ 7361/12000]  acc=0.8000  min=0.4000  best=0.8667  reward=11.27
[ 7362/12000]  acc=0.8000  min=0.4667  best=0.8667  reward=10.67
[ 7363/12000]  acc=0.8000  min=0.4667  best=0.8667  reward=10.27
[ 7364/12000]  acc=0.6667  min=0.4000  best=0.8667  reward=9.87
[ 7365/12000]  acc=0.6667  min=0.3333  best=0.8667  reward=9.80
[ 7366/12000]  acc=0.7333  min=0.4000  best=0.8667  reward=10.40
[ 7367/12000]  acc=0.7333  min=0.5333  best=0.8667  reward=11.07
[ 7368/12000]  acc=0.7333  min=0.2667  best=0.8667  reward=10.53
[ 7369/12000]  acc=0.8000  min=0.4667  best=0.8667  reward=10.53
[ 7370/12000]  acc=0.8000  min=0.4667  best=0.8667  reward=11.13
[ 7371/12000]  acc=0.6667  min=0.5333  best=0.8667  reward=10.60
[ 7372/12000]  acc=0.8000  min=0.5333  best=0.8667  reward=10.67
[ 7373/12000]  acc=0.8000  min=0.6000  best=0.8667  reward=11.47
[ 7374/12000]  acc=0.6667  min=0.3333  best=0.8667  reward=10.20
[ 7375/12000]  acc=0.7333  min=0.5333  best=0.8667  reward=10.67
[ 7376/12000]  acc=0.6667  min=0.5333  best=0.8667  reward=9.67
[ 7377/12000]  acc=0.8000  min=0.3333  best=0.8667  reward=11.13
[ 7378/12000]  acc=0.7333  min=0.3333  best=0.8667  reward=10.40
[ 7379/12000]  acc=0.7333  min=0.4000  best=0.8667  reward=10.40
[ 7380/12000]  acc=0.8000  min=0.4667  best=0.8667  reward=11.00 [ckpt]
[ 7381/12000]  acc=0.7333  min=0.4667  best=0.8667  reward=10.67
[ 7382/12000]  acc=0.7333  min=0.4667  best=0.8667  reward=10.60
[ 7383/12000]  acc=0.7333  min=0.4667  best=0.8667  reward=10.20
[ 7384/12000]  acc=0.7333  min=0.4000  best=0.8667  reward=10.53
[ 7385/12000]  acc=0.7333  min=0.4667  best=0.8667  reward=10.40
[ 7386/12000]  acc=0.8000  min=0.5333  best=0.8667  reward=10.73
[ 7387/12000]  acc=0.8000  min=0.3333  best=0.8667  reward=11.20
[ 7388/12000]  acc=0.7333  min=0.6000  best=0.8667  reward=10.87
[ 7389/12000]  acc=0.6667  min=0.6000  best=0.8667  reward=10.20
[ 7390/12000]  acc=0.7333  min=0.4000  best=0.8667  reward=10.67
[ 7391/12000]  acc=0.8000  min=0.3333  best=0.8667  reward=10.20
[ 7392/12000]  acc=0.8000  min=0.4667  best=0.8667  reward=10.47
[ 7393/12000]  acc=0.7333  min=0.4667  best=0.8667  reward=10.67
[ 7394/12000]  acc=0.7333  min=0.4667  best=0.8667  reward=10.40
[ 7395/12000]  acc=0.8000  min=0.4000  best=0.8667  reward=11.20
[ 7396/12000]  acc=0.7333  min=0.4667  best=0.8667  reward=10.60
[ 7397/12000]  acc=0.8000  min=0.5333  best=0.8667  reward=11.40
[ 7398/12000]  acc=0.8000  min=0.5333  best=0.8667  reward=10.67
[ 7399/12000]  acc=0.7333  min=0.3333  best=0.8667  reward=10.60
[ 7400/12000]  acc=0.7333  min=0.6000  best=0.8667  reward=10.13 [ckpt]
[ 7401/12000]  acc=0.7333  min=0.4000  best=0.8667  reward=9.73
[ 7402/12000]  acc=0.8000  min=0.4667  best=0.8667  reward=10.60
[ 7403/12000]  acc=0.7333  min=0.5333  best=0.8667  reward=10.87
[ 7404/12000]  acc=0.8000  min=0.4667  best=0.8667  reward=10.87
[ 7405/12000]  acc=0.8000  min=0.4667  best=0.8667  reward=11.33
[ 7406/12000]  acc=0.8000  min=0.5333  best=0.8667  reward=10.73
[ 7407/12000]  acc=0.8000  min=0.4667  best=0.8667  reward=10.73
[ 7408/12000]  acc=0.7333  min=0.4667  best=0.8667  reward=10.47
[ 7409/12000]  acc=0.7333  min=0.6000  best=0.8667  reward=10.33
[ 7410/12000]  acc=0.8000  min=0.5333  best=0.8667  reward=10.80
[ 7411/12000]  acc=0.7333  min=0.6000  best=0.8667  reward=11.00
[ 7412/12000]  acc=0.8000  min=0.6000  best=0.8667  reward=10.87
[ 7413/12000]  acc=0.8000  min=0.4667  best=0.8667  reward=10.67
[ 7414/12000]  acc=0.8000  min=0.4667  best=0.8667  reward=10.40
[ 7415/12000]  acc=0.7333  min=0.5333  best=0.8667  reward=11.07
[ 7416/12000]  acc=0.7333  min=0.3333  best=0.8667  reward=10.20
[ 7417/12000]  acc=0.7333  min=0.4000  best=0.8667  reward=10.53
[ 7418/12000]  acc=0.8000  min=0.5333  best=0.8667  reward=11.40
[ 7419/12000]  acc=0.8000  min=0.5333  best=0.8667  reward=11.27
[ 7420/12000]  acc=0.7333  min=0.3333  best=0.8667  reward=9.67 [ckpt]
[ 7421/12000]  acc=0.8000  min=0.4667  best=0.8667  reward=9.87
[ 7422/12000]  acc=0.8000  min=0.4667  best=0.8667  reward=11.20
[ 7423/12000]  acc=0.7333  min=0.6000  best=0.8667  reward=10.67
[ 7424/12000]  acc=0.7333  min=0.4667  best=0.8667  reward=10.47
[ 7425/12000]  acc=0.8000  min=0.5333  best=0.8667  reward=11.27
[ 7426/12000]  acc=0.8000  min=0.5333  best=0.8667  reward=11.13
[ 7427/12000]  acc=0.6667  min=0.4000  best=0.8667  reward=9.80
[ 7428/12000]  acc=0.8000  min=0.5333  best=0.8667  reward=11.07
[ 7429/12000]  acc=0.7333  min=0.4667  best=0.8667  reward=10.67
[ 7430/12000]  acc=0.8000  min=0.4000  best=0.8667  reward=10.93
[ 7431/12000]  acc=0.7333  min=0.6000  best=0.8667  reward=10.67
[ 7432/12000]  acc=0.6667  min=0.4000  best=0.8667  reward=10.33
[ 7433/12000]  acc=0.7333  min=0.5333  best=0.8667  reward=10.07
[ 7434/12000]  acc=0.7333  min=0.4667  best=0.8667  reward=9.93
[ 7435/12000]  acc=0.7333  min=0.6000  best=0.8667  reward=10.73
[ 7436/12000]  acc=0.8000  min=0.2667  best=0.8667  reward=10.53
[ 7437/12000]  acc=0.8000  min=0.4000  best=0.8667  reward=10.53
[ 7438/12000]  acc=0.8000  min=0.4000  best=0.8667  reward=10.87
[ 7439/12000]  acc=0.7333  min=0.4667  best=0.8667  reward=10.47
[ 7440/12000]  acc=0.7333  min=0.4000  best=0.8667  reward=10.40 [ckpt]
[ 7441/12000]  acc=0.8000  min=0.4667  best=0.8667  reward=10.80
[ 7442/12000]  acc=0.7333  min=0.5333  best=0.8667  reward=10.47
[ 7443/12000]  acc=0.8000  min=0.4667  best=0.8667  reward=11.20
[ 7444/12000]  acc=0.7333  min=0.6000  best=0.8667  reward=10.73
[ 7445/12000]  acc=0.8000  min=0.6000  best=0.8667  reward=10.67
[ 7446/12000]  acc=0.7333  min=0.4000  best=0.8667  reward=10.53
[ 7447/12000]  acc=0.8000  min=0.4667  best=0.8667  reward=10.47
[ 7448/12000]  acc=0.7333  min=0.4000  best=0.8667  reward=10.67
[ 7449/12000]  acc=0.7333  min=0.4667  best=0.8667  reward=10.20
[ 7450/12000]  acc=0.7333  min=0.5333  best=0.8667  reward=10.80
[ 7451/12000]  acc=0.8667  min=0.4667  best=0.8667  reward=11.07
[ 7452/12000]  acc=0.7333  min=0.4667  best=0.8667  reward=10.60
[ 7453/12000]  acc=0.8000  min=0.4000  best=0.8667  reward=10.67
[ 7454/12000]  acc=0.8000  min=0.6000  best=0.8667  reward=11.33
[ 7455/12000]  acc=0.7333  min=0.4000  best=0.8667  reward=10.27
[ 7456/12000]  acc=0.7333  min=0.5333  best=0.8667  reward=10.73
[ 7457/12000]  acc=0.6667  min=0.5333  best=0.8667  reward=10.13
[ 7458/12000]  acc=0.8000  min=0.5333  best=0.8667  reward=10.67
[ 7459/12000]  acc=0.8000  min=0.4667  best=0.8667  reward=10.33
[ 7460/12000]  acc=0.7333  min=0.4000  best=0.8667  reward=10.27 [ckpt]
[ 7461/12000]  acc=0.7333  min=0.4667  best=0.8667  reward=10.93
[ 7462/12000]  acc=0.7333  min=0.5333  best=0.8667  reward=11.13
[ 7463/12000]  acc=0.8000  min=0.4000  best=0.8667  reward=11.27
[ 7464/12000]  acc=0.8000  min=0.5333  best=0.8667  reward=10.73
[ 7465/12000]  acc=0.7333  min=0.5333  best=0.8667  reward=10.33
[ 7466/12000]  acc=0.8000  min=0.3333  best=0.8667  reward=11.13
[ 7467/12000]  acc=0.7333  min=0.4667  best=0.8667  reward=10.67
[ 7468/12000]  acc=0.8000  min=0.4667  best=0.8667  reward=11.07
[ 7469/12000]  acc=0.8000  min=0.5333  best=0.8667  reward=11.13
[ 7470/12000]  acc=0.7333  min=0.3333  best=0.8667  reward=10.80
[ 7471/12000]  acc=0.7333  min=0.4000  best=0.8667  reward=10.47
[ 7472/12000]  acc=0.8000  min=0.5333  best=0.8667  reward=11.13
[ 7473/12000]  acc=0.7333  min=0.4000  best=0.8667  reward=10.73
[ 7474/12000]  acc=0.7333  min=0.4667  best=0.8667  reward=10.60
[ 7475/12000]  acc=0.7333  min=0.4667  best=0.8667  reward=10.27
[ 7476/12000]  acc=0.7333  min=0.6000  best=0.8667  reward=11.20
[ 7477/12000]  acc=0.8000  min=0.4667  best=0.8667  reward=10.87
[ 7478/12000]  acc=0.7333  min=0.5333  best=0.8667  reward=10.20
[ 7479/12000]  acc=0.7333  min=0.5333  best=0.8667  reward=10.73
[ 7480/12000]  acc=0.8000  min=0.4667  best=0.8667  reward=10.87 [ckpt]
[ 7481/12000]  acc=0.8000  min=0.6000  best=0.8667  reward=11.00
[ 7482/12000]  acc=0.8000  min=0.4000  best=0.8667  reward=10.53
[ 7483/12000]  acc=0.7333  min=0.4667  best=0.8667  reward=10.93
[ 7484/12000]  acc=0.8000  min=0.6000  best=0.8667  reward=11.47
[ 7485/12000]  acc=0.7333  min=0.6000  best=0.8667  reward=10.93
[ 7486/12000]  acc=0.8000  min=0.5333  best=0.8667  reward=11.27
[ 7487/12000]  acc=0.8000  min=0.3333  best=0.8667  reward=10.93
[ 7488/12000]  acc=0.6667  min=0.6000  best=0.8667  reward=10.67
[ 7489/12000]  acc=0.6667  min=0.5333  best=0.8667  reward=9.73
[ 7490/12000]  acc=0.7333  min=0.4000  best=0.8667  reward=10.67
[ 7491/12000]  acc=0.8000  min=0.4000  best=0.8667  reward=10.00
[ 7492/12000]  acc=0.7333  min=0.6000  best=0.8667  reward=10.67
[ 7493/12000]  acc=0.7333  min=0.3333  best=0.8667  reward=10.40
[ 7494/12000]  acc=0.7333  min=0.4000  best=0.8667  reward=10.53
[ 7495/12000]  acc=0.6667  min=0.4667  best=0.8667  reward=10.20
[ 7496/12000]  acc=0.7333  min=0.5333  best=0.8667  reward=10.67
[ 7497/12000]  acc=0.6667  min=0.5333  best=0.8667  reward=9.93
[ 7498/12000]  acc=0.6667  min=0.4000  best=0.8667  reward=9.67
[ 7499/12000]  acc=0.8000  min=0.5333  best=0.8667  reward=11.40
[ 7500/12000]  acc=0.7333  min=0.5333  best=0.8667  reward=10.07 [ckpt]
[ 7501/12000]  acc=0.6667  min=0.4000  best=0.8667  reward=10.40
[ 7502/12000]  acc=0.8000  min=0.4667  best=0.8667  reward=11.00
[ 7503/12000]  acc=0.8000  min=0.5333  best=0.8667  reward=11.33
[ 7504/12000]  acc=0.7333  min=0.4667  best=0.8667  reward=10.60
[ 7505/12000]  acc=0.8000  min=0.4667  best=0.8667  reward=11.33
[ 7506/12000]  acc=0.7333  min=0.4000  best=0.8667  reward=10.53
[ 7507/12000]  acc=0.7333  min=0.5333  best=0.8667  reward=10.07
[ 7508/12000]  acc=0.7333  min=0.4000  best=0.8667  reward=10.33
[ 7509/12000]  acc=0.8667  min=0.4000  best=0.8667  reward=11.00
[ 7510/12000]  acc=0.7333  min=0.5333  best=0.8667  reward=10.60
[ 7511/12000]  acc=0.8000  min=0.4667  best=0.8667  reward=11.07
[ 7512/12000]  acc=0.7333  min=0.4000  best=0.8667  reward=10.27
[ 7513/12000]  acc=0.7333  min=0.4000  best=0.8667  reward=10.47
[ 7514/12000]  acc=0.8000  min=0.5333  best=0.8667  reward=10.80
[ 7515/12000]  acc=0.8000  min=0.6000  best=0.8667  reward=11.13
[ 7516/12000]  acc=0.8000  min=0.5333  best=0.8667  reward=11.53
[ 7517/12000]  acc=0.8000  min=0.5333  best=0.8667  reward=11.00
[ 7518/12000]  acc=0.8000  min=0.4667  best=0.8667  reward=11.00
[ 7519/12000]  acc=0.7333  min=0.4667  best=0.8667  reward=10.40
[ 7520/12000]  acc=0.8000  min=0.2667  best=0.8667  reward=11.00 [ckpt]
[ 7521/12000]  acc=0.7333  min=0.5333  best=0.8667  reward=10.73
[ 7522/12000]  acc=0.7333  min=0.5333  best=0.8667  reward=10.73
[ 7523/12000]  acc=0.7333  min=0.5333  best=0.8667  reward=10.53
[ 7524/12000]  acc=0.7333  min=0.4000  best=0.8667  reward=10.60
[ 7525/12000]  acc=0.8000  min=0.4667  best=0.8667  reward=10.73
[ 7526/12000]  acc=0.8000  min=0.3333  best=0.8667  reward=11.13
[ 7527/12000]  acc=0.8000  min=0.4000  best=0.8667  reward=10.47
[ 7528/12000]  acc=0.7333  min=0.5333  best=0.8667  reward=10.73
[ 7529/12000]  acc=0.7333  min=0.4667  best=0.8667  reward=10.73
[ 7530/12000]  acc=0.7333  min=0.3333  best=0.8667  reward=10.47
[ 7531/12000]  acc=0.7333  min=0.4667  best=0.8667  reward=10.80
[ 7532/12000]  acc=0.8000  min=0.4000  best=0.8667  reward=11.07
[ 7533/12000]  acc=0.8000  min=0.4000  best=0.8667  reward=10.73
[ 7534/12000]  acc=0.8000  min=0.5333  best=0.8667  reward=10.93
[ 7535/12000]  acc=0.7333  min=0.5333  best=0.8667  reward=10.73
[ 7536/12000]  acc=0.7333  min=0.4000  best=0.8667  reward=10.07
[ 7537/12000]  acc=0.7333  min=0.6000  best=0.8667  reward=10.47
[ 7538/12000]  acc=0.8000  min=0.5333  best=0.8667  reward=11.40
[ 7539/12000]  acc=0.8000  min=0.5333  best=0.8667  reward=10.40
[ 7540/12000]  acc=0.8000  min=0.5333  best=0.8667  reward=11.53 [ckpt]
[ 7541/12000]  acc=0.7333  min=0.6000  best=0.8667  reward=10.00
[ 7542/12000]  acc=0.8000  min=0.5333  best=0.8667  reward=10.67
[ 7543/12000]  acc=0.8000  min=0.4667  best=0.8667  reward=11.00
[ 7544/12000]  acc=0.7333  min=0.4667  best=0.8667  reward=10.87
[ 7545/12000]  acc=0.8000  min=0.4000  best=0.8667  reward=10.73
[ 7546/12000]  acc=0.8000  min=0.4667  best=0.8667  reward=10.80
[ 7547/12000]  acc=0.8000  min=0.4000  best=0.8667  reward=10.93
[ 7548/12000]  acc=0.8000  min=0.5333  best=0.8667  reward=10.53
[ 7549/12000]  acc=0.8000  min=0.5333  best=0.8667  reward=11.40
[ 7550/12000]  acc=0.6667  min=0.4667  best=0.8667  reward=10.07
[ 7551/12000]  acc=0.8000  min=0.5333  best=0.8667  reward=11.20
[ 7552/12000]  acc=0.8000  min=0.4667  best=0.8667  reward=10.60
[ 7553/12000]  acc=0.8000  min=0.4000  best=0.8667  reward=10.87
[ 7554/12000]  acc=0.8000  min=0.4667  best=0.8667  reward=11.13
[ 7555/12000]  acc=0.8000  min=0.4667  best=0.8667  reward=10.40
[ 7556/12000]  acc=0.8000  min=0.4667  best=0.8667  reward=10.00
[ 7557/12000]  acc=0.8000  min=0.5333  best=0.8667  reward=10.80
[ 7558/12000]  acc=0.6667  min=0.3333  best=0.8667  reward=10.20
[ 7559/12000]  acc=0.7333  min=0.4000  best=0.8667  reward=10.67
[ 7560/12000]  acc=0.8000  min=0.5333  best=0.8667  reward=10.80 [ckpt]
[ 7561/12000]  acc=0.8000  min=0.4667  best=0.8667  reward=10.20
[ 7562/12000]  acc=0.7333  min=0.4667  best=0.8667  reward=10.53
[ 7563/12000]  acc=0.6667  min=0.4000  best=0.8667  reward=9.87
[ 7564/12000]  acc=0.8000  min=0.4000  best=0.8667  reward=10.60
[ 7565/12000]  acc=0.7333  min=0.4000  best=0.8667  reward=10.07
[ 7566/12000]  acc=0.8000  min=0.4000  best=0.8667  reward=11.00
[ 7567/12000]  acc=0.8000  min=0.4667  best=0.8667  reward=11.07
[ 7568/12000]  acc=0.7333  min=0.5333  best=0.8667  reward=10.47
[ 7569/12000]  acc=0.8000  min=0.3333  best=0.8667  reward=10.00
[ 7570/12000]  acc=0.7333  min=0.5333  best=0.8667  reward=10.80
[ 7571/12000]  acc=0.7333  min=0.4000  best=0.8667  reward=10.27
[ 7572/12000]  acc=0.8000  min=0.4000  best=0.8667  reward=10.93
[ 7573/12000]  acc=0.7333  min=0.4667  best=0.8667  reward=10.73
[ 7574/12000]  acc=0.7333  min=0.5333  best=0.8667  reward=10.33
[ 7575/12000]  acc=0.8000  min=0.4667  best=0.8667  reward=11.27
[ 7576/12000]  acc=0.8000  min=0.5333  best=0.8667  reward=11.13
[ 7577/12000]  acc=0.8000  min=0.4000  best=0.8667  reward=10.73
[ 7578/12000]  acc=0.7333  min=0.4000  best=0.8667  reward=10.53
[ 7579/12000]  acc=0.8000  min=0.5333  best=0.8667  reward=11.33
[ 7580/12000]  acc=0.8000  min=0.6000  best=0.8667  reward=11.00 [ckpt]
[ 7581/12000]  acc=0.8000  min=0.5333  best=0.8667  reward=10.73
[ 7582/12000]  acc=0.7333  min=0.4667  best=0.8667  reward=10.40
[ 7583/12000]  acc=0.8000  min=0.4000  best=0.8667  reward=10.87
[ 7584/12000]  acc=0.7333  min=0.4667  best=0.8667  reward=10.73
[ 7585/12000]  acc=0.7333  min=0.4000  best=0.8667  reward=10.47
[ 7586/12000]  acc=0.7333  min=0.4667  best=0.8667  reward=10.60
[ 7587/12000]  acc=0.8000  min=0.4667  best=0.8667  reward=10.93
[ 7588/12000]  acc=0.8000  min=0.5333  best=0.8667  reward=10.87
[ 7589/12000]  acc=0.8000  min=0.4667  best=0.8667  reward=11.13
[ 7590/12000]  acc=0.8000  min=0.6000  best=0.8667  reward=11.00
[ 7591/12000]  acc=0.8000  min=0.5333  best=0.8667  reward=11.27
[ 7592/12000]  acc=0.7333  min=0.6000  best=0.8667  reward=10.00
[ 7593/12000]  acc=0.7333  min=0.5333  best=0.8667  reward=9.87
[ 7594/12000]  acc=0.7333  min=0.4667  best=0.8667  reward=10.93
[ 7595/12000]  acc=0.7333  min=0.4000  best=0.8667  reward=10.73
[ 7596/12000]  acc=0.8000  min=0.5333  best=0.8667  reward=10.40
[ 7597/12000]  acc=0.8000  min=0.4667  best=0.8667  reward=10.87
[ 7598/12000]  acc=0.7333  min=0.4000  best=0.8667  reward=10.47
[ 7599/12000]  acc=0.7333  min=0.5333  best=0.8667  reward=11.00
[ 7600/12000]  acc=0.7333  min=0.6000  best=0.8667  reward=10.73 [ckpt]
[ 7601/12000]  acc=0.8000  min=0.4000  best=0.8667  reward=9.93
[ 7602/12000]  acc=0.8000  min=0.4667  best=0.8667  reward=10.93
[ 7603/12000]  acc=0.8000  min=0.4000  best=0.8667  reward=12.00
[ 7604/12000]  acc=0.8000  min=0.4667  best=0.8667  reward=11.40
[ 7605/12000]  acc=0.8000  min=0.4667  best=0.8667  reward=11.13
[ 7606/12000]  acc=0.7333  min=0.2667  best=0.8667  reward=10.20
[ 7607/12000]  acc=0.8000  min=0.6000  best=0.8667  reward=10.93
[ 7608/12000]  acc=0.7333  min=0.4667  best=0.8667  reward=10.47
[ 7609/12000]  acc=0.8000  min=0.4000  best=0.8667  reward=10.47
[ 7610/12000]  acc=0.8000  min=0.4000  best=0.8667  reward=10.60
[ 7611/12000]  acc=0.7333  min=0.4667  best=0.8667  reward=10.60
[ 7612/12000]  acc=0.8000  min=0.6000  best=0.8667  reward=11.27
[ 7613/12000]  acc=0.7333  min=0.5333  best=0.8667  reward=10.67
[ 7614/12000]  acc=0.8000  min=0.4667  best=0.8667  reward=10.67
[ 7615/12000]  acc=0.7333  min=0.3333  best=0.8667  reward=10.53
[ 7616/12000]  acc=0.7333  min=0.5333  best=0.8667  reward=11.00
[ 7617/12000]  acc=0.8000  min=0.4000  best=0.8667  reward=10.93
[ 7618/12000]  acc=0.8000  min=0.5333  best=0.8667  reward=11.00
[ 7619/12000]  acc=0.8000  min=0.4667  best=0.8667  reward=10.80
[ 7620/12000]  acc=0.7333  min=0.4000  best=0.8667  reward=10.53 [ckpt]
[ 7621/12000]  acc=0.7333  min=0.4667  best=0.8667  reward=10.80
[ 7622/12000]  acc=0.8000  min=0.5333  best=0.8667  reward=10.93
[ 7623/12000]  acc=0.8000  min=0.4000  best=0.8667  reward=10.53
[ 7624/12000]  acc=0.7333  min=0.4667  best=0.8667  reward=9.87
[ 7625/12000]  acc=0.7333  min=0.6000  best=0.8667  reward=10.73
[ 7626/12000]  acc=0.7333  min=0.5333  best=0.8667  reward=10.47
[ 7627/12000]  acc=0.7333  min=0.4000  best=0.8667  reward=10.33
[ 7628/12000]  acc=0.8000  min=0.4667  best=0.8667  reward=10.80
[ 7629/12000]  acc=0.8000  min=0.4000  best=0.8667  reward=10.73
[ 7630/12000]  acc=0.8000  min=0.4667  best=0.8667  reward=11.07
[ 7631/12000]  acc=0.8000  min=0.5333  best=0.8667  reward=11.20
[ 7632/12000]  acc=0.8000  min=0.4667  best=0.8667  reward=10.80
[ 7633/12000]  acc=0.7333  min=0.4000  best=0.8667  reward=10.00
[ 7634/12000]  acc=0.7333  min=0.5333  best=0.8667  reward=10.47
[ 7635/12000]  acc=0.8000  min=0.4667  best=0.8667  reward=10.53
[ 7636/12000]  acc=0.8000  min=0.3333  best=0.8667  reward=10.80
[ 7637/12000]  acc=0.6667  min=0.4667  best=0.8667  reward=10.60
[ 7638/12000]  acc=0.8667  min=0.4000  best=0.8667  reward=11.13
[ 7639/12000]  acc=0.6667  min=0.5333  best=0.8667  reward=10.87
[ 7640/12000]  acc=0.7333  min=0.4000  best=0.8667  reward=11.07 [ckpt]
[ 7641/12000]  acc=0.8000  min=0.4667  best=0.8667  reward=11.00
[ 7642/12000]  acc=0.7333  min=0.5333  best=0.8667  reward=10.73
[ 7643/12000]  acc=0.6667  min=0.4000  best=0.8667  reward=10.27
[ 7644/12000]  acc=0.8000  min=0.4000  best=0.8667  reward=11.00
[ 7645/12000]  acc=0.7333  min=0.4000  best=0.8667  reward=10.53
[ 7646/12000]  acc=0.6667  min=0.6000  best=0.8667  reward=9.87
[ 7647/12000]  acc=0.8000  min=0.4000  best=0.8667  reward=10.47
[ 7648/12000]  acc=0.6667  min=0.4667  best=0.8667  reward=9.80
[ 7649/12000]  acc=0.8000  min=0.4000  best=0.8667  reward=10.60
[ 7650/12000]  acc=0.7333  min=0.4667  best=0.8667  reward=10.53
[ 7651/12000]  acc=0.8000  min=0.4667  best=0.8667  reward=11.00
[ 7652/12000]  acc=0.8000  min=0.5333  best=0.8667  reward=10.60
[ 7653/12000]  acc=0.8000  min=0.4000  best=0.8667  reward=11.27
[ 7654/12000]  acc=0.7333  min=0.6000  best=0.8667  reward=10.67
[ 7655/12000]  acc=0.8000  min=0.4667  best=0.8667  reward=11.27
[ 7656/12000]  acc=0.8000  min=0.4000  best=0.8667  reward=11.00
[ 7657/12000]  acc=0.8000  min=0.5333  best=0.8667  reward=11.20
[ 7658/12000]  acc=0.6667  min=0.4000  best=0.8667  reward=10.20
[ 7659/12000]  acc=0.7333  min=0.2667  best=0.8667  reward=10.47
[ 7660/12000]  acc=0.7333  min=0.4667  best=0.8667  reward=10.60 [ckpt]
[ 7661/12000]  acc=0.7333  min=0.4667  best=0.8667  reward=10.07
[ 7662/12000]  acc=0.8000  min=0.4667  best=0.8667  reward=10.60
[ 7663/12000]  acc=0.7333  min=0.4667  best=0.8667  reward=10.60
[ 7664/12000]  acc=0.7333  min=0.5333  best=0.8667  reward=10.93
[ 7665/12000]  acc=0.7333  min=0.5333  best=0.8667  reward=10.93
[ 7666/12000]  acc=0.7333  min=0.5333  best=0.8667  reward=10.40
[ 7667/12000]  acc=0.6667  min=0.5333  best=0.8667  reward=10.87
[ 7668/12000]  acc=0.7333  min=0.4000  best=0.8667  reward=10.60
[ 7669/12000]  acc=0.8000  min=0.4667  best=0.8667  reward=10.60
[ 7670/12000]  acc=0.8000  min=0.4000  best=0.8667  reward=11.40
[ 7671/12000]  acc=0.8000  min=0.3333  best=0.8667  reward=11.00
[ 7672/12000]  acc=0.8000  min=0.5333  best=0.8667  reward=10.67
[ 7673/12000]  acc=0.6667  min=0.4667  best=0.8667  reward=10.20
[ 7674/12000]  acc=0.8000  min=0.5333  best=0.8667  reward=11.00
[ 7675/12000]  acc=0.8000  min=0.5333  best=0.8667  reward=11.20
[ 7676/12000]  acc=0.8000  min=0.4000  best=0.8667  reward=10.13
[ 7677/12000]  acc=0.7333  min=0.4000  best=0.8667  reward=10.67
[ 7678/12000]  acc=0.8000  min=0.4667  best=0.8667  reward=11.13
[ 7679/12000]  acc=0.8000  min=0.4000  best=0.8667  reward=10.73
[ 7680/12000]  acc=0.8000  min=0.4667  best=0.8667  reward=10.80 [ckpt]
[ 7681/12000]  acc=0.7333  min=0.5333  best=0.8667  reward=10.67
[ 7682/12000]  acc=0.7333  min=0.4667  best=0.8667  reward=10.53
[ 7683/12000]  acc=0.7333  min=0.4667  best=0.8667  reward=10.93
[ 7684/12000]  acc=0.7333  min=0.4667  best=0.8667  reward=10.47
[ 7685/12000]  acc=0.8000  min=0.5333  best=0.8667  reward=10.53
[ 7686/12000]  acc=0.8000  min=0.6000  best=0.8667  reward=11.33
[ 7687/12000]  acc=0.8000  min=0.5333  best=0.8667  reward=11.13
[ 7688/12000]  acc=0.7333  min=0.4000  best=0.8667  reward=10.87
[ 7689/12000]  acc=0.8000  min=0.4667  best=0.8667  reward=10.80
[ 7690/12000]  acc=0.8000  min=0.3333  best=0.8667  reward=10.93
[ 7691/12000]  acc=0.8000  min=0.4000  best=0.8667  reward=10.73
[ 7692/12000]  acc=0.7333  min=0.4667  best=0.8667  reward=10.27
[ 7693/12000]  acc=0.8000  min=0.4667  best=0.8667  reward=11.07
[ 7694/12000]  acc=0.6667  min=0.5333  best=0.8667  reward=10.20
[ 7695/12000]  acc=0.8000  min=0.2667  best=0.8667  reward=10.00
[ 7696/12000]  acc=0.6667  min=0.4000  best=0.8667  reward=9.87
[ 7697/12000]  acc=0.8000  min=0.4000  best=0.8667  reward=10.87
[ 7698/12000]  acc=0.7333  min=0.4667  best=0.8667  reward=10.80
[ 7699/12000]  acc=0.7333  min=0.4667  best=0.8667  reward=10.47
[ 7700/12000]  acc=0.8000  min=0.4000  best=0.8667  reward=10.73 [ckpt]
[ 7701/12000]  acc=0.6667  min=0.5333  best=0.8667  reward=10.33
[ 7702/12000]  acc=0.8000  min=0.4000  best=0.8667  reward=10.20
[ 7703/12000]  acc=0.7333  min=0.5333  best=0.8667  reward=11.07
[ 7704/12000]  acc=0.7333  min=0.3333  best=0.8667  reward=9.67
[ 7705/12000]  acc=0.8000  min=0.5333  best=0.8667  reward=10.80
[ 7706/12000]  acc=0.8000  min=0.4000  best=0.8667  reward=10.40
[ 7707/12000]  acc=0.7333  min=0.4667  best=0.8667  reward=10.40
[ 7708/12000]  acc=0.8000  min=0.5333  best=0.8667  reward=11.27
[ 7709/12000]  acc=0.7333  min=0.6000  best=0.8667  reward=10.67
[ 7710/12000]  acc=0.6667  min=0.5333  best=0.8667  reward=10.53
[ 7711/12000]  acc=0.7333  min=0.2667  best=0.8667  reward=10.53
[ 7712/12000]  acc=0.7333  min=0.4667  best=0.8667  reward=10.67
[ 7713/12000]  acc=0.8000  min=0.4000  best=0.8667  reward=10.47
[ 7714/12000]  acc=0.8000  min=0.4000  best=0.8667  reward=10.87
[ 7715/12000]  acc=0.8000  min=0.5333  best=0.8667  reward=11.13
[ 7716/12000]  acc=0.7333  min=0.4667  best=0.8667  reward=10.60
[ 7717/12000]  acc=0.8000  min=0.4667  best=0.8667  reward=10.93
[ 7718/12000]  acc=0.8000  min=0.4667  best=0.8667  reward=10.80
[ 7719/12000]  acc=0.8000  min=0.6667  best=0.8667  reward=11.07
[ 7720/12000]  acc=0.7333  min=0.4000  best=0.8667  reward=10.67 [ckpt]
[ 7721/12000]  acc=0.6667  min=0.4000  best=0.8667  reward=9.87
[ 7722/12000]  acc=0.8000  min=0.4667  best=0.8667  reward=11.27
[ 7723/12000]  acc=0.8000  min=0.5333  best=0.8667  reward=10.93
[ 7724/12000]  acc=0.7333  min=0.3333  best=0.8667  reward=10.47
[ 7725/12000]  acc=0.7333  min=0.4667  best=0.8667  reward=10.80
[ 7726/12000]  acc=0.8000  min=0.4000  best=0.8667  reward=11.27
[ 7727/12000]  acc=0.8000  min=0.5333  best=0.8667  reward=11.00
[ 7728/12000]  acc=0.7333  min=0.4000  best=0.8667  reward=10.13
[ 7729/12000]  acc=0.7333  min=0.5333  best=0.8667  reward=11.13
[ 7730/12000]  acc=0.7333  min=0.4000  best=0.8667  reward=9.80
[ 7731/12000]  acc=0.8000  min=0.5333  best=0.8667  reward=11.27
[ 7732/12000]  acc=0.7333  min=0.5333  best=0.8667  reward=9.87
[ 7733/12000]  acc=0.7333  min=0.5333  best=0.8667  reward=10.60
[ 7734/12000]  acc=0.7333  min=0.4000  best=0.8667  reward=10.53
[ 7735/12000]  acc=0.8000  min=0.4667  best=0.8667  reward=10.93
[ 7736/12000]  acc=0.8000  min=0.6000  best=0.8667  reward=11.07
[ 7737/12000]  acc=0.8000  min=0.4000  best=0.8667  reward=10.67
[ 7738/12000]  acc=0.6667  min=0.4667  best=0.8667  reward=9.87
[ 7739/12000]  acc=0.8000  min=0.5333  best=0.8667  reward=11.13
[ 7740/12000]  acc=0.8000  min=0.5333  best=0.8667  reward=10.67 [ckpt]
[ 7741/12000]  acc=0.8000  min=0.4667  best=0.8667  reward=10.73
[ 7742/12000]  acc=0.8000  min=0.5333  best=0.8667  reward=10.40
[ 7743/12000]  acc=0.8000  min=0.3333  best=0.8667  reward=11.00
[ 7744/12000]  acc=0.8000  min=0.3333  best=0.8667  reward=10.73
[ 7745/12000]  acc=0.8000  min=0.4667  best=0.8667  reward=11.07
[ 7746/12000]  acc=0.8000  min=0.4667  best=0.8667  reward=10.60
[ 7747/12000]  acc=0.8000  min=0.4667  best=0.8667  reward=11.00
[ 7748/12000]  acc=0.8000  min=0.5333  best=0.8667  reward=10.53
[ 7749/12000]  acc=0.8000  min=0.4667  best=0.8667  reward=10.67
[ 7750/12000]  acc=0.8000  min=0.6000  best=0.8667  reward=11.07
[ 7751/12000]  acc=0.8000  min=0.4000  best=0.8667  reward=10.93
[ 7752/12000]  acc=0.7333  min=0.4667  best=0.8667  reward=10.13
[ 7753/12000]  acc=0.8000  min=0.4667  best=0.8667  reward=11.13
[ 7754/12000]  acc=0.6667  min=0.4667  best=0.8667  reward=10.07
[ 7755/12000]  acc=0.7333  min=0.4000  best=0.8667  reward=10.47
[ 7756/12000]  acc=0.7333  min=0.5333  best=0.8667  reward=11.13
[ 7757/12000]  acc=0.7333  min=0.6667  best=0.8667  reward=10.33
[ 7758/12000]  acc=0.6667  min=0.5333  best=0.8667  reward=10.80
[ 7759/12000]  acc=0.8000  min=0.4667  best=0.8667  reward=11.00
[ 7760/12000]  acc=0.8000  min=0.5333  best=0.8667  reward=10.67 [ckpt]
[ 7761/12000]  acc=0.7333  min=0.4667  best=0.8667  reward=10.60
[ 7762/12000]  acc=0.7333  min=0.6000  best=0.8667  reward=10.73
[ 7763/12000]  acc=0.8000  min=0.4000  best=0.8667  reward=10.67
[ 7764/12000]  acc=0.7333  min=0.6000  best=0.8667  reward=10.93
[ 7765/12000]  acc=0.8000  min=0.5333  best=0.8667  reward=10.93
[ 7766/12000]  acc=0.6667  min=0.5333  best=0.8667  reward=9.87
[ 7767/12000]  acc=0.8000  min=0.6000  best=0.8667  reward=11.53
[ 7768/12000]  acc=0.7333  min=0.4667  best=0.8667  reward=10.47
[ 7769/12000]  acc=0.8000  min=0.4667  best=0.8667  reward=10.67
[ 7770/12000]  acc=0.8000  min=0.5333  best=0.8667  reward=10.80
[ 7771/12000]  acc=0.8000  min=0.4000  best=0.8667  reward=10.80
[ 7772/12000]  acc=0.7333  min=0.5333  best=0.8667  reward=10.87
[ 7773/12000]  acc=0.7333  min=0.4667  best=0.8667  reward=10.13
[ 7774/12000]  acc=0.8000  min=0.5333  best=0.8667  reward=10.67
[ 7775/12000]  acc=0.8000  min=0.5333  best=0.8667  reward=11.00
[ 7776/12000]  acc=0.8000  min=0.4667  best=0.8667  reward=10.80
[ 7777/12000]  acc=0.7333  min=0.4000  best=0.8667  reward=10.80
[ 7778/12000]  acc=0.8000  min=0.4000  best=0.8667  reward=11.27
[ 7779/12000]  acc=0.8000  min=0.4667  best=0.8667  reward=10.80
[ 7780/12000]  acc=0.8000  min=0.4667  best=0.8667  reward=10.80 [ckpt]
[ 7781/12000]  acc=0.7333  min=0.4667  best=0.8667  reward=11.07
[ 7782/12000]  acc=0.8000  min=0.5333  best=0.8667  reward=10.80
[ 7783/12000]  acc=0.8000  min=0.4667  best=0.8667  reward=11.00
[ 7784/12000]  acc=0.7333  min=0.4667  best=0.8667  reward=10.80
[ 7785/12000]  acc=0.7333  min=0.3333  best=0.8667  reward=10.47
[ 7786/12000]  acc=0.7333  min=0.5333  best=0.8667  reward=10.60
[ 7787/12000]  acc=0.7333  min=0.5333  best=0.8667  reward=11.27
[ 7788/12000]  acc=0.8000  min=0.4000  best=0.8667  reward=11.27
[ 7789/12000]  acc=0.8000  min=0.5333  best=0.8667  reward=10.53
[ 7790/12000]  acc=0.8000  min=0.4667  best=0.8667  reward=11.33
[ 7791/12000]  acc=0.7333  min=0.4000  best=0.8667  reward=10.87
[ 7792/12000]  acc=0.8667  min=0.5333  best=0.8667  reward=11.87
[ 7793/12000]  acc=0.8000  min=0.4000  best=0.8667  reward=10.87
[ 7794/12000]  acc=0.7333  min=0.5333  best=0.8667  reward=10.60
[ 7795/12000]  acc=0.8000  min=0.5333  best=0.8667  reward=10.80
[ 7796/12000]  acc=0.7333  min=0.4667  best=0.8667  reward=10.33
[ 7797/12000]  acc=0.7333  min=0.4667  best=0.8667  reward=10.27
[ 7798/12000]  acc=0.7333  min=0.4000  best=0.8667  reward=10.27
[ 7799/12000]  acc=0.7333  min=0.5333  best=0.8667  reward=10.80
[ 7800/12000]  acc=0.8000  min=0.4667  best=0.8667  reward=10.60 [ckpt]
[ 7801/12000]  acc=0.7333  min=0.4667  best=0.8667  reward=10.67
[ 7802/12000]  acc=0.8000  min=0.5333  best=0.8667  reward=10.20
[ 7803/12000]  acc=0.7333  min=0.4667  best=0.8667  reward=10.53
[ 7804/12000]  acc=0.7333  min=0.4000  best=0.8667  reward=10.40
[ 7805/12000]  acc=0.7333  min=0.4000  best=0.8667  reward=10.73
[ 7806/12000]  acc=0.8000  min=0.4000  best=0.8667  reward=10.60
[ 7807/12000]  acc=0.8000  min=0.3333  best=0.8667  reward=9.73
[ 7808/12000]  acc=0.8000  min=0.4667  best=0.8667  reward=11.13
[ 7809/12000]  acc=0.7333  min=0.4667  best=0.8667  reward=10.27
[ 7810/12000]  acc=0.7333  min=0.4000  best=0.8667  reward=10.53
[ 7811/12000]  acc=0.8000  min=0.4667  best=0.8667  reward=11.47
[ 7812/12000]  acc=0.7333  min=0.4000  best=0.8667  reward=10.40
[ 7813/12000]  acc=0.8000  min=0.4667  best=0.8667  reward=10.40
[ 7814/12000]  acc=0.8000  min=0.4667  best=0.8667  reward=10.93
[ 7815/12000]  acc=0.7333  min=0.4000  best=0.8667  reward=9.87
[ 7816/12000]  acc=0.7333  min=0.4667  best=0.8667  reward=10.67
[ 7817/12000]  acc=0.6667  min=0.4667  best=0.8667  reward=9.80
[ 7818/12000]  acc=0.7333  min=0.3333  best=0.8667  reward=10.60
[ 7819/12000]  acc=0.8000  min=0.4667  best=0.8667  reward=10.60
[ 7820/12000]  acc=0.7333  min=0.4667  best=0.8667  reward=10.67 [ckpt]
[ 7821/12000]  acc=0.7333  min=0.4000  best=0.8667  reward=10.33
[ 7822/12000]  acc=0.8000  min=0.3333  best=0.8667  reward=10.93
[ 7823/12000]  acc=0.8000  min=0.4667  best=0.8667  reward=10.87
[ 7824/12000]  acc=0.6667  min=0.5333  best=0.8667  reward=9.87
[ 7825/12000]  acc=0.8000  min=0.6000  best=0.8667  reward=10.93
[ 7826/12000]  acc=0.8000  min=0.4000  best=0.8667  reward=10.53
[ 7827/12000]  acc=0.7333  min=0.5333  best=0.8667  reward=10.93
[ 7828/12000]  acc=0.6667  min=0.4667  best=0.8667  reward=9.80
[ 7829/12000]  acc=0.8000  min=0.4000  best=0.8667  reward=10.53
[ 7830/12000]  acc=0.8000  min=0.6000  best=0.8667  reward=10.40
[ 7831/12000]  acc=0.7333  min=0.4667  best=0.8667  reward=10.73
[ 7832/12000]  acc=0.8000  min=0.5333  best=0.8667  reward=10.47
[ 7833/12000]  acc=0.7333  min=0.3333  best=0.8667  reward=10.33
[ 7834/12000]  acc=0.7333  min=0.3333  best=0.8667  reward=10.20
[ 7835/12000]  acc=0.7333  min=0.5333  best=0.8667  reward=11.13
[ 7836/12000]  acc=0.8000  min=0.5333  best=0.8667  reward=11.00
[ 7837/12000]  acc=0.6667  min=0.5333  best=0.8667  reward=10.13
[ 7838/12000]  acc=0.7333  min=0.4000  best=0.8667  reward=11.00
[ 7839/12000]  acc=0.7333  min=0.4667  best=0.8667  reward=10.67
[ 7840/12000]  acc=0.7333  min=0.4000  best=0.8667  reward=10.80 [ckpt]
[ 7841/12000]  acc=0.8667  min=0.5333  best=0.8667  reward=11.53
[ 7842/12000]  acc=0.8000  min=0.5333  best=0.8667  reward=11.00
[ 7843/12000]  acc=0.7333  min=0.6000  best=0.8667  reward=10.93
[ 7844/12000]  acc=0.7333  min=0.4000  best=0.8667  reward=10.47
[ 7845/12000]  acc=0.8000  min=0.4000  best=0.8667  reward=10.67
[ 7846/12000]  acc=0.8000  min=0.6000  best=0.8667  reward=11.20
[ 7847/12000]  acc=0.7333  min=0.4000  best=0.8667  reward=10.67
[ 7848/12000]  acc=0.7333  min=0.5333  best=0.8667  reward=10.73
[ 7849/12000]  acc=0.7333  min=0.5333  best=0.8667  reward=10.67
[ 7850/12000]  acc=0.8000  min=0.4667  best=0.8667  reward=11.07
[ 7851/12000]  acc=0.8000  min=0.6000  best=0.8667  reward=11.20
[ 7852/12000]  acc=0.7333  min=0.4667  best=0.8667  reward=11.00
[ 7853/12000]  acc=0.7333  min=0.5333  best=0.8667  reward=11.20
[ 7854/12000]  acc=0.7333  min=0.6000  best=0.8667  reward=11.13
[ 7855/12000]  acc=0.8000  min=0.6000  best=0.8667  reward=10.87
[ 7856/12000]  acc=0.8000  min=0.4000  best=0.8667  reward=10.07
[ 7857/12000]  acc=0.7333  min=0.3333  best=0.8667  reward=10.40
[ 7858/12000]  acc=0.8000  min=0.6000  best=0.8667  reward=11.00
[ 7859/12000]  acc=0.7333  min=0.4667  best=0.8667  reward=10.53
[ 7860/12000]  acc=0.8000  min=0.4667  best=0.8667  reward=10.47 [ckpt]
[ 7861/12000]  acc=0.7333  min=0.4000  best=0.8667  reward=10.47
[ 7862/12000]  acc=0.8000  min=0.3333  best=0.8667  reward=10.60
[ 7863/12000]  acc=0.8000  min=0.5333  best=0.8667  reward=10.60
[ 7864/12000]  acc=0.8000  min=0.4667  best=0.8667  reward=10.13
[ 7865/12000]  acc=0.8000  min=0.5333  best=0.8667  reward=10.73
[ 7866/12000]  acc=0.8000  min=0.5333  best=0.8667  reward=11.13
[ 7867/12000]  acc=0.8000  min=0.4667  best=0.8667  reward=11.00
[ 7868/12000]  acc=0.7333  min=0.6000  best=0.8667  reward=10.73
[ 7869/12000]  acc=0.7333  min=0.4667  best=0.8667  reward=10.13
[ 7870/12000]  acc=0.8000  min=0.4667  best=0.8667  reward=10.53
[ 7871/12000]  acc=0.8000  min=0.4667  best=0.8667  reward=10.87
[ 7872/12000]  acc=0.7333  min=0.4667  best=0.8667  reward=10.67
[ 7873/12000]  acc=0.8000  min=0.6000  best=0.8667  reward=11.00
[ 7874/12000]  acc=0.6667  min=0.4000  best=0.8667  reward=9.80
[ 7875/12000]  acc=0.8000  min=0.3333  best=0.8667  reward=10.80
[ 7876/12000]  acc=0.8000  min=0.5333  best=0.8667  reward=11.07
[ 7877/12000]  acc=0.7333  min=0.6000  best=0.8667  reward=10.87
[ 7878/12000]  acc=0.8000  min=0.5333  best=0.8667  reward=10.87
[ 7879/12000]  acc=0.7333  min=0.5333  best=0.8667  reward=10.73
[ 7880/12000]  acc=0.8000  min=0.4000  best=0.8667  reward=10.33 [ckpt]
[ 7881/12000]  acc=0.8000  min=0.4667  best=0.8667  reward=11.07
[ 7882/12000]  acc=0.7333  min=0.6000  best=0.8667  reward=10.67
[ 7883/12000]  acc=0.8000  min=0.5333  best=0.8667  reward=11.27
[ 7884/12000]  acc=0.7333  min=0.5333  best=0.8667  reward=10.73
[ 7885/12000]  acc=0.8000  min=0.5333  best=0.8667  reward=10.93
[ 7886/12000]  acc=0.7333  min=0.4000  best=0.8667  reward=11.07
[ 7887/12000]  acc=0.6667  min=0.4000  best=0.8667  reward=9.93
[ 7888/12000]  acc=0.8000  min=0.4000  best=0.8667  reward=10.67
[ 7889/12000]  acc=0.8000  min=0.4000  best=0.8667  reward=10.93
[ 7890/12000]  acc=0.6667  min=0.4000  best=0.8667  reward=9.80
[ 7891/12000]  acc=0.8000  min=0.5333  best=0.8667  reward=11.07
[ 7892/12000]  acc=0.8000  min=0.4667  best=0.8667  reward=11.27
[ 7893/12000]  acc=0.8000  min=0.3333  best=0.8667  reward=11.00
[ 7894/12000]  acc=0.7333  min=0.4667  best=0.8667  reward=10.27
[ 7895/12000]  acc=0.8000  min=0.5333  best=0.8667  reward=10.27
[ 7896/12000]  acc=0.7333  min=0.3333  best=0.8667  reward=10.13
[ 7897/12000]  acc=0.8000  min=0.4000  best=0.8667  reward=10.93
[ 7898/12000]  acc=0.7333  min=0.4667  best=0.8667  reward=10.67
[ 7899/12000]  acc=0.8000  min=0.6000  best=0.8667  reward=11.07
[ 7900/12000]  acc=0.7333  min=0.4667  best=0.8667  reward=10.47 [ckpt]
[ 7901/12000]  acc=0.7333  min=0.4667  best=0.8667  reward=10.33
[ 7902/12000]  acc=0.8000  min=0.4000  best=0.8667  reward=10.93
[ 7903/12000]  acc=0.8000  min=0.6000  best=0.8667  reward=10.80
[ 7904/12000]  acc=0.8000  min=0.4000  best=0.8667  reward=10.73
[ 7905/12000]  acc=0.7333  min=0.5333  best=0.8667  reward=10.60
[ 7906/12000]  acc=0.7333  min=0.3333  best=0.8667  reward=10.47
[ 7907/12000]  acc=0.8000  min=0.5333  best=0.8667  reward=11.13
[ 7908/12000]  acc=0.7333  min=0.4667  best=0.8667  reward=10.53
[ 7909/12000]  acc=0.6667  min=0.5333  best=0.8667  reward=9.80
[ 7910/12000]  acc=0.7333  min=0.5333  best=0.8667  reward=10.93
[ 7911/12000]  acc=0.6667  min=0.4667  best=0.8667  reward=10.07
[ 7912/12000]  acc=0.7333  min=0.3333  best=0.8667  reward=10.73
[ 7913/12000]  acc=0.6667  min=0.4667  best=0.8667  reward=10.40
[ 7914/12000]  acc=0.7333  min=0.3333  best=0.8667  reward=9.67
[ 7915/12000]  acc=0.6667  min=0.5333  best=0.8667  reward=9.67
[ 7916/12000]  acc=0.7333  min=0.2667  best=0.8667  reward=10.13
[ 7917/12000]  acc=0.7333  min=0.6000  best=0.8667  reward=10.73
[ 7918/12000]  acc=0.6667  min=0.5333  best=0.8667  reward=10.33
[ 7919/12000]  acc=0.7333  min=0.4667  best=0.8667  reward=10.07
[ 7920/12000]  acc=0.8000  min=0.5333  best=0.8667  reward=11.27 [ckpt]
[ 7921/12000]  acc=0.6667  min=0.6000  best=0.8667  reward=10.20
[ 7922/12000]  acc=0.7333  min=0.6000  best=0.8667  reward=10.73
[ 7923/12000]  acc=0.7333  min=0.4000  best=0.8667  reward=9.87
[ 7924/12000]  acc=0.6667  min=0.4000  best=0.8667  reward=10.27
[ 7925/12000]  acc=0.8000  min=0.3333  best=0.8667  reward=10.00
[ 7926/12000]  acc=0.6667  min=0.4667  best=0.8667  reward=9.60
[ 7927/12000]  acc=0.6667  min=0.4667  best=0.8667  reward=9.73
[ 7928/12000]  acc=0.6667  min=0.4667  best=0.8667  reward=9.93
[ 7929/12000]  acc=0.6667  min=0.4000  best=0.8667  reward=9.60
[ 7930/12000]  acc=0.7333  min=0.4667  best=0.8667  reward=10.60
[ 7931/12000]  acc=0.7333  min=0.5333  best=0.8667  reward=10.80
[ 7932/12000]  acc=0.6667  min=0.4667  best=0.8667  reward=9.67
[ 7933/12000]  acc=0.7333  min=0.5333  best=0.8667  reward=10.33
[ 7934/12000]  acc=0.7333  min=0.4000  best=0.8667  reward=10.47
[ 7935/12000]  acc=0.8000  min=0.4000  best=0.8667  reward=11.13
[ 7936/12000]  acc=0.7333  min=0.4667  best=0.8667  reward=11.20
[ 7937/12000]  acc=0.8000  min=0.4667  best=0.8667  reward=11.13
[ 7938/12000]  acc=0.7333  min=0.5333  best=0.8667  reward=10.67
[ 7939/12000]  acc=0.6667  min=0.4667  best=0.8667  reward=10.33
[ 7940/12000]  acc=0.6667  min=0.4000  best=0.8667  reward=10.27 [ckpt]
[ 7941/12000]  acc=0.6667  min=0.6667  best=0.8667  reward=10.67
[ 7942/12000]  acc=0.8000  min=0.3333  best=0.8667  reward=10.93
[ 7943/12000]  acc=0.7333  min=0.4667  best=0.8667  reward=10.27
[ 7944/12000]  acc=0.8000  min=0.4667  best=0.8667  reward=10.93
[ 7945/12000]  acc=0.6667  min=0.4000  best=0.8667  reward=9.87
[ 7946/12000]  acc=0.7333  min=0.4667  best=0.8667  reward=10.67
[ 7947/12000]  acc=0.7333  min=0.4000  best=0.8667  reward=10.80
[ 7948/12000]  acc=0.8000  min=0.4667  best=0.8667  reward=11.13
[ 7949/12000]  acc=0.7333  min=0.5333  best=0.8667  reward=11.07
[ 7950/12000]  acc=0.7333  min=0.6000  best=0.8667  reward=11.07
[ 7951/12000]  acc=0.7333  min=0.4667  best=0.8667  reward=10.33
[ 7952/12000]  acc=0.8667  min=0.4667  best=0.8667  reward=10.53
[ 7953/12000]  acc=0.7333  min=0.5333  best=0.8667  reward=10.20
[ 7954/12000]  acc=0.7333  min=0.4667  best=0.8667  reward=10.40
[ 7955/12000]  acc=0.7333  min=0.5333  best=0.8667  reward=10.67
[ 7956/12000]  acc=0.7333  min=0.5333  best=0.8667  reward=10.73
[ 7957/12000]  acc=0.6667  min=0.5333  best=0.8667  reward=10.20
[ 7958/12000]  acc=0.7333  min=0.4667  best=0.8667  reward=10.33
[ 7959/12000]  acc=0.7333  min=0.5333  best=0.8667  reward=10.60
[ 7960/12000]  acc=0.8000  min=0.5333  best=0.8667  reward=11.20 [ckpt]
[ 7961/12000]  acc=0.6667  min=0.5333  best=0.8667  reward=9.93
[ 7962/12000]  acc=0.8000  min=0.5333  best=0.8667  reward=10.27
[ 7963/12000]  acc=0.8000  min=0.4000  best=0.8667  reward=10.47
[ 7964/12000]  acc=0.8000  min=0.4667  best=0.8667  reward=10.27
[ 7965/12000]  acc=0.7333  min=0.4667  best=0.8667  reward=10.73
[ 7966/12000]  acc=0.7333  min=0.3333  best=0.8667  reward=11.00
[ 7967/12000]  acc=0.7333  min=0.5333  best=0.8667  reward=10.47
[ 7968/12000]  acc=0.6667  min=0.4667  best=0.8667  reward=10.00
[ 7969/12000]  acc=0.6667  min=0.4000  best=0.8667  reward=10.47
[ 7970/12000]  acc=0.7333  min=0.5333  best=0.8667  reward=10.13
[ 7971/12000]  acc=0.7333  min=0.5333  best=0.8667  reward=10.60
[ 7972/12000]  acc=0.7333  min=0.3333  best=0.8667  reward=10.27
[ 7973/12000]  acc=0.8000  min=0.4667  best=0.8667  reward=11.33
[ 7974/12000]  acc=0.8000  min=0.4667  best=0.8667  reward=11.27
[ 7975/12000]  acc=0.7333  min=0.4000  best=0.8667  reward=10.20
[ 7976/12000]  acc=0.7333  min=0.4000  best=0.8667  reward=10.20
[ 7977/12000]  acc=0.7333  min=0.5333  best=0.8667  reward=11.00
[ 7978/12000]  acc=0.7333  min=0.5333  best=0.8667  reward=10.27
[ 7979/12000]  acc=0.7333  min=0.5333  best=0.8667  reward=10.67
[ 7980/12000]  acc=0.7333  min=0.5333  best=0.8667  reward=10.07 [ckpt]
[ 7981/12000]  acc=0.6667  min=0.4667  best=0.8667  reward=9.93
[ 7982/12000]  acc=0.8000  min=0.3333  best=0.8667  reward=10.60
[ 7983/12000]  acc=0.6667  min=0.3333  best=0.8667  reward=9.67
[ 7984/12000]  acc=0.7333  min=0.4667  best=0.8667  reward=10.53
[ 7985/12000]  acc=0.7333  min=0.4000  best=0.8667  reward=10.47
[ 7986/12000]  acc=0.6667  min=0.5333  best=0.8667  reward=10.40
[ 7987/12000]  acc=0.7333  min=0.6000  best=0.8667  reward=10.80
[ 7988/12000]  acc=0.6667  min=0.4000  best=0.8667  reward=9.87
[ 7989/12000]  acc=0.7333  min=0.5333  best=0.8667  reward=10.20
[ 7990/12000]  acc=0.8000  min=0.5333  best=0.8667  reward=11.00
[ 7991/12000]  acc=0.8000  min=0.5333  best=0.8667  reward=10.93
[ 7992/12000]  acc=0.7333  min=0.4667  best=0.8667  reward=10.47
[ 7993/12000]  acc=0.6667  min=0.3333  best=0.8667  reward=10.07
[ 7994/12000]  acc=0.7333  min=0.5333  best=0.8667  reward=10.87
[ 7995/12000]  acc=0.8000  min=0.4667  best=0.8667  reward=10.73
[ 7996/12000]  acc=0.7333  min=0.4667  best=0.8667  reward=10.40
[ 7997/12000]  acc=0.7333  min=0.3333  best=0.8667  reward=10.20
[ 7998/12000]  acc=0.7333  min=0.4667  best=0.8667  reward=10.53
[ 7999/12000]  acc=0.6667  min=0.4667  best=0.8667  reward=9.93
[ 8000/12000]  acc=0.8000  min=0.5333  best=0.8667  reward=10.87 [ckpt]
[ 8001/12000]  acc=0.7333  min=0.4667  best=0.8667  reward=10.73
[ 8002/12000]  acc=0.7333  min=0.5333  best=0.8667  reward=10.60
[ 8003/12000]  acc=0.8000  min=0.4667  best=0.8667  reward=11.00
[ 8004/12000]  acc=0.7333  min=0.5333  best=0.8667  reward=10.60
[ 8005/12000]  acc=0.7333  min=0.4000  best=0.8667  reward=10.47
[ 8006/12000]  acc=0.6667  min=0.5333  best=0.8667  reward=9.67
[ 8007/12000]  acc=0.6667  min=0.4667  best=0.8667  reward=9.80
[ 8008/12000]  acc=0.7333  min=0.4667  best=0.8667  reward=10.20
[ 8009/12000]  acc=0.8000  min=0.4000  best=0.8667  reward=11.07
[ 8010/12000]  acc=0.7333  min=0.4667  best=0.8667  reward=10.73
[ 8011/12000]  acc=0.7333  min=0.4667  best=0.8667  reward=10.13
[ 8012/12000]  acc=0.7333  min=0.4000  best=0.8667  reward=10.27
[ 8013/12000]  acc=0.6667  min=0.4667  best=0.8667  reward=9.93
[ 8014/12000]  acc=0.7333  min=0.4000  best=0.8667  reward=10.47
[ 8015/12000]  acc=0.8000  min=0.6000  best=0.8667  reward=11.13
[ 8016/12000]  acc=0.7333  min=0.5333  best=0.8667  reward=10.27
[ 8017/12000]  acc=0.7333  min=0.5333  best=0.8667  reward=11.00
[ 8018/12000]  acc=0.6667  min=0.4667  best=0.8667  reward=9.80
[ 8019/12000]  acc=0.6667  min=0.4000  best=0.8667  reward=10.13
[ 8020/12000]  acc=0.7333  min=0.4667  best=0.8667  reward=10.60 [ckpt]
[ 8021/12000]  acc=0.7333  min=0.5333  best=0.8667  reward=10.07
[ 8022/12000]  acc=0.8000  min=0.4000  best=0.8667  reward=10.60
[ 8023/12000]  acc=0.7333  min=0.6000  best=0.8667  reward=10.80
[ 8024/12000]  acc=0.7333  min=0.4667  best=0.8667  reward=10.60
[ 8025/12000]  acc=0.6667  min=0.4667  best=0.8667  reward=10.20
[ 8026/12000]  acc=0.7333  min=0.5333  best=0.8667  reward=10.67
[ 8027/12000]  acc=0.8000  min=0.4667  best=0.8667  reward=11.20
[ 8028/12000]  acc=0.7333  min=0.6000  best=0.8667  reward=10.87
[ 8029/12000]  acc=0.7333  min=0.5333  best=0.8667  reward=10.20
[ 8030/12000]  acc=0.8000  min=0.5333  best=0.8667  reward=10.67
[ 8031/12000]  acc=0.7333  min=0.4667  best=0.8667  reward=10.33
[ 8032/12000]  acc=0.6667  min=0.5333  best=0.8667  reward=10.33
[ 8033/12000]  acc=0.7333  min=0.3333  best=0.8667  reward=10.53
[ 8034/12000]  acc=0.7333  min=0.3333  best=0.8667  reward=10.40
[ 8035/12000]  acc=0.7333  min=0.2667  best=0.8667  reward=10.40
[ 8036/12000]  acc=0.7333  min=0.4667  best=0.8667  reward=10.60
[ 8037/12000]  acc=0.7333  min=0.4667  best=0.8667  reward=10.53
[ 8038/12000]  acc=0.8000  min=0.5333  best=0.8667  reward=11.33
[ 8039/12000]  acc=0.7333  min=0.4667  best=0.8667  reward=10.20
[ 8040/12000]  acc=0.8000  min=0.5333  best=0.8667  reward=11.20 [ckpt]
[ 8041/12000]  acc=0.7333  min=0.4000  best=0.8667  reward=10.33
[ 8042/12000]  acc=0.7333  min=0.4000  best=0.8667  reward=10.60
[ 8043/12000]  acc=0.7333  min=0.4667  best=0.8667  reward=10.40
[ 8044/12000]  acc=0.8000  min=0.6000  best=0.8667  reward=11.47
[ 8045/12000]  acc=0.6667  min=0.5333  best=0.8667  reward=10.40
[ 8046/12000]  acc=0.7333  min=0.5333  best=0.8667  reward=11.07
[ 8047/12000]  acc=0.7333  min=0.3333  best=0.8667  reward=10.87
[ 8048/12000]  acc=0.7333  min=0.5333  best=0.8667  reward=10.60
[ 8049/12000]  acc=0.7333  min=0.6000  best=0.8667  reward=10.73
[ 8050/12000]  acc=0.6667  min=0.4667  best=0.8667  reward=10.13
[ 8051/12000]  acc=0.7333  min=0.5333  best=0.8667  reward=10.73
[ 8052/12000]  acc=0.6667  min=0.4667  best=0.8667  reward=10.27
[ 8053/12000]  acc=0.7333  min=0.4667  best=0.8667  reward=10.60
[ 8054/12000]  acc=0.7333  min=0.4667  best=0.8667  reward=10.60
[ 8055/12000]  acc=0.6667  min=0.4000  best=0.8667  reward=10.07
[ 8056/12000]  acc=0.7333  min=0.4000  best=0.8667  reward=10.27
[ 8057/12000]  acc=0.7333  min=0.4000  best=0.8667  reward=10.60
[ 8058/12000]  acc=0.7333  min=0.4667  best=0.8667  reward=10.27
[ 8059/12000]  acc=0.6667  min=0.4667  best=0.8667  reward=10.20
[ 8060/12000]  acc=0.7333  min=0.4667  best=0.8667  reward=10.47 [ckpt]
[ 8061/12000]  acc=0.6667  min=0.4667  best=0.8667  reward=10.33
[ 8062/12000]  acc=0.7333  min=0.5333  best=0.8667  reward=10.60
[ 8063/12000]  acc=0.7333  min=0.4000  best=0.8667  reward=10.33
[ 8064/12000]  acc=0.8000  min=0.4000  best=0.8667  reward=10.47
[ 8065/12000]  acc=0.8000  min=0.4667  best=0.8667  reward=11.20
[ 8066/12000]  acc=0.6667  min=0.5333  best=0.8667  reward=10.47
[ 8067/12000]  acc=0.8000  min=0.4000  best=0.8667  reward=10.20
[ 8068/12000]  acc=0.7333  min=0.4667  best=0.8667  reward=10.67
[ 8069/12000]  acc=0.7333  min=0.5333  best=0.8667  reward=10.80
[ 8070/12000]  acc=0.7333  min=0.5333  best=0.8667  reward=10.40
[ 8071/12000]  acc=0.8000  min=0.4667  best=0.8667  reward=11.00
[ 8072/12000]  acc=0.7333  min=0.4667  best=0.8667  reward=10.60
[ 8073/12000]  acc=0.8000  min=0.5333  best=0.8667  reward=11.20
[ 8074/12000]  acc=0.8667  min=0.4667  best=0.8667  reward=11.47
[ 8075/12000]  acc=0.6667  min=0.4667  best=0.8667  reward=9.80
[ 8076/12000]  acc=0.7333  min=0.6000  best=0.8667  reward=10.53
[ 8077/12000]  acc=0.6667  min=0.4000  best=0.8667  reward=9.80
[ 8078/12000]  acc=0.7333  min=0.2667  best=0.8667  reward=10.27
[ 8079/12000]  acc=0.7333  min=0.4000  best=0.8667  reward=10.27
[ 8080/12000]  acc=0.7333  min=0.3333  best=0.8667  reward=9.87 [ckpt]
[ 8081/12000]  acc=0.6667  min=0.4000  best=0.8667  reward=10.13
[ 8082/12000]  acc=0.8000  min=0.3333  best=0.8667  reward=10.60
[ 8083/12000]  acc=0.6667  min=0.5333  best=0.8667  reward=9.80
[ 8084/12000]  acc=0.8000  min=0.6000  best=0.8667  reward=11.47
[ 8085/12000]  acc=0.7333  min=0.4667  best=0.8667  reward=10.53
[ 8086/12000]  acc=0.7333  min=0.5333  best=0.8667  reward=10.53
[ 8087/12000]  acc=0.7333  min=0.4667  best=0.8667  reward=9.93
[ 8088/12000]  acc=0.7333  min=0.5333  best=0.8667  reward=10.60
[ 8089/12000]  acc=0.7333  min=0.5333  best=0.8667  reward=10.53
[ 8090/12000]  acc=0.6667  min=0.4667  best=0.8667  reward=10.07
[ 8091/12000]  acc=0.7333  min=0.4000  best=0.8667  reward=10.40
[ 8092/12000]  acc=0.8667  min=0.5333  best=0.8667  reward=11.60
[ 8093/12000]  acc=0.7333  min=0.4667  best=0.8667  reward=10.53
[ 8094/12000]  acc=0.6667  min=0.4000  best=0.8667  reward=9.73
[ 8095/12000]  acc=0.6667  min=0.3333  best=0.8667  reward=9.67
[ 8096/12000]  acc=0.7333  min=0.5333  best=0.8667  reward=10.33
[ 8097/12000]  acc=0.8000  min=0.4000  best=0.8667  reward=10.87
[ 8098/12000]  acc=0.7333  min=0.5333  best=0.8667  reward=10.73
[ 8099/12000]  acc=0.7333  min=0.5333  best=0.8667  reward=10.33
[ 8100/12000]  acc=0.7333  min=0.3333  best=0.8667  reward=10.07 [ckpt]
[ 8101/12000]  acc=0.7333  min=0.4667  best=0.8667  reward=10.47
[ 8102/12000]  acc=0.7333  min=0.4667  best=0.8667  reward=10.53
[ 8103/12000]  acc=0.7333  min=0.4667  best=0.8667  reward=11.00
[ 8104/12000]  acc=0.7333  min=0.4000  best=0.8667  reward=10.40
[ 8105/12000]  acc=0.6667  min=0.4667  best=0.8667  reward=9.80
[ 8106/12000]  acc=0.6667  min=0.4667  best=0.8667  reward=9.93
[ 8107/12000]  acc=0.6667  min=0.4667  best=0.8667  reward=10.13
[ 8108/12000]  acc=0.7333  min=0.4000  best=0.8667  reward=10.27
[ 8109/12000]  acc=0.7333  min=0.5333  best=0.8667  reward=10.53
[ 8110/12000]  acc=0.7333  min=0.5333  best=0.8667  reward=10.27
[ 8111/12000]  acc=0.8000  min=0.4667  best=0.8667  reward=11.07
[ 8112/12000]  acc=0.7333  min=0.4000  best=0.8667  reward=11.07
[ 8113/12000]  acc=0.8000  min=0.4000  best=0.8667  reward=11.13
[ 8114/12000]  acc=0.7333  min=0.4667  best=0.8667  reward=10.47
[ 8115/12000]  acc=0.8000  min=0.5333  best=0.8667  reward=10.60
[ 8116/12000]  acc=0.7333  min=0.5333  best=0.8667  reward=10.00
[ 8117/12000]  acc=0.6667  min=0.4667  best=0.8667  reward=9.87
[ 8118/12000]  acc=0.8000  min=0.3333  best=0.8667  reward=11.00
[ 8119/12000]  acc=0.7333  min=0.4000  best=0.8667  reward=10.27
[ 8120/12000]  acc=0.7333  min=0.4667  best=0.8667  reward=10.60 [ckpt]
[ 8121/12000]  acc=0.7333  min=0.4667  best=0.8667  reward=10.60
[ 8122/12000]  acc=0.7333  min=0.4667  best=0.8667  reward=9.93
[ 8123/12000]  acc=0.6667  min=0.4000  best=0.8667  reward=9.67
[ 8124/12000]  acc=0.7333  min=0.4667  best=0.8667  reward=10.47
[ 8125/12000]  acc=0.7333  min=0.4000  best=0.8667  reward=10.47
[ 8126/12000]  acc=0.7333  min=0.4667  best=0.8667  reward=10.60
[ 8127/12000]  acc=0.6667  min=0.4667  best=0.8667  reward=10.07
[ 8128/12000]  acc=0.8000  min=0.4000  best=0.8667  reward=11.07
[ 8129/12000]  acc=0.6667  min=0.4000  best=0.8667  reward=10.00
[ 8130/12000]  acc=0.7333  min=0.6000  best=0.8667  reward=10.40
[ 8131/12000]  acc=0.8000  min=0.4000  best=0.8667  reward=11.00
[ 8132/12000]  acc=0.7333  min=0.4000  best=0.8667  reward=10.40
[ 8133/12000]  acc=0.7333  min=0.4667  best=0.8667  reward=10.40
[ 8134/12000]  acc=0.6667  min=0.4667  best=0.8667  reward=10.07
[ 8135/12000]  acc=0.8000  min=0.4667  best=0.8667  reward=11.20
[ 8136/12000]  acc=0.6667  min=0.5333  best=0.8667  reward=9.93
[ 8137/12000]  acc=0.7333  min=0.4000  best=0.8667  reward=10.40
[ 8138/12000]  acc=0.7333  min=0.5333  best=0.8667  reward=10.73
[ 8139/12000]  acc=0.7333  min=0.6667  best=0.8667  reward=10.67
[ 8140/12000]  acc=0.6667  min=0.4000  best=0.8667  reward=9.73 [ckpt]
[ 8141/12000]  acc=0.6667  min=0.4667  best=0.8667  reward=10.20
[ 8142/12000]  acc=0.7333  min=0.5333  best=0.8667  reward=10.67
[ 8143/12000]  acc=0.6667  min=0.6000  best=0.8667  reward=10.33
[ 8144/12000]  acc=0.7333  min=0.5333  best=0.8667  reward=10.47
[ 8145/12000]  acc=0.6667  min=0.3333  best=0.8667  reward=10.00
[ 8146/12000]  acc=0.8000  min=0.4667  best=0.8667  reward=10.80
[ 8147/12000]  acc=0.6667  min=0.4000  best=0.8667  reward=9.60
[ 8148/12000]  acc=0.7333  min=0.6000  best=0.8667  reward=10.47
[ 8149/12000]  acc=0.6667  min=0.4000  best=0.8667  reward=9.87
[ 8150/12000]  acc=0.8000  min=0.4667  best=0.8667  reward=11.40
[ 8151/12000]  acc=0.7333  min=0.4667  best=0.8667  reward=10.53
[ 8152/12000]  acc=0.7333  min=0.3333  best=0.8667  reward=10.53
[ 8153/12000]  acc=0.6667  min=0.4667  best=0.8667  reward=10.27
[ 8154/12000]  acc=0.6667  min=0.4000  best=0.8667  reward=10.07
[ 8155/12000]  acc=0.7333  min=0.4667  best=0.8667  reward=10.93
[ 8156/12000]  acc=0.7333  min=0.4000  best=0.8667  reward=10.20
[ 8157/12000]  acc=0.7333  min=0.4667  best=0.8667  reward=10.60
[ 8158/12000]  acc=0.7333  min=0.6000  best=0.8667  reward=10.67
[ 8159/12000]  acc=0.7333  min=0.5333  best=0.8667  reward=10.53
[ 8160/12000]  acc=0.7333  min=0.4000  best=0.8667  reward=10.40 [ckpt]
[ 8161/12000]  acc=0.8000  min=0.6000  best=0.8667  reward=12.00
[ 8162/12000]  acc=0.7333  min=0.5333  best=0.8667  reward=10.60
[ 8163/12000]  acc=0.7333  min=0.3333  best=0.8667  reward=10.40
[ 8164/12000]  acc=0.7333  min=0.4667  best=0.8667  reward=10.20
[ 8165/12000]  acc=0.8000  min=0.5333  best=0.8667  reward=11.27
[ 8166/12000]  acc=0.7333  min=0.4000  best=0.8667  reward=10.40
[ 8167/12000]  acc=0.7333  min=0.4667  best=0.8667  reward=10.47
[ 8168/12000]  acc=0.8000  min=0.4667  best=0.8667  reward=11.00
[ 8169/12000]  acc=0.8000  min=0.5333  best=0.8667  reward=11.40
[ 8170/12000]  acc=0.7333  min=0.4000  best=0.8667  reward=10.33
[ 8171/12000]  acc=0.8000  min=0.6000  best=0.8667  reward=11.33
[ 8172/12000]  acc=0.7333  min=0.5333  best=0.8667  reward=10.93
[ 8173/12000]  acc=0.7333  min=0.5333  best=0.8667  reward=10.53
[ 8174/12000]  acc=0.7333  min=0.5333  best=0.8667  reward=10.73
[ 8175/12000]  acc=0.6667  min=0.4667  best=0.8667  reward=9.87
[ 8176/12000]  acc=0.7333  min=0.4667  best=0.8667  reward=10.47
[ 8177/12000]  acc=0.7333  min=0.4000  best=0.8667  reward=10.53
[ 8178/12000]  acc=0.7333  min=0.5333  best=0.8667  reward=10.53
[ 8179/12000]  acc=0.7333  min=0.5333  best=0.8667  reward=10.53
[ 8180/12000]  acc=0.7333  min=0.5333  best=0.8667  reward=10.47 [ckpt]
[ 8181/12000]  acc=0.7333  min=0.5333  best=0.8667  reward=10.73
[ 8182/12000]  acc=0.6667  min=0.5333  best=0.8667  reward=9.93
[ 8183/12000]  acc=0.6667  min=0.3333  best=0.8667  reward=9.87
[ 8184/12000]  acc=0.7333  min=0.5333  best=0.8667  reward=10.80
[ 8185/12000]  acc=0.6667  min=0.4667  best=0.8667  reward=10.27
[ 8186/12000]  acc=0.8000  min=0.5333  best=0.8667  reward=11.80
[ 8187/12000]  acc=0.7333  min=0.6000  best=0.8667  reward=10.87
[ 8188/12000]  acc=0.7333  min=0.5333  best=0.8667  reward=10.87
[ 8189/12000]  acc=0.7333  min=0.4667  best=0.8667  reward=10.07
[ 8190/12000]  acc=0.7333  min=0.3333  best=0.8667  reward=10.73
[ 8191/12000]  acc=0.7333  min=0.6000  best=0.8667  reward=10.73
[ 8192/12000]  acc=0.7333  min=0.4000  best=0.8667  reward=10.33
[ 8193/12000]  acc=0.8000  min=0.4667  best=0.8667  reward=10.40
[ 8194/12000]  acc=0.7333  min=0.4000  best=0.8667  reward=10.73
[ 8195/12000]  acc=0.8000  min=0.6000  best=0.8667  reward=11.27
[ 8196/12000]  acc=0.7333  min=0.5333  best=0.8667  reward=10.33
[ 8197/12000]  acc=0.7333  min=0.5333  best=0.8667  reward=10.67
[ 8198/12000]  acc=0.6667  min=0.4667  best=0.8667  reward=10.00
[ 8199/12000]  acc=0.7333  min=0.4000  best=0.8667  reward=10.40
[ 8200/12000]  acc=0.7333  min=0.4000  best=0.8667  reward=10.53 [ckpt]
[ 8201/12000]  acc=0.7333  min=0.4000  best=0.8667  reward=10.47
[ 8202/12000]  acc=0.7333  min=0.6667  best=0.8667  reward=10.60
[ 8203/12000]  acc=0.7333  min=0.5333  best=0.8667  reward=10.73
[ 8204/12000]  acc=0.7333  min=0.4000  best=0.8667  reward=10.40
[ 8205/12000]  acc=0.6667  min=0.4667  best=0.8667  reward=10.13
[ 8206/12000]  acc=0.7333  min=0.4000  best=0.8667  reward=10.33
[ 8207/12000]  acc=0.7333  min=0.4667  best=0.8667  reward=10.40
[ 8208/12000]  acc=0.7333  min=0.5333  best=0.8667  reward=10.87
[ 8209/12000]  acc=0.8000  min=0.4000  best=0.8667  reward=10.87
[ 8210/12000]  acc=0.8000  min=0.5333  best=0.8667  reward=11.13
[ 8211/12000]  acc=0.6667  min=0.5333  best=0.8667  reward=9.80
[ 8212/12000]  acc=0.7333  min=0.4000  best=0.8667  reward=10.60
[ 8213/12000]  acc=0.7333  min=0.5333  best=0.8667  reward=10.93
[ 8214/12000]  acc=0.8000  min=0.4000  best=0.8667  reward=10.73
[ 8215/12000]  acc=0.6667  min=0.4667  best=0.8667  reward=9.73
[ 8216/12000]  acc=0.7333  min=0.4000  best=0.8667  reward=10.40
[ 8217/12000]  acc=0.7333  min=0.4667  best=0.8667  reward=10.60
[ 8218/12000]  acc=0.7333  min=0.4667  best=0.8667  reward=10.53
[ 8219/12000]  acc=0.7333  min=0.5333  best=0.8667  reward=10.20
[ 8220/12000]  acc=0.7333  min=0.4000  best=0.8667  reward=10.33 [ckpt]
[ 8221/12000]  acc=0.6667  min=0.5333  best=0.8667  reward=11.27
[ 8222/12000]  acc=0.6667  min=0.3333  best=0.8667  reward=9.87
[ 8223/12000]  acc=0.7333  min=0.5333  best=0.8667  reward=10.73
[ 8224/12000]  acc=0.7333  min=0.3333  best=0.8667  reward=10.33
[ 8225/12000]  acc=0.7333  min=0.5333  best=0.8667  reward=10.73
[ 8226/12000]  acc=0.7333  min=0.5333  best=0.8667  reward=10.67
[ 8227/12000]  acc=0.6667  min=0.5333  best=0.8667  reward=9.93
[ 8228/12000]  acc=0.8000  min=0.5333  best=0.8667  reward=11.00
[ 8229/12000]  acc=0.7333  min=0.4000  best=0.8667  reward=10.13
[ 8230/12000]  acc=0.7333  min=0.4667  best=0.8667  reward=10.60
[ 8231/12000]  acc=0.8000  min=0.5333  best=0.8667  reward=11.40
[ 8232/12000]  acc=0.6667  min=0.4667  best=0.8667  reward=10.53
[ 8233/12000]  acc=0.7333  min=0.6000  best=0.8667  reward=10.73
[ 8234/12000]  acc=0.7333  min=0.4667  best=0.8667  reward=10.53
[ 8235/12000]  acc=0.7333  min=0.3333  best=0.8667  reward=11.00
[ 8236/12000]  acc=0.6667  min=0.6000  best=0.8667  reward=10.40
[ 8237/12000]  acc=0.6667  min=0.6000  best=0.8667  reward=10.33
[ 8238/12000]  acc=0.6667  min=0.4000  best=0.8667  reward=10.53
[ 8239/12000]  acc=0.7333  min=0.6000  best=0.8667  reward=10.73
[ 8240/12000]  acc=0.8000  min=0.4000  best=0.8667  reward=10.73 [ckpt]
[ 8241/12000]  acc=0.7333  min=0.5333  best=0.8667  reward=10.73
[ 8242/12000]  acc=0.6667  min=0.4667  best=0.8667  reward=10.20
[ 8243/12000]  acc=0.8000  min=0.5333  best=0.8667  reward=11.07
[ 8244/12000]  acc=0.8000  min=0.4000  best=0.8667  reward=10.87
[ 8245/12000]  acc=0.7333  min=0.3333  best=0.8667  reward=10.27
[ 8246/12000]  acc=0.7333  min=0.4667  best=0.8667  reward=10.13
[ 8247/12000]  acc=0.6667  min=0.4000  best=0.8667  reward=10.40
[ 8248/12000]  acc=0.7333  min=0.4000  best=0.8667  reward=10.80
[ 8249/12000]  acc=0.7333  min=0.4667  best=0.8667  reward=10.40
[ 8250/12000]  acc=0.7333  min=0.4000  best=0.8667  reward=10.67
[ 8251/12000]  acc=0.7333  min=0.4667  best=0.8667  reward=10.60
[ 8252/12000]  acc=0.7333  min=0.5333  best=0.8667  reward=10.67
[ 8253/12000]  acc=0.6667  min=0.4667  best=0.8667  reward=9.73
[ 8254/12000]  acc=0.7333  min=0.5333  best=0.8667  reward=10.47
[ 8255/12000]  acc=0.7333  min=0.5333  best=0.8667  reward=10.33
[ 8256/12000]  acc=0.7333  min=0.4667  best=0.8667  reward=10.53
[ 8257/12000]  acc=0.8000  min=0.4667  best=0.8667  reward=10.67
[ 8258/12000]  acc=0.6667  min=0.4000  best=0.8667  reward=9.87
[ 8259/12000]  acc=0.7333  min=0.4000  best=0.8667  reward=10.73
[ 8260/12000]  acc=0.7333  min=0.4000  best=0.8667  reward=10.53 [ckpt]
[ 8261/12000]  acc=0.6667  min=0.3333  best=0.8667  reward=9.93
[ 8262/12000]  acc=0.7333  min=0.4667  best=0.8667  reward=10.33
[ 8263/12000]  acc=0.7333  min=0.4667  best=0.8667  reward=10.53
[ 8264/12000]  acc=0.7333  min=0.4667  best=0.8667  reward=10.60
[ 8265/12000]  acc=0.8000  min=0.6000  best=0.8667  reward=10.67
[ 8266/12000]  acc=0.8000  min=0.4667  best=0.8667  reward=11.40
[ 8267/12000]  acc=0.7333  min=0.4667  best=0.8667  reward=10.47
[ 8268/12000]  acc=0.8000  min=0.4667  best=0.8667  reward=11.20
[ 8269/12000]  acc=0.6667  min=0.5333  best=0.8667  reward=10.40
[ 8270/12000]  acc=0.7333  min=0.5333  best=0.8667  reward=10.60
[ 8271/12000]  acc=0.7333  min=0.4667  best=0.8667  reward=10.33
[ 8272/12000]  acc=0.6667  min=0.4667  best=0.8667  reward=9.93
[ 8273/12000]  acc=0.8000  min=0.4667  best=0.8667  reward=11.33
[ 8274/12000]  acc=0.6667  min=0.4667  best=0.8667  reward=10.27
[ 8275/12000]  acc=0.7333  min=0.4667  best=0.8667  reward=10.47
[ 8276/12000]  acc=0.8000  min=0.5333  best=0.8667  reward=10.73
[ 8277/12000]  acc=0.7333  min=0.4667  best=0.8667  reward=10.20
[ 8278/12000]  acc=0.7333  min=0.5333  best=0.8667  reward=10.40
[ 8279/12000]  acc=0.6667  min=0.4000  best=0.8667  reward=9.87
[ 8280/12000]  acc=0.7333  min=0.5333  best=0.8667  reward=10.73 [ckpt]
[ 8281/12000]  acc=0.7333  min=0.4667  best=0.8667  reward=10.53
[ 8282/12000]  acc=0.8000  min=0.4667  best=0.8667  reward=11.13
[ 8283/12000]  acc=0.8000  min=0.3333  best=0.8667  reward=11.13
[ 8284/12000]  acc=0.7333  min=0.4000  best=0.8667  reward=10.47
[ 8285/12000]  acc=0.7333  min=0.4667  best=0.8667  reward=10.67
[ 8286/12000]  acc=0.7333  min=0.5333  best=0.8667  reward=10.67
[ 8287/12000]  acc=0.6667  min=0.4000  best=0.8667  reward=10.20
[ 8288/12000]  acc=0.7333  min=0.5333  best=0.8667  reward=10.53
[ 8289/12000]  acc=0.7333  min=0.6000  best=0.8667  reward=10.80
[ 8290/12000]  acc=0.7333  min=0.5333  best=0.8667  reward=10.60
[ 8291/12000]  acc=0.6667  min=0.4667  best=0.8667  reward=10.27
[ 8292/12000]  acc=0.7333  min=0.4667  best=0.8667  reward=10.67
[ 8293/12000]  acc=0.6667  min=0.4667  best=0.8667  reward=9.80
[ 8294/12000]  acc=0.7333  min=0.4000  best=0.8667  reward=10.80
[ 8295/12000]  acc=0.6667  min=0.6000  best=0.8667  reward=10.20
[ 8296/12000]  acc=0.6667  min=0.5333  best=0.8667  reward=10.27
[ 8297/12000]  acc=0.7333  min=0.4667  best=0.8667  reward=10.60
[ 8298/12000]  acc=0.8000  min=0.5333  best=0.8667  reward=11.20
[ 8299/12000]  acc=0.8000  min=0.4667  best=0.8667  reward=11.00
[ 8300/12000]  acc=0.7333  min=0.4667  best=0.8667  reward=10.33 [ckpt]
[ 8301/12000]  acc=0.6667  min=0.3333  best=0.8667  reward=10.13
[ 8302/12000]  acc=0.7333  min=0.3333  best=0.8667  reward=10.47
[ 8303/12000]  acc=0.6667  min=0.4000  best=0.8667  reward=10.20
[ 8304/12000]  acc=0.6667  min=0.4000  best=0.8667  reward=9.67
[ 8305/12000]  acc=0.6667  min=0.4667  best=0.8667  reward=10.00
[ 8306/12000]  acc=0.7333  min=0.4667  best=0.8667  reward=10.73
[ 8307/12000]  acc=0.7333  min=0.5333  best=0.8667  reward=10.60
[ 8308/12000]  acc=0.7333  min=0.4000  best=0.8667  reward=10.47
[ 8309/12000]  acc=0.6667  min=0.4667  best=0.8667  reward=10.13
[ 8310/12000]  acc=0.7333  min=0.3333  best=0.8667  reward=10.27
[ 8311/12000]  acc=0.7333  min=0.4000  best=0.8667  reward=10.60
[ 8312/12000]  acc=0.8000  min=0.5333  best=0.8667  reward=10.73
[ 8313/12000]  acc=0.7333  min=0.4667  best=0.8667  reward=10.73
[ 8314/12000]  acc=0.8000  min=0.5333  best=0.8667  reward=10.73
[ 8315/12000]  acc=0.7333  min=0.4000  best=0.8667  reward=10.27
[ 8316/12000]  acc=0.6667  min=0.4000  best=0.8667  reward=10.20
[ 8317/12000]  acc=0.8000  min=0.5333  best=0.8667  reward=10.33
[ 8318/12000]  acc=0.7333  min=0.5333  best=0.8667  reward=10.73
[ 8319/12000]  acc=0.8000  min=0.4000  best=0.8667  reward=11.07
[ 8320/12000]  acc=0.7333  min=0.5333  best=0.8667  reward=10.67 [ckpt]
[ 8321/12000]  acc=0.7333  min=0.5333  best=0.8667  reward=10.20
[ 8322/12000]  acc=0.6667  min=0.4000  best=0.8667  reward=10.33
[ 8323/12000]  acc=0.7333  min=0.4667  best=0.8667  reward=10.27
[ 8324/12000]  acc=0.7333  min=0.4000  best=0.8667  reward=10.40
[ 8325/12000]  acc=0.7333  min=0.4000  best=0.8667  reward=10.20
[ 8326/12000]  acc=0.7333  min=0.6000  best=0.8667  reward=11.07
[ 8327/12000]  acc=0.7333  min=0.6000  best=0.8667  reward=10.67
[ 8328/12000]  acc=0.8000  min=0.5333  best=0.8667  reward=11.00
[ 8329/12000]  acc=0.7333  min=0.5333  best=0.8667  reward=10.73
[ 8330/12000]  acc=0.8000  min=0.4000  best=0.8667  reward=11.20
[ 8331/12000]  acc=0.8000  min=0.5333  best=0.8667  reward=11.27
[ 8332/12000]  acc=0.7333  min=0.4667  best=0.8667  reward=10.33
[ 8333/12000]  acc=0.8000  min=0.4000  best=0.8667  reward=10.60
[ 8334/12000]  acc=0.7333  min=0.3333  best=0.8667  reward=10.47
[ 8335/12000]  acc=0.8667  min=0.3333  best=0.8667  reward=11.13
[ 8336/12000]  acc=0.7333  min=0.4667  best=0.8667  reward=10.60
[ 8337/12000]  acc=0.7333  min=0.4667  best=0.8667  reward=10.27
[ 8338/12000]  acc=0.6667  min=0.5333  best=0.8667  reward=10.40
[ 8339/12000]  acc=0.8000  min=0.5333  best=0.8667  reward=11.13
[ 8340/12000]  acc=0.6667  min=0.6000  best=0.8667  reward=10.13 [ckpt]
[ 8341/12000]  acc=0.8000  min=0.4667  best=0.8667  reward=11.00
[ 8342/12000]  acc=0.7333  min=0.6000  best=0.8667  reward=10.87
[ 8343/12000]  acc=0.7333  min=0.4000  best=0.8667  reward=10.07
[ 8344/12000]  acc=0.7333  min=0.4667  best=0.8667  reward=10.40
[ 8345/12000]  acc=0.7333  min=0.4667  best=0.8667  reward=10.47
[ 8346/12000]  acc=0.7333  min=0.4667  best=0.8667  reward=10.53
[ 8347/12000]  acc=0.8000  min=0.4667  best=0.8667  reward=10.40
[ 8348/12000]  acc=0.7333  min=0.4667  best=0.8667  reward=10.60
[ 8349/12000]  acc=0.7333  min=0.6000  best=0.8667  reward=10.80
[ 8350/12000]  acc=0.8000  min=0.4667  best=0.8667  reward=10.87
[ 8351/12000]  acc=0.7333  min=0.4667  best=0.8667  reward=10.53
[ 8352/12000]  acc=0.8000  min=0.4667  best=0.8667  reward=11.13
[ 8353/12000]  acc=0.6667  min=0.6667  best=0.8667  reward=10.27
[ 8354/12000]  acc=0.7333  min=0.5333  best=0.8667  reward=10.47
[ 8355/12000]  acc=0.8000  min=0.4667  best=0.8667  reward=10.47
[ 8356/12000]  acc=0.8000  min=0.5333  best=0.8667  reward=11.33
[ 8357/12000]  acc=0.8000  min=0.4000  best=0.8667  reward=11.13
[ 8358/12000]  acc=0.8000  min=0.4000  best=0.8667  reward=10.73
[ 8359/12000]  acc=0.7333  min=0.5333  best=0.8667  reward=10.40
[ 8360/12000]  acc=0.6667  min=0.5333  best=0.8667  reward=10.20 [ckpt]
[ 8361/12000]  acc=0.6667  min=0.4000  best=0.8667  reward=9.93
[ 8362/12000]  acc=0.7333  min=0.4667  best=0.8667  reward=10.60
[ 8363/12000]  acc=0.8000  min=0.5333  best=0.8667  reward=11.00
[ 8364/12000]  acc=0.7333  min=0.4667  best=0.8667  reward=10.13
[ 8365/12000]  acc=0.8000  min=0.5333  best=0.8667  reward=11.00
[ 8366/12000]  acc=0.7333  min=0.4667  best=0.8667  reward=10.20
[ 8367/12000]  acc=0.7333  min=0.4667  best=0.8667  reward=10.67
[ 8368/12000]  acc=0.6667  min=0.3333  best=0.8667  reward=10.47
[ 8369/12000]  acc=0.7333  min=0.4667  best=0.8667  reward=10.53
[ 8370/12000]  acc=0.6667  min=0.4667  best=0.8667  reward=10.13
[ 8371/12000]  acc=0.8000  min=0.4667  best=0.8667  reward=11.20
[ 8372/12000]  acc=0.6667  min=0.3333  best=0.8667  reward=9.80
[ 8373/12000]  acc=0.7333  min=0.4667  best=0.8667  reward=11.13
[ 8374/12000]  acc=0.6667  min=0.5333  best=0.8667  reward=10.33
[ 8375/12000]  acc=0.7333  min=0.4667  best=0.8667  reward=10.47
[ 8376/12000]  acc=0.7333  min=0.4667  best=0.8667  reward=10.40
[ 8377/12000]  acc=0.6667  min=0.5333  best=0.8667  reward=10.27
[ 8378/12000]  acc=0.6667  min=0.5333  best=0.8667  reward=10.33
[ 8379/12000]  acc=0.6667  min=0.4667  best=0.8667  reward=10.20
[ 8380/12000]  acc=0.7333  min=0.6000  best=0.8667  reward=11.07 [ckpt]
[ 8381/12000]  acc=0.7333  min=0.3333  best=0.8667  reward=10.47
[ 8382/12000]  acc=0.6667  min=0.4667  best=0.8667  reward=10.07
[ 8383/12000]  acc=0.6667  min=0.5333  best=0.8667  reward=10.40
[ 8384/12000]  acc=0.6667  min=0.4667  best=0.8667  reward=9.87
[ 8385/12000]  acc=0.7333  min=0.6000  best=0.8667  reward=11.00
[ 8386/12000]  acc=0.6667  min=0.3333  best=0.8667  reward=10.13
[ 8387/12000]  acc=0.7333  min=0.4000  best=0.8667  reward=10.80
[ 8388/12000]  acc=0.8000  min=0.4667  best=0.8667  reward=11.00
[ 8389/12000]  acc=0.8000  min=0.4667  best=0.8667  reward=10.93
[ 8390/12000]  acc=0.7333  min=0.4667  best=0.8667  reward=10.87
[ 8391/12000]  acc=0.6667  min=0.5333  best=0.8667  reward=10.73
[ 8392/12000]  acc=0.7333  min=0.4667  best=0.8667  reward=10.60
[ 8393/12000]  acc=0.6667  min=0.4667  best=0.8667  reward=10.87
[ 8394/12000]  acc=0.7333  min=0.3333  best=0.8667  reward=10.33
[ 8395/12000]  acc=0.7333  min=0.5333  best=0.8667  reward=10.73
[ 8396/12000]  acc=0.6667  min=0.5333  best=0.8667  reward=10.67
[ 8397/12000]  acc=0.7333  min=0.6000  best=0.8667  reward=10.67
[ 8398/12000]  acc=0.7333  min=0.4000  best=0.8667  reward=10.53
[ 8399/12000]  acc=0.7333  min=0.3333  best=0.8667  reward=10.40
[ 8400/12000]  acc=0.6667  min=0.5333  best=0.8667  reward=10.47 [ckpt]
[ 8401/12000]  acc=0.6667  min=0.4000  best=0.8667  reward=10.13
[ 8402/12000]  acc=0.7333  min=0.4000  best=0.8667  reward=10.67
[ 8403/12000]  acc=0.7333  min=0.4667  best=0.8667  reward=10.40
[ 8404/12000]  acc=0.6667  min=0.4667  best=0.8667  reward=10.27
[ 8405/12000]  acc=0.6667  min=0.4000  best=0.8667  reward=9.93
[ 8406/12000]  acc=0.7333  min=0.4667  best=0.8667  reward=10.80
[ 8407/12000]  acc=0.6667  min=0.6667  best=0.8667  reward=10.33
[ 8408/12000]  acc=0.7333  min=0.4667  best=0.8667  reward=11.00
[ 8409/12000]  acc=0.6667  min=0.4667  best=0.8667  reward=10.20
[ 8410/12000]  acc=0.7333  min=0.5333  best=0.8667  reward=10.40
[ 8411/12000]  acc=0.7333  min=0.4667  best=0.8667  reward=10.67
[ 8412/12000]  acc=0.8000  min=0.4667  best=0.8667  reward=10.87
[ 8413/12000]  acc=0.6667  min=0.5333  best=0.8667  reward=10.33
[ 8414/12000]  acc=0.7333  min=0.6000  best=0.8667  reward=10.60
[ 8415/12000]  acc=0.8000  min=0.5333  best=0.8667  reward=10.67
[ 8416/12000]  acc=0.6667  min=0.4667  best=0.8667  reward=10.20
[ 8417/12000]  acc=0.8000  min=0.4000  best=0.8667  reward=11.20
[ 8418/12000]  acc=0.6667  min=0.4000  best=0.8667  reward=9.67
[ 8419/12000]  acc=0.8000  min=0.4667  best=0.8667  reward=10.93
[ 8420/12000]  acc=0.6667  min=0.3333  best=0.8667  reward=10.00 [ckpt]
[ 8421/12000]  acc=0.6667  min=0.4667  best=0.8667  reward=10.20
[ 8422/12000]  acc=0.7333  min=0.4000  best=0.8667  reward=11.13
[ 8423/12000]  acc=0.6667  min=0.3333  best=0.8667  reward=10.13
[ 8424/12000]  acc=0.7333  min=0.4667  best=0.8667  reward=10.53
[ 8425/12000]  acc=0.7333  min=0.4667  best=0.8667  reward=10.60
[ 8426/12000]  acc=0.7333  min=0.5333  best=0.8667  reward=10.67
[ 8427/12000]  acc=0.7333  min=0.4000  best=0.8667  reward=10.60
[ 8428/12000]  acc=0.7333  min=0.5333  best=0.8667  reward=10.73
[ 8429/12000]  acc=0.7333  min=0.6000  best=0.8667  reward=10.67
[ 8430/12000]  acc=0.8000  min=0.4667  best=0.8667  reward=10.87
[ 8431/12000]  acc=0.6667  min=0.6000  best=0.8667  reward=10.73
[ 8432/12000]  acc=0.8000  min=0.4667  best=0.8667  reward=10.87
[ 8433/12000]  acc=0.8000  min=0.4667  best=0.8667  reward=10.93
[ 8434/12000]  acc=0.6667  min=0.5333  best=0.8667  reward=10.40
[ 8435/12000]  acc=0.6667  min=0.4000  best=0.8667  reward=10.07
[ 8436/12000]  acc=0.7333  min=0.4000  best=0.8667  reward=10.27
[ 8437/12000]  acc=0.8000  min=0.6000  best=0.8667  reward=11.20
[ 8438/12000]  acc=0.7333  min=0.4667  best=0.8667  reward=10.40
[ 8439/12000]  acc=0.6667  min=0.5333  best=0.8667  reward=10.53
[ 8440/12000]  acc=0.7333  min=0.4667  best=0.8667  reward=10.73 [ckpt]
[ 8441/12000]  acc=0.8000  min=0.4667  best=0.8667  reward=11.07
[ 8442/12000]  acc=0.7333  min=0.3333  best=0.8667  reward=9.80
[ 8443/12000]  acc=0.8000  min=0.4000  best=0.8667  reward=11.00
[ 8444/12000]  acc=0.7333  min=0.5333  best=0.8667  reward=10.33
[ 8445/12000]  acc=0.8000  min=0.4667  best=0.8667  reward=11.00
[ 8446/12000]  acc=0.7333  min=0.4667  best=0.8667  reward=10.67
[ 8447/12000]  acc=0.6667  min=0.6000  best=0.8667  reward=10.27
[ 8448/12000]  acc=0.7333  min=0.4667  best=0.8667  reward=10.40
[ 8449/12000]  acc=0.8000  min=0.6000  best=0.8667  reward=11.20
[ 8450/12000]  acc=0.6667  min=0.4667  best=0.8667  reward=10.00
[ 8451/12000]  acc=0.7333  min=0.4667  best=0.8667  reward=11.27
[ 8452/12000]  acc=0.8000  min=0.5333  best=0.8667  reward=11.13
[ 8453/12000]  acc=0.7333  min=0.4667  best=0.8667  reward=10.40
[ 8454/12000]  acc=0.7333  min=0.5333  best=0.8667  reward=10.73
[ 8455/12000]  acc=0.6667  min=0.4667  best=0.8667  reward=10.53
[ 8456/12000]  acc=0.7333  min=0.4667  best=0.8667  reward=10.27
[ 8457/12000]  acc=0.7333  min=0.5333  best=0.8667  reward=10.60
[ 8458/12000]  acc=0.8000  min=0.4000  best=0.8667  reward=11.13
[ 8459/12000]  acc=0.6667  min=0.5333  best=0.8667  reward=10.47
[ 8460/12000]  acc=0.8000  min=0.5333  best=0.8667  reward=11.33 [ckpt]
[ 8461/12000]  acc=0.7333  min=0.3333  best=0.8667  reward=10.27
[ 8462/12000]  acc=0.7333  min=0.4000  best=0.8667  reward=10.60
[ 8463/12000]  acc=0.8000  min=0.2667  best=0.8667  reward=10.40
[ 8464/12000]  acc=0.7333  min=0.4000  best=0.8667  reward=10.33
[ 8465/12000]  acc=0.7333  min=0.5333  best=0.8667  reward=10.60
[ 8466/12000]  acc=0.7333  min=0.5333  best=0.8667  reward=10.07
[ 8467/12000]  acc=0.7333  min=0.4667  best=0.8667  reward=10.93
[ 8468/12000]  acc=0.8000  min=0.3333  best=0.8667  reward=11.13
[ 8469/12000]  acc=0.7333  min=0.5333  best=0.8667  reward=10.47
[ 8470/12000]  acc=0.7333  min=0.6000  best=0.8667  reward=10.53
[ 8471/12000]  acc=0.6667  min=0.4667  best=0.8667  reward=9.87
[ 8472/12000]  acc=0.8000  min=0.4667  best=0.8667  reward=11.07
[ 8473/12000]  acc=0.7333  min=0.4000  best=0.8667  reward=10.33
[ 8474/12000]  acc=0.8000  min=0.4667  best=0.8667  reward=11.20
[ 8475/12000]  acc=0.7333  min=0.3333  best=0.8667  reward=10.33
[ 8476/12000]  acc=0.7333  min=0.5333  best=0.8667  reward=10.73
[ 8477/12000]  acc=0.6667  min=0.3333  best=0.8667  reward=10.13
[ 8478/12000]  acc=0.6667  min=0.4000  best=0.8667  reward=10.13
[ 8479/12000]  acc=0.6667  min=0.4000  best=0.8667  reward=10.00
[ 8480/12000]  acc=0.6667  min=0.4000  best=0.8667  reward=10.00 [ckpt]
[ 8481/12000]  acc=0.6667  min=0.3333  best=0.8667  reward=10.60
[ 8482/12000]  acc=0.8667  min=0.4000  best=0.8667  reward=10.67
[ 8483/12000]  acc=0.6667  min=0.4667  best=0.8667  reward=10.13
[ 8484/12000]  acc=0.7333  min=0.4000  best=0.8667  reward=10.27
[ 8485/12000]  acc=0.8000  min=0.5333  best=0.8667  reward=10.67
[ 8486/12000]  acc=0.8000  min=0.5333  best=0.8667  reward=11.27
[ 8487/12000]  acc=0.7333  min=0.4667  best=0.8667  reward=10.73
[ 8488/12000]  acc=0.7333  min=0.4667  best=0.8667  reward=10.40
[ 8489/12000]  acc=0.7333  min=0.6000  best=0.8667  reward=10.07
[ 8490/12000]  acc=0.7333  min=0.4667  best=0.8667  reward=10.53
[ 8491/12000]  acc=0.7333  min=0.4667  best=0.8667  reward=10.20
[ 8492/12000]  acc=0.6667  min=0.4667  best=0.8667  reward=10.07
[ 8493/12000]  acc=0.8000  min=0.5333  best=0.8667  reward=11.27
[ 8494/12000]  acc=0.6667  min=0.4000  best=0.8667  reward=10.00
[ 8495/12000]  acc=0.8000  min=0.4667  best=0.8667  reward=10.93
[ 8496/12000]  acc=0.6667  min=0.5333  best=0.8667  reward=10.93
[ 8497/12000]  acc=0.7333  min=0.4667  best=0.8667  reward=10.67
[ 8498/12000]  acc=0.7333  min=0.5333  best=0.8667  reward=10.60
[ 8499/12000]  acc=0.6667  min=0.4667  best=0.8667  reward=10.27
[ 8500/12000]  acc=0.7333  min=0.4667  best=0.8667  reward=10.53 [ckpt]
[ 8501/12000]  acc=0.7333  min=0.5333  best=0.8667  reward=10.53
[ 8502/12000]  acc=0.6667  min=0.4667  best=0.8667  reward=10.33
[ 8503/12000]  acc=0.7333  min=0.4667  best=0.8667  reward=10.87
[ 8504/12000]  acc=0.7333  min=0.5333  best=0.8667  reward=10.47
[ 8505/12000]  acc=0.7333  min=0.6000  best=0.8667  reward=10.80
[ 8506/12000]  acc=0.7333  min=0.4000  best=0.8667  reward=10.47
[ 8507/12000]  acc=0.6667  min=0.3333  best=0.8667  reward=10.13
[ 8508/12000]  acc=0.7333  min=0.5333  best=0.8667  reward=10.73
[ 8509/12000]  acc=0.7333  min=0.3333  best=0.8667  reward=10.53
[ 8510/12000]  acc=0.7333  min=0.3333  best=0.8667  reward=10.53
[ 8511/12000]  acc=0.7333  min=0.4667  best=0.8667  reward=10.13
[ 8512/12000]  acc=0.8000  min=0.4000  best=0.8667  reward=10.27
[ 8513/12000]  acc=0.7333  min=0.3333  best=0.8667  reward=10.27
[ 8514/12000]  acc=0.6667  min=0.5333  best=0.8667  reward=9.93
[ 8515/12000]  acc=0.7333  min=0.5333  best=0.8667  reward=10.53
[ 8516/12000]  acc=0.7333  min=0.6000  best=0.8667  reward=10.80
[ 8517/12000]  acc=0.7333  min=0.4667  best=0.8667  reward=10.60
[ 8518/12000]  acc=0.6667  min=0.4000  best=0.8667  reward=9.87
[ 8519/12000]  acc=0.8000  min=0.5333  best=0.8667  reward=10.60
[ 8520/12000]  acc=0.8000  min=0.4667  best=0.8667  reward=11.00 [ckpt]
[ 8521/12000]  acc=0.7333  min=0.5333  best=0.8667  reward=10.93
[ 8522/12000]  acc=0.6667  min=0.5333  best=0.8667  reward=10.67
[ 8523/12000]  acc=0.7333  min=0.4667  best=0.8667  reward=10.73
[ 8524/12000]  acc=0.7333  min=0.5333  best=0.8667  reward=10.27
[ 8525/12000]  acc=0.6667  min=0.5333  best=0.8667  reward=10.20
[ 8526/12000]  acc=0.7333  min=0.3333  best=0.8667  reward=10.40
[ 8527/12000]  acc=0.7333  min=0.5333  best=0.8667  reward=10.47
[ 8528/12000]  acc=0.8000  min=0.4000  best=0.8667  reward=10.80
[ 8529/12000]  acc=0.7333  min=0.3333  best=0.8667  reward=9.93
[ 8530/12000]  acc=0.7333  min=0.5333  best=0.8667  reward=10.60
[ 8531/12000]  acc=0.6667  min=0.3333  best=0.8667  reward=9.40
[ 8532/12000]  acc=0.6667  min=0.4000  best=0.8667  reward=10.27
[ 8533/12000]  acc=0.7333  min=0.4667  best=0.8667  reward=10.20
[ 8534/12000]  acc=0.7333  min=0.4000  best=0.8667  reward=10.40
[ 8535/12000]  acc=0.6667  min=0.2667  best=0.8667  reward=10.00
[ 8536/12000]  acc=0.7333  min=0.6000  best=0.8667  reward=10.93
[ 8537/12000]  acc=0.8000  min=0.4667  best=0.8667  reward=11.47
[ 8538/12000]  acc=0.7333  min=0.5333  best=0.8667  reward=10.60
[ 8539/12000]  acc=0.7333  min=0.5333  best=0.8667  reward=10.60
[ 8540/12000]  acc=0.6667  min=0.4000  best=0.8667  reward=10.40 [ckpt]
[ 8541/12000]  acc=0.6667  min=0.5333  best=0.8667  reward=10.13
[ 8542/12000]  acc=0.8667  min=0.5333  best=0.8667  reward=11.27
[ 8543/12000]  acc=0.7333  min=0.4667  best=0.8667  reward=10.27
[ 8544/12000]  acc=0.7333  min=0.4667  best=0.8667  reward=10.47
[ 8545/12000]  acc=0.7333  min=0.4667  best=0.8667  reward=10.53
[ 8546/12000]  acc=0.7333  min=0.3333  best=0.8667  reward=10.33
[ 8547/12000]  acc=0.8000  min=0.4667  best=0.8667  reward=11.13
[ 8548/12000]  acc=0.7333  min=0.4667  best=0.8667  reward=10.73
[ 8549/12000]  acc=0.7333  min=0.5333  best=0.8667  reward=10.40
[ 8550/12000]  acc=0.7333  min=0.3333  best=0.8667  reward=10.40
[ 8551/12000]  acc=0.7333  min=0.4667  best=0.8667  reward=10.07
[ 8552/12000]  acc=0.6667  min=0.5333  best=0.8667  reward=10.67
[ 8553/12000]  acc=0.7333  min=0.5333  best=0.8667  reward=10.53
[ 8554/12000]  acc=0.7333  min=0.4000  best=0.8667  reward=10.53
[ 8555/12000]  acc=0.6667  min=0.5333  best=0.8667  reward=9.93
[ 8556/12000]  acc=0.7333  min=0.2667  best=0.8667  reward=10.07
[ 8557/12000]  acc=0.6667  min=0.4000  best=0.8667  reward=10.13
[ 8558/12000]  acc=0.6667  min=0.4000  best=0.8667  reward=10.47
[ 8559/12000]  acc=0.7333  min=0.5333  best=0.8667  reward=10.07
[ 8560/12000]  acc=0.6667  min=0.5333  best=0.8667  reward=10.93 [ckpt]
[ 8561/12000]  acc=0.6667  min=0.4000  best=0.8667  reward=10.07
[ 8562/12000]  acc=0.7333  min=0.5333  best=0.8667  reward=10.33
[ 8563/12000]  acc=0.7333  min=0.5333  best=0.8667  reward=10.67
[ 8564/12000]  acc=0.6667  min=0.4000  best=0.8667  reward=9.67
[ 8565/12000]  acc=0.6667  min=0.6000  best=0.8667  reward=10.00
[ 8566/12000]  acc=0.6667  min=0.5333  best=0.8667  reward=10.07
[ 8567/12000]  acc=0.6667  min=0.5333  best=0.8667  reward=10.47
[ 8568/12000]  acc=0.7333  min=0.4667  best=0.8667  reward=10.47
[ 8569/12000]  acc=0.6667  min=0.5333  best=0.8667  reward=10.33
[ 8570/12000]  acc=0.6667  min=0.4667  best=0.8667  reward=10.20
[ 8571/12000]  acc=0.6667  min=0.4667  best=0.8667  reward=9.87
[ 8572/12000]  acc=0.6667  min=0.6667  best=0.8667  reward=10.87
[ 8573/12000]  acc=0.6667  min=0.5333  best=0.8667  reward=10.13
[ 8574/12000]  acc=0.6667  min=0.5333  best=0.8667  reward=9.87
[ 8575/12000]  acc=0.7333  min=0.4000  best=0.8667  reward=10.07
[ 8576/12000]  acc=0.7333  min=0.3333  best=0.8667  reward=10.47
[ 8577/12000]  acc=0.6667  min=0.4667  best=0.8667  reward=10.00
[ 8578/12000]  acc=0.7333  min=0.5333  best=0.8667  reward=10.27
[ 8579/12000]  acc=0.7333  min=0.4000  best=0.8667  reward=10.47
[ 8580/12000]  acc=0.6667  min=0.5333  best=0.8667  reward=10.67 [ckpt]
[ 8581/12000]  acc=0.6667  min=0.4667  best=0.8667  reward=9.87
[ 8582/12000]  acc=0.6667  min=0.4667  best=0.8667  reward=9.67
[ 8583/12000]  acc=0.7333  min=0.5333  best=0.8667  reward=10.07
[ 8584/12000]  acc=0.6667  min=0.6000  best=0.8667  reward=10.40
[ 8585/12000]  acc=0.6667  min=0.4667  best=0.8667  reward=9.73
[ 8586/12000]  acc=0.6667  min=0.4667  best=0.8667  reward=10.00
[ 8587/12000]  acc=0.7333  min=0.4667  best=0.8667  reward=9.93
[ 8588/12000]  acc=0.6667  min=0.3333  best=0.8667  reward=10.00
[ 8589/12000]  acc=0.6667  min=0.4667  best=0.8667  reward=10.20
[ 8590/12000]  acc=0.6667  min=0.4667  best=0.8667  reward=10.47
[ 8591/12000]  acc=0.6667  min=0.4667  best=0.8667  reward=9.87
[ 8592/12000]  acc=0.6667  min=0.5333  best=0.8667  reward=10.13
[ 8593/12000]  acc=0.6667  min=0.5333  best=0.8667  reward=9.87
[ 8594/12000]  acc=0.6667  min=0.5333  best=0.8667  reward=10.00
[ 8595/12000]  acc=0.6667  min=0.6000  best=0.8667  reward=10.47
[ 8596/12000]  acc=0.6667  min=0.4000  best=0.8667  reward=10.13
[ 8597/12000]  acc=0.6667  min=0.4667  best=0.8667  reward=9.80
[ 8598/12000]  acc=0.7333  min=0.5333  best=0.8667  reward=10.67
[ 8599/12000]  acc=0.7333  min=0.6000  best=0.8667  reward=10.73
[ 8600/12000]  acc=0.7333  min=0.4000  best=0.8667  reward=10.20 [ckpt]
[ 8601/12000]  acc=0.6667  min=0.5333  best=0.8667  reward=10.33
[ 8602/12000]  acc=0.6667  min=0.4000  best=0.8667  reward=10.00
[ 8603/12000]  acc=0.6667  min=0.4667  best=0.8667  reward=10.07
[ 8604/12000]  acc=0.6667  min=0.2667  best=0.8667  reward=10.00
[ 8605/12000]  acc=0.6667  min=0.4000  best=0.8667  reward=10.07
[ 8606/12000]  acc=0.7333  min=0.5333  best=0.8667  reward=10.40
[ 8607/12000]  acc=0.7333  min=0.3333  best=0.8667  reward=10.33
[ 8608/12000]  acc=0.7333  min=0.4667  best=0.8667  reward=10.00
[ 8609/12000]  acc=0.6667  min=0.4667  best=0.8667  reward=10.20
[ 8610/12000]  acc=0.6667  min=0.4667  best=0.8667  reward=9.73
[ 8611/12000]  acc=0.7333  min=0.4000  best=0.8667  reward=10.27
[ 8612/12000]  acc=0.6667  min=0.5333  best=0.8667  reward=9.93
[ 8613/12000]  acc=0.7333  min=0.2667  best=0.8667  reward=10.40
[ 8614/12000]  acc=0.6667  min=0.4667  best=0.8667  reward=10.40
[ 8615/12000]  acc=0.7333  min=0.5333  best=0.8667  reward=10.47
[ 8616/12000]  acc=0.6667  min=0.6000  best=0.8667  reward=10.07
[ 8617/12000]  acc=0.7333  min=0.6000  best=0.8667  reward=10.73
[ 8618/12000]  acc=0.6667  min=0.4667  best=0.8667  reward=10.27
[ 8619/12000]  acc=0.6667  min=0.4667  best=0.8667  reward=9.73
[ 8620/12000]  acc=0.7333  min=0.5333  best=0.8667  reward=10.07 [ckpt]
[ 8621/12000]  acc=0.6667  min=0.4667  best=0.8667  reward=10.20
[ 8622/12000]  acc=0.6667  min=0.3333  best=0.8667  reward=10.47
[ 8623/12000]  acc=0.6667  min=0.4667  best=0.8667  reward=9.93
[ 8624/12000]  acc=0.6667  min=0.3333  best=0.8667  reward=10.20
[ 8625/12000]  acc=0.7333  min=0.5333  best=0.8667  reward=10.67
[ 8626/12000]  acc=0.6667  min=0.4000  best=0.8667  reward=10.27
[ 8627/12000]  acc=0.6667  min=0.5333  best=0.8667  reward=10.00
[ 8628/12000]  acc=0.6667  min=0.4000  best=0.8667  reward=9.87
[ 8629/12000]  acc=0.6667  min=0.4667  best=0.8667  reward=9.73
[ 8630/12000]  acc=0.6667  min=0.4667  best=0.8667  reward=10.33
[ 8631/12000]  acc=0.7333  min=0.4000  best=0.8667  reward=10.20
[ 8632/12000]  acc=0.6667  min=0.6000  best=0.8667  reward=10.33
[ 8633/12000]  acc=0.6667  min=0.6000  best=0.8667  reward=10.07
[ 8634/12000]  acc=0.7333  min=0.4667  best=0.8667  reward=10.33
[ 8635/12000]  acc=0.7333  min=0.2667  best=0.8667  reward=10.33
[ 8636/12000]  acc=0.7333  min=0.5333  best=0.8667  reward=10.40
[ 8637/12000]  acc=0.7333  min=0.6000  best=0.8667  reward=10.73
[ 8638/12000]  acc=0.7333  min=0.4667  best=0.8667  reward=10.33
[ 8639/12000]  acc=0.7333  min=0.4000  best=0.8667  reward=10.27
[ 8640/12000]  acc=0.6667  min=0.4000  best=0.8667  reward=10.33 [ckpt]
[ 8641/12000]  acc=0.6667  min=0.4667  best=0.8667  reward=10.13
[ 8642/12000]  acc=0.7333  min=0.4667  best=0.8667  reward=10.40
[ 8643/12000]  acc=0.6667  min=0.4667  best=0.8667  reward=10.33
[ 8644/12000]  acc=0.6667  min=0.6000  best=0.8667  reward=10.20
[ 8645/12000]  acc=0.6667  min=0.5333  best=0.8667  reward=9.93
[ 8646/12000]  acc=0.7333  min=0.6000  best=0.8667  reward=10.80
[ 8647/12000]  acc=0.7333  min=0.6000  best=0.8667  reward=10.53
[ 8648/12000]  acc=0.6667  min=0.4667  best=0.8667  reward=10.20
[ 8649/12000]  acc=0.6667  min=0.4667  best=0.8667  reward=10.13
[ 8650/12000]  acc=0.6667  min=0.5333  best=0.8667  reward=10.00
[ 8651/12000]  acc=0.6667  min=0.4000  best=0.8667  reward=9.73
[ 8652/12000]  acc=0.6667  min=0.4000  best=0.8667  reward=9.80
[ 8653/12000]  acc=0.6667  min=0.4667  best=0.8667  reward=10.00
[ 8654/12000]  acc=0.6667  min=0.5333  best=0.8667  reward=10.40
[ 8655/12000]  acc=0.6667  min=0.5333  best=0.8667  reward=10.20
[ 8656/12000]  acc=0.6667  min=0.4667  best=0.8667  reward=10.00
[ 8657/12000]  acc=0.7333  min=0.4000  best=0.8667  reward=10.40
[ 8658/12000]  acc=0.7333  min=0.3333  best=0.8667  reward=10.33
[ 8659/12000]  acc=0.6667  min=0.4667  best=0.8667  reward=9.93
[ 8660/12000]  acc=0.7333  min=0.4667  best=0.8667  reward=10.47 [ckpt]
[ 8661/12000]  acc=0.6667  min=0.5333  best=0.8667  reward=10.40
[ 8662/12000]  acc=0.7333  min=0.4667  best=0.8667  reward=10.27
[ 8663/12000]  acc=0.6667  min=0.4000  best=0.8667  reward=10.13
[ 8664/12000]  acc=0.8000  min=0.6000  best=0.8667  reward=10.40
[ 8665/12000]  acc=0.6667  min=0.4000  best=0.8667  reward=10.47
[ 8666/12000]  acc=0.7333  min=0.4667  best=0.8667  reward=10.47
[ 8667/12000]  acc=0.6667  min=0.4667  best=0.8667  reward=9.80
[ 8668/12000]  acc=0.7333  min=0.6000  best=0.8667  reward=10.67
[ 8669/12000]  acc=0.7333  min=0.4667  best=0.8667  reward=10.33
[ 8670/12000]  acc=0.7333  min=0.4000  best=0.8667  reward=10.20
[ 8671/12000]  acc=0.6667  min=0.4667  best=0.8667  reward=10.13
[ 8672/12000]  acc=0.6667  min=0.4667  best=0.8667  reward=9.93
[ 8673/12000]  acc=0.6667  min=0.4667  best=0.8667  reward=10.00
[ 8674/12000]  acc=0.6667  min=0.4667  best=0.8667  reward=10.07
[ 8675/12000]  acc=0.6667  min=0.4000  best=0.8667  reward=9.80
[ 8676/12000]  acc=0.6667  min=0.5333  best=0.8667  reward=10.20
[ 8677/12000]  acc=0.6667  min=0.5333  best=0.8667  reward=9.93
[ 8678/12000]  acc=0.6667  min=0.4667  best=0.8667  reward=9.93
[ 8679/12000]  acc=0.6667  min=0.4000  best=0.8667  reward=9.93
[ 8680/12000]  acc=0.6667  min=0.6000  best=0.8667  reward=10.27 [ckpt]
[ 8681/12000]  acc=0.6667  min=0.5333  best=0.8667  reward=10.13
[ 8682/12000]  acc=0.6667  min=0.4667  best=0.8667  reward=9.87
[ 8683/12000]  acc=0.6667  min=0.3333  best=0.8667  reward=9.87
[ 8684/12000]  acc=0.6667  min=0.4667  best=0.8667  reward=10.27
[ 8685/12000]  acc=0.7333  min=0.3333  best=0.8667  reward=10.07
[ 8686/12000]  acc=0.7333  min=0.4667  best=0.8667  reward=10.33
[ 8687/12000]  acc=0.6667  min=0.4000  best=0.8667  reward=9.73
[ 8688/12000]  acc=0.7333  min=0.5333  best=0.8667  reward=10.47
[ 8689/12000]  acc=0.6667  min=0.6000  best=0.8667  reward=10.47
[ 8690/12000]  acc=0.6667  min=0.4667  best=0.8667  reward=9.93
[ 8691/12000]  acc=0.6667  min=0.6000  best=0.8667  reward=10.00
[ 8692/12000]  acc=0.7333  min=0.3333  best=0.8667  reward=10.00
[ 8693/12000]  acc=0.6667  min=0.3333  best=0.8667  reward=10.07
[ 8694/12000]  acc=0.7333  min=0.4667  best=0.8667  reward=10.07
[ 8695/12000]  acc=0.6667  min=0.4000  best=0.8667  reward=9.93
[ 8696/12000]  acc=0.7333  min=0.5333  best=0.8667  reward=10.53
[ 8697/12000]  acc=0.6667  min=0.4667  best=0.8667  reward=9.93
[ 8698/12000]  acc=0.6667  min=0.5333  best=0.8667  reward=10.47
[ 8699/12000]  acc=0.6667  min=0.5333  best=0.8667  reward=10.47
[ 8700/12000]  acc=0.6667  min=0.4667  best=0.8667  reward=10.53 [ckpt]
[ 8701/12000]  acc=0.6667  min=0.5333  best=0.8667  reward=9.93
[ 8702/12000]  acc=0.6667  min=0.4667  best=0.8667  reward=10.47
[ 8703/12000]  acc=0.6667  min=0.5333  best=0.8667  reward=10.00
[ 8704/12000]  acc=0.6667  min=0.4000  best=0.8667  reward=9.80
[ 8705/12000]  acc=0.7333  min=0.4000  best=0.8667  reward=10.00
[ 8706/12000]  acc=0.7333  min=0.4000  best=0.8667  reward=10.27
[ 8707/12000]  acc=0.7333  min=0.5333  best=0.8667  reward=10.60
[ 8708/12000]  acc=0.6667  min=0.5333  best=0.8667  reward=10.00
[ 8709/12000]  acc=0.6667  min=0.4667  best=0.8667  reward=9.67
[ 8710/12000]  acc=0.6667  min=0.4667  best=0.8667  reward=10.00
[ 8711/12000]  acc=0.6667  min=0.4667  best=0.8667  reward=10.20
[ 8712/12000]  acc=0.6667  min=0.4000  best=0.8667  reward=9.53
[ 8713/12000]  acc=0.6667  min=0.4667  best=0.8667  reward=10.47
[ 8714/12000]  acc=0.6667  min=0.6000  best=0.8667  reward=10.20
[ 8715/12000]  acc=0.6667  min=0.6000  best=0.8667  reward=10.20
[ 8716/12000]  acc=0.7333  min=0.4667  best=0.8667  reward=10.53
[ 8717/12000]  acc=0.7333  min=0.3333  best=0.8667  reward=10.27
[ 8718/12000]  acc=0.6667  min=0.4000  best=0.8667  reward=10.20
[ 8719/12000]  acc=0.8000  min=0.4000  best=0.8667  reward=10.40
[ 8720/12000]  acc=0.7333  min=0.4667  best=0.8667  reward=10.47 [ckpt]
[ 8721/12000]  acc=0.6667  min=0.5333  best=0.8667  reward=10.20
[ 8722/12000]  acc=0.7333  min=0.4667  best=0.8667  reward=10.07
[ 8723/12000]  acc=0.7333  min=0.4667  best=0.8667  reward=10.53
[ 8724/12000]  acc=0.6667  min=0.4667  best=0.8667  reward=10.47
[ 8725/12000]  acc=0.6667  min=0.6000  best=0.8667  reward=10.27
[ 8726/12000]  acc=0.7333  min=0.4667  best=0.8667  reward=10.47
[ 8727/12000]  acc=0.7333  min=0.4667  best=0.8667  reward=10.13
[ 8728/12000]  acc=0.6667  min=0.5333  best=0.8667  reward=10.07
[ 8729/12000]  acc=0.7333  min=0.3333  best=0.8667  reward=10.60
[ 8730/12000]  acc=0.7333  min=0.4667  best=0.8667  reward=10.53
[ 8731/12000]  acc=0.6667  min=0.4667  best=0.8667  reward=10.27
[ 8732/12000]  acc=0.7333  min=0.4667  best=0.8667  reward=10.27
[ 8733/12000]  acc=0.6667  min=0.4667  best=0.8667  reward=9.73
[ 8734/12000]  acc=0.6667  min=0.4667  best=0.8667  reward=10.07
[ 8735/12000]  acc=0.6667  min=0.5333  best=0.8667  reward=10.53
[ 8736/12000]  acc=0.6667  min=0.4000  best=0.8667  reward=9.73
[ 8737/12000]  acc=0.7333  min=0.4000  best=0.8667  reward=10.40
[ 8738/12000]  acc=0.6667  min=0.2667  best=0.8667  reward=10.33
[ 8739/12000]  acc=0.7333  min=0.4000  best=0.8667  reward=10.33
[ 8740/12000]  acc=0.7333  min=0.6000  best=0.8667  reward=10.53 [ckpt]
[ 8741/12000]  acc=0.7333  min=0.4000  best=0.8667  reward=10.13
[ 8742/12000]  acc=0.6667  min=0.3333  best=0.8667  reward=10.27
[ 8743/12000]  acc=0.7333  min=0.5333  best=0.8667  reward=10.13
[ 8744/12000]  acc=0.6667  min=0.4000  best=0.8667  reward=10.07
[ 8745/12000]  acc=0.6667  min=0.4667  best=0.8667  reward=10.27
[ 8746/12000]  acc=0.7333  min=0.5333  best=0.8667  reward=10.67
[ 8747/12000]  acc=0.6667  min=0.5333  best=0.8667  reward=10.20
[ 8748/12000]  acc=0.6667  min=0.5333  best=0.8667  reward=10.27
[ 8749/12000]  acc=0.8000  min=0.5333  best=0.8667  reward=11.20
[ 8750/12000]  acc=0.7333  min=0.4000  best=0.8667  reward=10.60
[ 8751/12000]  acc=0.7333  min=0.4667  best=0.8667  reward=10.67
[ 8752/12000]  acc=0.7333  min=0.4000  best=0.8667  reward=9.93
[ 8753/12000]  acc=0.7333  min=0.4000  best=0.8667  reward=10.93
[ 8754/12000]  acc=0.7333  min=0.4667  best=0.8667  reward=10.67
[ 8755/12000]  acc=0.6667  min=0.5333  best=0.8667  reward=10.53
[ 8756/12000]  acc=0.7333  min=0.4000  best=0.8667  reward=10.80
[ 8757/12000]  acc=0.7333  min=0.6000  best=0.8667  reward=10.60
[ 8758/12000]  acc=0.7333  min=0.4667  best=0.8667  reward=10.40
[ 8759/12000]  acc=0.6667  min=0.4667  best=0.8667  reward=9.87
[ 8760/12000]  acc=0.7333  min=0.5333  best=0.8667  reward=10.20 [ckpt]
[ 8761/12000]  acc=0.8000  min=0.4667  best=0.8667  reward=11.20
[ 8762/12000]  acc=0.6667  min=0.4000  best=0.8667  reward=10.13
[ 8763/12000]  acc=0.8000  min=0.6667  best=0.8667  reward=10.93
[ 8764/12000]  acc=0.7333  min=0.4000  best=0.8667  reward=10.27
[ 8765/12000]  acc=0.6667  min=0.4667  best=0.8667  reward=9.87
[ 8766/12000]  acc=0.7333  min=0.4667  best=0.8667  reward=10.40
[ 8767/12000]  acc=0.7333  min=0.5333  best=0.8667  reward=10.53
[ 8768/12000]  acc=0.7333  min=0.5333  best=0.8667  reward=10.67
[ 8769/12000]  acc=0.7333  min=0.5333  best=0.8667  reward=10.53
[ 8770/12000]  acc=0.7333  min=0.6000  best=0.8667  reward=10.53
[ 8771/12000]  acc=0.8000  min=0.4000  best=0.8667  reward=10.87
[ 8772/12000]  acc=0.7333  min=0.5333  best=0.8667  reward=10.47
[ 8773/12000]  acc=0.6667  min=0.3333  best=0.8667  reward=10.20
[ 8774/12000]  acc=0.8000  min=0.4000  best=0.8667  reward=11.07
[ 8775/12000]  acc=0.6667  min=0.6000  best=0.8667  reward=10.00
[ 8776/12000]  acc=0.8667  min=0.6000  best=0.8667  reward=11.27
[ 8777/12000]  acc=0.7333  min=0.4000  best=0.8667  reward=10.13
[ 8778/12000]  acc=0.7333  min=0.3333  best=0.8667  reward=10.33
[ 8779/12000]  acc=0.7333  min=0.6000  best=0.8667  reward=11.27
[ 8780/12000]  acc=0.7333  min=0.4000  best=0.8667  reward=10.47 [ckpt]
[ 8781/12000]  acc=0.7333  min=0.4667  best=0.8667  reward=10.33
[ 8782/12000]  acc=0.7333  min=0.4667  best=0.8667  reward=10.33
[ 8783/12000]  acc=0.6667  min=0.4667  best=0.8667  reward=9.80
[ 8784/12000]  acc=0.7333  min=0.4667  best=0.8667  reward=10.53
[ 8785/12000]  acc=0.7333  min=0.4667  best=0.8667  reward=10.47
[ 8786/12000]  acc=0.8000  min=0.5333  best=0.8667  reward=10.60
[ 8787/12000]  acc=0.7333  min=0.5333  best=0.8667  reward=11.00
[ 8788/12000]  acc=0.7333  min=0.3333  best=0.8667  reward=10.33
[ 8789/12000]  acc=0.8000  min=0.4000  best=0.8667  reward=11.13
[ 8790/12000]  acc=0.6667  min=0.4667  best=0.8667  reward=10.47
[ 8791/12000]  acc=0.6667  min=0.5333  best=0.8667  reward=10.00
[ 8792/12000]  acc=0.6667  min=0.4667  best=0.8667  reward=10.47
[ 8793/12000]  acc=0.7333  min=0.4667  best=0.8667  reward=10.20
[ 8794/12000]  acc=0.6667  min=0.4000  best=0.8667  reward=10.13
[ 8795/12000]  acc=0.6667  min=0.5333  best=0.8667  reward=10.33
[ 8796/12000]  acc=0.6667  min=0.4000  best=0.8667  reward=10.20
[ 8797/12000]  acc=0.6667  min=0.4667  best=0.8667  reward=9.80
[ 8798/12000]  acc=0.6667  min=0.4667  best=0.8667  reward=10.53
[ 8799/12000]  acc=0.7333  min=0.5333  best=0.8667  reward=10.73
[ 8800/12000]  acc=0.8000  min=0.5333  best=0.8667  reward=11.07 [ckpt]
[ 8801/12000]  acc=0.7333  min=0.5333  best=0.8667  reward=11.07
[ 8802/12000]  acc=0.7333  min=0.4667  best=0.8667  reward=10.13
[ 8803/12000]  acc=0.7333  min=0.3333  best=0.8667  reward=10.80
[ 8804/12000]  acc=0.6667  min=0.4667  best=0.8667  reward=10.13
[ 8805/12000]  acc=0.7333  min=0.4667  best=0.8667  reward=10.47
[ 8806/12000]  acc=0.8667  min=0.5333  best=0.8667  reward=11.47
[ 8807/12000]  acc=0.7333  min=0.4667  best=0.8667  reward=10.73
[ 8808/12000]  acc=0.6667  min=0.4667  best=0.8667  reward=10.13
[ 8809/12000]  acc=0.7333  min=0.5333  best=0.8667  reward=10.73
[ 8810/12000]  acc=0.7333  min=0.4000  best=0.8667  reward=10.40
[ 8811/12000]  acc=0.7333  min=0.4000  best=0.8667  reward=9.73
[ 8812/12000]  acc=0.7333  min=0.4667  best=0.8667  reward=10.60
[ 8813/12000]  acc=0.7333  min=0.5333  best=0.8667  reward=10.33
[ 8814/12000]  acc=0.7333  min=0.4667  best=0.8667  reward=10.47
[ 8815/12000]  acc=0.7333  min=0.3333  best=0.8667  reward=10.53
[ 8816/12000]  acc=0.8000  min=0.5333  best=0.8667  reward=11.00
[ 8817/12000]  acc=0.6667  min=0.5333  best=0.8667  reward=10.13
[ 8818/12000]  acc=0.7333  min=0.4667  best=0.8667  reward=10.33
[ 8819/12000]  acc=0.7333  min=0.4667  best=0.8667  reward=10.53
[ 8820/12000]  acc=0.6667  min=0.4667  best=0.8667  reward=9.87 [ckpt]
[ 8821/12000]  acc=0.7333  min=0.6000  best=0.8667  reward=10.73
[ 8822/12000]  acc=0.7333  min=0.4000  best=0.8667  reward=10.47
[ 8823/12000]  acc=0.7333  min=0.4667  best=0.8667  reward=9.93
[ 8824/12000]  acc=0.7333  min=0.5333  best=0.8667  reward=10.27
[ 8825/12000]  acc=0.7333  min=0.5333  best=0.8667  reward=10.67
[ 8826/12000]  acc=0.6667  min=0.5333  best=0.8667  reward=10.33
[ 8827/12000]  acc=0.6667  min=0.4000  best=0.8667  reward=9.87
[ 8828/12000]  acc=0.8000  min=0.6000  best=0.8667  reward=11.13
[ 8829/12000]  acc=0.7333  min=0.4667  best=0.8667  reward=10.60
[ 8830/12000]  acc=0.8667  min=0.6000  best=0.8667  reward=11.80
[ 8831/12000]  acc=0.7333  min=0.3333  best=0.8667  reward=10.20
[ 8832/12000]  acc=0.7333  min=0.5333  best=0.8667  reward=10.33
[ 8833/12000]  acc=0.6667  min=0.4667  best=0.8667  reward=10.00
[ 8834/12000]  acc=0.7333  min=0.4667  best=0.8667  reward=10.33
[ 8835/12000]  acc=0.6667  min=0.4667  best=0.8667  reward=10.27
[ 8836/12000]  acc=0.8000  min=0.5333  best=0.8667  reward=11.20
[ 8837/12000]  acc=0.7333  min=0.4000  best=0.8667  reward=10.40
[ 8838/12000]  acc=0.6667  min=0.6000  best=0.8667  reward=10.33
[ 8839/12000]  acc=0.6667  min=0.4667  best=0.8667  reward=9.87
[ 8840/12000]  acc=0.6667  min=0.6000  best=0.8667  reward=10.53 [ckpt]
[ 8841/12000]  acc=0.6667  min=0.6000  best=0.8667  reward=10.27
[ 8842/12000]  acc=0.6667  min=0.4667  best=0.8667  reward=10.67
[ 8843/12000]  acc=0.7333  min=0.6000  best=0.8667  reward=10.40
[ 8844/12000]  acc=0.7333  min=0.5333  best=0.8667  reward=10.73
[ 8845/12000]  acc=0.6667  min=0.4000  best=0.8667  reward=9.73
[ 8846/12000]  acc=0.7333  min=0.5333  best=0.8667  reward=10.93
[ 8847/12000]  acc=0.6667  min=0.4667  best=0.8667  reward=10.67
[ 8848/12000]  acc=0.7333  min=0.4667  best=0.8667  reward=10.13
[ 8849/12000]  acc=0.6667  min=0.5333  best=0.8667  reward=10.13
[ 8850/12000]  acc=0.8000  min=0.4667  best=0.8667  reward=10.53
[ 8851/12000]  acc=0.6667  min=0.5333  best=0.8667  reward=10.07
[ 8852/12000]  acc=0.7333  min=0.4667  best=0.8667  reward=10.60
[ 8853/12000]  acc=0.7333  min=0.6000  best=0.8667  reward=11.13
[ 8854/12000]  acc=0.7333  min=0.5333  best=0.8667  reward=10.60
[ 8855/12000]  acc=0.6667  min=0.6000  best=0.8667  reward=10.53
[ 8856/12000]  acc=0.8000  min=0.4667  best=0.8667  reward=11.60
[ 8857/12000]  acc=0.7333  min=0.4667  best=0.8667  reward=10.53
[ 8858/12000]  acc=0.6667  min=0.4667  best=0.8667  reward=10.00
[ 8859/12000]  acc=0.6667  min=0.5333  best=0.8667  reward=10.00
[ 8860/12000]  acc=0.7333  min=0.5333  best=0.8667  reward=10.67 [ckpt]
[ 8861/12000]  acc=0.8000  min=0.5333  best=0.8667  reward=11.27
[ 8862/12000]  acc=0.6667  min=0.4667  best=0.8667  reward=10.40
[ 8863/12000]  acc=0.6667  min=0.4000  best=0.8667  reward=10.27
[ 8864/12000]  acc=0.8000  min=0.5333  best=0.8667  reward=10.87
[ 8865/12000]  acc=0.6667  min=0.4667  best=0.8667  reward=10.20
[ 8866/12000]  acc=0.7333  min=0.4667  best=0.8667  reward=10.60
[ 8867/12000]  acc=0.7333  min=0.4000  best=0.8667  reward=10.20
[ 8868/12000]  acc=0.7333  min=0.4667  best=0.8667  reward=10.53
[ 8869/12000]  acc=0.7333  min=0.5333  best=0.8667  reward=10.87
[ 8870/12000]  acc=0.7333  min=0.5333  best=0.8667  reward=10.60
[ 8871/12000]  acc=0.7333  min=0.4667  best=0.8667  reward=10.60
[ 8872/12000]  acc=0.7333  min=0.4000  best=0.8667  reward=10.47
[ 8873/12000]  acc=0.6667  min=0.4000  best=0.8667  reward=9.87
[ 8874/12000]  acc=0.7333  min=0.4667  best=0.8667  reward=10.80
[ 8875/12000]  acc=0.7333  min=0.4000  best=0.8667  reward=10.47
[ 8876/12000]  acc=0.7333  min=0.4000  best=0.8667  reward=10.47
[ 8877/12000]  acc=0.7333  min=0.6000  best=0.8667  reward=10.67
[ 8878/12000]  acc=0.7333  min=0.5333  best=0.8667  reward=10.67
[ 8879/12000]  acc=0.8000  min=0.6000  best=0.8667  reward=10.73
[ 8880/12000]  acc=0.8000  min=0.4667  best=0.8667  reward=10.60 [ckpt]
[ 8881/12000]  acc=0.7333  min=0.4000  best=0.8667  reward=10.60
[ 8882/12000]  acc=0.7333  min=0.6000  best=0.8667  reward=10.60
[ 8883/12000]  acc=0.7333  min=0.5333  best=0.8667  reward=10.13
[ 8884/12000]  acc=0.8000  min=0.3333  best=0.8667  reward=11.00
[ 8885/12000]  acc=0.7333  min=0.3333  best=0.8667  reward=11.00
[ 8886/12000]  acc=0.7333  min=0.4000  best=0.8667  reward=9.93
[ 8887/12000]  acc=0.7333  min=0.4000  best=0.8667  reward=10.60
[ 8888/12000]  acc=0.7333  min=0.4000  best=0.8667  reward=10.60
[ 8889/12000]  acc=0.6667  min=0.5333  best=0.8667  reward=10.87
[ 8890/12000]  acc=0.7333  min=0.5333  best=0.8667  reward=10.73
[ 8891/12000]  acc=0.7333  min=0.4667  best=0.8667  reward=10.00
[ 8892/12000]  acc=0.7333  min=0.3333  best=0.8667  reward=10.20
[ 8893/12000]  acc=0.7333  min=0.4000  best=0.8667  reward=10.67
[ 8894/12000]  acc=0.6667  min=0.4667  best=0.8667  reward=9.87
[ 8895/12000]  acc=0.7333  min=0.5333  best=0.8667  reward=11.13
[ 8896/12000]  acc=0.7333  min=0.5333  best=0.8667  reward=10.20
[ 8897/12000]  acc=0.6667  min=0.4667  best=0.8667  reward=10.47
[ 8898/12000]  acc=0.7333  min=0.4667  best=0.8667  reward=10.07
[ 8899/12000]  acc=0.7333  min=0.4667  best=0.8667  reward=10.53
[ 8900/12000]  acc=0.6667  min=0.5333  best=0.8667  reward=10.20 [ckpt]
[ 8901/12000]  acc=0.7333  min=0.5333  best=0.8667  reward=10.33
[ 8902/12000]  acc=0.8000  min=0.5333  best=0.8667  reward=11.00
[ 8903/12000]  acc=0.6667  min=0.4667  best=0.8667  reward=10.00
[ 8904/12000]  acc=0.8000  min=0.5333  best=0.8667  reward=11.40
[ 8905/12000]  acc=0.8000  min=0.3333  best=0.8667  reward=10.60
[ 8906/12000]  acc=0.7333  min=0.5333  best=0.8667  reward=10.53
[ 8907/12000]  acc=0.7333  min=0.4667  best=0.8667  reward=10.73
[ 8908/12000]  acc=0.7333  min=0.4000  best=0.8667  reward=10.07
[ 8909/12000]  acc=0.6667  min=0.4667  best=0.8667  reward=10.27
[ 8910/12000]  acc=0.6667  min=0.5333  best=0.8667  reward=10.20
[ 8911/12000]  acc=0.7333  min=0.5333  best=0.8667  reward=10.60
[ 8912/12000]  acc=0.7333  min=0.4000  best=0.8667  reward=10.33
[ 8913/12000]  acc=0.8000  min=0.6000  best=0.8667  reward=10.80
[ 8914/12000]  acc=0.6667  min=0.4000  best=0.8667  reward=9.93
[ 8915/12000]  acc=0.7333  min=0.2667  best=0.8667  reward=10.47
[ 8916/12000]  acc=0.7333  min=0.5333  best=0.8667  reward=10.47
[ 8917/12000]  acc=0.7333  min=0.3333  best=0.8667  reward=10.47
[ 8918/12000]  acc=0.6667  min=0.4667  best=0.8667  reward=10.00
[ 8919/12000]  acc=0.7333  min=0.5333  best=0.8667  reward=10.00
[ 8920/12000]  acc=0.6667  min=0.4000  best=0.8667  reward=9.73 [ckpt]
[ 8921/12000]  acc=0.7333  min=0.4000  best=0.8667  reward=11.20
[ 8922/12000]  acc=0.8000  min=0.4000  best=0.8667  reward=11.20
[ 8923/12000]  acc=0.6667  min=0.4667  best=0.8667  reward=9.73
[ 8924/12000]  acc=0.7333  min=0.4667  best=0.8667  reward=10.33
[ 8925/12000]  acc=0.7333  min=0.4000  best=0.8667  reward=10.00
[ 8926/12000]  acc=0.7333  min=0.5333  best=0.8667  reward=10.60
[ 8927/12000]  acc=0.6667  min=0.6000  best=0.8667  reward=10.27
[ 8928/12000]  acc=0.7333  min=0.4000  best=0.8667  reward=10.07
[ 8929/12000]  acc=0.6667  min=0.4000  best=0.8667  reward=10.40
[ 8930/12000]  acc=0.7333  min=0.4667  best=0.8667  reward=10.53
[ 8931/12000]  acc=0.6667  min=0.3333  best=0.8667  reward=10.33
[ 8932/12000]  acc=0.7333  min=0.2000  best=0.8667  reward=10.33
[ 8933/12000]  acc=0.8000  min=0.4000  best=0.8667  reward=10.93
[ 8934/12000]  acc=0.7333  min=0.6000  best=0.8667  reward=11.33
[ 8935/12000]  acc=0.6667  min=0.5333  best=0.8667  reward=10.33
[ 8936/12000]  acc=0.6667  min=0.4667  best=0.8667  reward=10.40
[ 8937/12000]  acc=0.7333  min=0.4000  best=0.8667  reward=10.93
[ 8938/12000]  acc=0.7333  min=0.4000  best=0.8667  reward=10.40
[ 8939/12000]  acc=0.7333  min=0.3333  best=0.8667  reward=10.20
[ 8940/12000]  acc=0.6667  min=0.4667  best=0.8667  reward=10.60 [ckpt]
[ 8941/12000]  acc=0.7333  min=0.4000  best=0.8667  reward=10.40
[ 8942/12000]  acc=0.7333  min=0.4000  best=0.8667  reward=10.53
[ 8943/12000]  acc=0.7333  min=0.5333  best=0.8667  reward=10.53
[ 8944/12000]  acc=0.7333  min=0.5333  best=0.8667  reward=10.00
[ 8945/12000]  acc=0.7333  min=0.6000  best=0.8667  reward=10.93
[ 8946/12000]  acc=0.6667  min=0.4000  best=0.8667  reward=10.60
[ 8947/12000]  acc=0.8000  min=0.4667  best=0.8667  reward=10.67
[ 8948/12000]  acc=0.6667  min=0.5333  best=0.8667  reward=10.13
[ 8949/12000]  acc=0.6667  min=0.4667  best=0.8667  reward=9.67
[ 8950/12000]  acc=0.6667  min=0.6000  best=0.8667  reward=10.60
[ 8951/12000]  acc=0.8000  min=0.4667  best=0.8667  reward=11.13
[ 8952/12000]  acc=0.8000  min=0.5333  best=0.8667  reward=11.27
[ 8953/12000]  acc=0.6667  min=0.6000  best=0.8667  reward=10.67
[ 8954/12000]  acc=0.6667  min=0.6000  best=0.8667  reward=10.60
[ 8955/12000]  acc=0.7333  min=0.4000  best=0.8667  reward=10.53
[ 8956/12000]  acc=0.7333  min=0.4000  best=0.8667  reward=10.07
[ 8957/12000]  acc=0.7333  min=0.4667  best=0.8667  reward=10.40
[ 8958/12000]  acc=0.8000  min=0.4000  best=0.8667  reward=10.67
[ 8959/12000]  acc=0.6667  min=0.5333  best=0.8667  reward=10.60
[ 8960/12000]  acc=0.7333  min=0.5333  best=0.8667  reward=10.33 [ckpt]
[ 8961/12000]  acc=0.7333  min=0.4000  best=0.8667  reward=10.53
[ 8962/12000]  acc=0.7333  min=0.4667  best=0.8667  reward=10.40
[ 8963/12000]  acc=0.6667  min=0.5333  best=0.8667  reward=10.20
[ 8964/12000]  acc=0.7333  min=0.4667  best=0.8667  reward=10.47
[ 8965/12000]  acc=0.6667  min=0.5333  best=0.8667  reward=9.80
[ 8966/12000]  acc=0.8000  min=0.3333  best=0.8667  reward=10.73
[ 8967/12000]  acc=0.8000  min=0.4000  best=0.8667  reward=10.93
[ 8968/12000]  acc=0.6667  min=0.6000  best=0.8667  reward=10.60
[ 8969/12000]  acc=0.7333  min=0.5333  best=0.8667  reward=10.60
[ 8970/12000]  acc=0.7333  min=0.4667  best=0.8667  reward=10.60
[ 8971/12000]  acc=0.7333  min=0.4000  best=0.8667  reward=10.73
[ 8972/12000]  acc=0.6667  min=0.6000  best=0.8667  reward=9.87
[ 8973/12000]  acc=0.7333  min=0.4000  best=0.8667  reward=10.60
[ 8974/12000]  acc=0.7333  min=0.4667  best=0.8667  reward=10.53
[ 8975/12000]  acc=0.7333  min=0.4667  best=0.8667  reward=10.47
[ 8976/12000]  acc=0.7333  min=0.5333  best=0.8667  reward=10.60
[ 8977/12000]  acc=0.8000  min=0.4667  best=0.8667  reward=10.93
[ 8978/12000]  acc=0.7333  min=0.4000  best=0.8667  reward=10.53
[ 8979/12000]  acc=0.7333  min=0.4667  best=0.8667  reward=11.13
[ 8980/12000]  acc=0.8000  min=0.4000  best=0.8667  reward=10.47 [ckpt]
[ 8981/12000]  acc=0.8000  min=0.5333  best=0.8667  reward=11.20
[ 8982/12000]  acc=0.7333  min=0.4000  best=0.8667  reward=10.67
[ 8983/12000]  acc=0.7333  min=0.4667  best=0.8667  reward=10.87
[ 8984/12000]  acc=0.6667  min=0.5333  best=0.8667  reward=10.33
[ 8985/12000]  acc=0.7333  min=0.4000  best=0.8667  reward=10.47
[ 8986/12000]  acc=0.7333  min=0.4667  best=0.8667  reward=10.67
[ 8987/12000]  acc=0.7333  min=0.5333  best=0.8667  reward=10.67
[ 8988/12000]  acc=0.8667  min=0.4667  best=0.8667  reward=12.00
[ 8989/12000]  acc=0.8000  min=0.4667  best=0.8667  reward=11.27
[ 8990/12000]  acc=0.7333  min=0.4667  best=0.8667  reward=10.93
[ 8991/12000]  acc=0.6667  min=0.5333  best=0.8667  reward=10.07
[ 8992/12000]  acc=0.8000  min=0.5333  best=0.8667  reward=10.80
[ 8993/12000]  acc=0.6667  min=0.6000  best=0.8667  reward=10.00
[ 8994/12000]  acc=0.7333  min=0.4667  best=0.8667  reward=10.67
[ 8995/12000]  acc=0.6667  min=0.5333  best=0.8667  reward=10.00
[ 8996/12000]  acc=0.6667  min=0.4000  best=0.8667  reward=10.27
[ 8997/12000]  acc=0.7333  min=0.5333  best=0.8667  reward=10.73
[ 8998/12000]  acc=0.8000  min=0.4000  best=0.8667  reward=10.93
[ 8999/12000]  acc=0.8000  min=0.5333  best=0.8667  reward=11.33
[ 9000/12000]  acc=0.7333  min=0.4667  best=0.8667  reward=10.27 [ckpt]
[ 9001/12000]  acc=0.7333  min=0.4000  best=0.8667  reward=10.53
[ 9002/12000]  acc=0.6667  min=0.4667  best=0.8667  reward=9.93
[ 9003/12000]  acc=0.6667  min=0.6000  best=0.8667  reward=10.47
[ 9004/12000]  acc=0.7333  min=0.3333  best=0.8667  reward=10.47
[ 9005/12000]  acc=0.7333  min=0.4000  best=0.8667  reward=10.47
[ 9006/12000]  acc=0.7333  min=0.5333  best=0.8667  reward=10.67
[ 9007/12000]  acc=0.7333  min=0.4667  best=0.8667  reward=10.27
[ 9008/12000]  acc=0.6667  min=0.4667  best=0.8667  reward=9.93
[ 9009/12000]  acc=0.8000  min=0.5333  best=0.8667  reward=11.13
[ 9010/12000]  acc=0.7333  min=0.4667  best=0.8667  reward=10.53
[ 9011/12000]  acc=0.7333  min=0.6000  best=0.8667  reward=10.27
[ 9012/12000]  acc=0.8000  min=0.4667  best=0.8667  reward=11.33
[ 9013/12000]  acc=0.7333  min=0.5333  best=0.8667  reward=11.07
[ 9014/12000]  acc=0.7333  min=0.4667  best=0.8667  reward=10.60
[ 9015/12000]  acc=0.6667  min=0.5333  best=0.8667  reward=10.07
[ 9016/12000]  acc=0.8000  min=0.4667  best=0.8667  reward=11.13
[ 9017/12000]  acc=0.6667  min=0.3333  best=0.8667  reward=10.40
[ 9018/12000]  acc=0.8000  min=0.4667  best=0.8667  reward=10.60
[ 9019/12000]  acc=0.8000  min=0.3333  best=0.8667  reward=11.13
[ 9020/12000]  acc=0.6667  min=0.4000  best=0.8667  reward=9.73 [ckpt]
[ 9021/12000]  acc=0.7333  min=0.3333  best=0.8667  reward=10.47
[ 9022/12000]  acc=0.6667  min=0.4667  best=0.8667  reward=10.53
[ 9023/12000]  acc=0.7333  min=0.4667  best=0.8667  reward=10.33
[ 9024/12000]  acc=0.7333  min=0.6000  best=0.8667  reward=10.73
[ 9025/12000]  acc=0.6667  min=0.5333  best=0.8667  reward=10.13
[ 9026/12000]  acc=0.8000  min=0.6000  best=0.8667  reward=11.20
[ 9027/12000]  acc=0.7333  min=0.4667  best=0.8667  reward=10.60
[ 9028/12000]  acc=0.8000  min=0.4000  best=0.8667  reward=11.60
[ 9029/12000]  acc=0.7333  min=0.5333  best=0.8667  reward=11.20
[ 9030/12000]  acc=0.6667  min=0.5333  best=0.8667  reward=10.07
[ 9031/12000]  acc=0.7333  min=0.4667  best=0.8667  reward=10.60
[ 9032/12000]  acc=0.7333  min=0.4667  best=0.8667  reward=10.60
[ 9033/12000]  acc=0.7333  min=0.4667  best=0.8667  reward=10.40
[ 9034/12000]  acc=0.7333  min=0.3333  best=0.8667  reward=10.27
[ 9035/12000]  acc=0.7333  min=0.4000  best=0.8667  reward=10.53
[ 9036/12000]  acc=0.7333  min=0.5333  best=0.8667  reward=10.73
[ 9037/12000]  acc=0.7333  min=0.4000  best=0.8667  reward=10.53
[ 9038/12000]  acc=0.7333  min=0.4000  best=0.8667  reward=10.87
[ 9039/12000]  acc=0.7333  min=0.4667  best=0.8667  reward=10.60
[ 9040/12000]  acc=0.7333  min=0.4000  best=0.8667  reward=10.00 [ckpt]
[ 9041/12000]  acc=0.7333  min=0.4667  best=0.8667  reward=10.53
[ 9042/12000]  acc=0.7333  min=0.4000  best=0.8667  reward=10.13
[ 9043/12000]  acc=0.6667  min=0.5333  best=0.8667  reward=9.87
[ 9044/12000]  acc=0.7333  min=0.4667  best=0.8667  reward=10.67
[ 9045/12000]  acc=0.8000  min=0.5333  best=0.8667  reward=11.67
[ 9046/12000]  acc=0.6667  min=0.4667  best=0.8667  reward=10.40
[ 9047/12000]  acc=0.8000  min=0.5333  best=0.8667  reward=11.20
[ 9048/12000]  acc=0.7333  min=0.4000  best=0.8667  reward=11.07
[ 9049/12000]  acc=0.7333  min=0.3333  best=0.8667  reward=10.27
[ 9050/12000]  acc=0.7333  min=0.4000  best=0.8667  reward=10.73
[ 9051/12000]  acc=0.8000  min=0.5333  best=0.8667  reward=11.20
[ 9052/12000]  acc=0.6667  min=0.4667  best=0.8667  reward=10.20
[ 9053/12000]  acc=0.6667  min=0.4667  best=0.8667  reward=10.00
[ 9054/12000]  acc=0.7333  min=0.4667  best=0.8667  reward=10.40
[ 9055/12000]  acc=0.6667  min=0.4667  best=0.8667  reward=9.80
[ 9056/12000]  acc=0.7333  min=0.4667  best=0.8667  reward=10.40
[ 9057/12000]  acc=0.6667  min=0.4667  best=0.8667  reward=10.00
[ 9058/12000]  acc=0.7333  min=0.4000  best=0.8667  reward=10.47
[ 9059/12000]  acc=0.7333  min=0.4667  best=0.8667  reward=10.53
[ 9060/12000]  acc=0.7333  min=0.4667  best=0.8667  reward=10.47 [ckpt]
[ 9061/12000]  acc=0.8000  min=0.5333  best=0.8667  reward=11.13
[ 9062/12000]  acc=0.6667  min=0.5333  best=0.8667  reward=10.20
[ 9063/12000]  acc=0.7333  min=0.4667  best=0.8667  reward=10.67
[ 9064/12000]  acc=0.7333  min=0.4667  best=0.8667  reward=10.60
[ 9065/12000]  acc=0.6667  min=0.5333  best=0.8667  reward=10.27
[ 9066/12000]  acc=0.8667  min=0.5333  best=0.8667  reward=11.00
[ 9067/12000]  acc=0.7333  min=0.5333  best=0.8667  reward=10.73
[ 9068/12000]  acc=0.7333  min=0.4667  best=0.8667  reward=10.53
[ 9069/12000]  acc=0.7333  min=0.4000  best=0.8667  reward=10.67
[ 9070/12000]  acc=0.8000  min=0.4000  best=0.8667  reward=11.13
[ 9071/12000]  acc=0.7333  min=0.4667  best=0.8667  reward=10.53
[ 9072/12000]  acc=0.7333  min=0.4000  best=0.8667  reward=10.13
[ 9073/12000]  acc=0.8000  min=0.4667  best=0.8667  reward=11.07
[ 9074/12000]  acc=0.6667  min=0.4667  best=0.8667  reward=9.80
[ 9075/12000]  acc=0.6667  min=0.5333  best=0.8667  reward=10.40
[ 9076/12000]  acc=0.7333  min=0.4667  best=0.8667  reward=10.53
[ 9077/12000]  acc=0.7333  min=0.4667  best=0.8667  reward=10.47
[ 9078/12000]  acc=0.7333  min=0.4000  best=0.8667  reward=10.60
[ 9079/12000]  acc=0.8000  min=0.5333  best=0.8667  reward=10.47
[ 9080/12000]  acc=0.8000  min=0.2000  best=0.8667  reward=10.60 [ckpt]
[ 9081/12000]  acc=0.8000  min=0.4667  best=0.8667  reward=10.93
[ 9082/12000]  acc=0.8000  min=0.4667  best=0.8667  reward=11.20
[ 9083/12000]  acc=0.8000  min=0.5333  best=0.8667  reward=11.00
[ 9084/12000]  acc=0.7333  min=0.5333  best=0.8667  reward=10.40
[ 9085/12000]  acc=0.7333  min=0.5333  best=0.8667  reward=10.67
[ 9086/12000]  acc=0.8000  min=0.3333  best=0.8667  reward=10.67
[ 9087/12000]  acc=0.6667  min=0.5333  best=0.8667  reward=10.47
[ 9088/12000]  acc=0.7333  min=0.4667  best=0.8667  reward=10.40
[ 9089/12000]  acc=0.6667  min=0.4667  best=0.8667  reward=10.20
[ 9090/12000]  acc=0.7333  min=0.4000  best=0.8667  reward=10.20
[ 9091/12000]  acc=0.7333  min=0.5333  best=0.8667  reward=10.60
[ 9092/12000]  acc=0.7333  min=0.4667  best=0.8667  reward=10.60
[ 9093/12000]  acc=0.7333  min=0.4000  best=0.8667  reward=10.53
[ 9094/12000]  acc=0.7333  min=0.5333  best=0.8667  reward=10.27
[ 9095/12000]  acc=0.8000  min=0.4000  best=0.8667  reward=10.80
[ 9096/12000]  acc=0.6667  min=0.4000  best=0.8667  reward=10.40
[ 9097/12000]  acc=0.6667  min=0.4667  best=0.8667  reward=9.80
[ 9098/12000]  acc=0.7333  min=0.6000  best=0.8667  reward=11.07
[ 9099/12000]  acc=0.7333  min=0.4000  best=0.8667  reward=10.60
[ 9100/12000]  acc=0.7333  min=0.3333  best=0.8667  reward=10.40 [ckpt]
[ 9101/12000]  acc=0.8000  min=0.4000  best=0.8667  reward=11.20
[ 9102/12000]  acc=0.7333  min=0.4667  best=0.8667  reward=10.60
[ 9103/12000]  acc=0.7333  min=0.4667  best=0.8667  reward=11.07
[ 9104/12000]  acc=0.7333  min=0.5333  best=0.8667  reward=10.67
[ 9105/12000]  acc=0.7333  min=0.5333  best=0.8667  reward=10.33
[ 9106/12000]  acc=0.8000  min=0.4000  best=0.8667  reward=11.07
[ 9107/12000]  acc=0.6667  min=0.5333  best=0.8667  reward=10.47
[ 9108/12000]  acc=0.8000  min=0.5333  best=0.8667  reward=11.47
[ 9109/12000]  acc=0.6667  min=0.5333  best=0.8667  reward=10.27
[ 9110/12000]  acc=0.7333  min=0.4667  best=0.8667  reward=10.73
[ 9111/12000]  acc=0.7333  min=0.4000  best=0.8667  reward=10.60
[ 9112/12000]  acc=0.7333  min=0.5333  best=0.8667  reward=10.80
[ 9113/12000]  acc=0.6667  min=0.3333  best=0.8667  reward=9.87
[ 9114/12000]  acc=0.7333  min=0.4667  best=0.8667  reward=10.53
[ 9115/12000]  acc=0.6667  min=0.4667  best=0.8667  reward=10.27
[ 9116/12000]  acc=0.6667  min=0.4000  best=0.8667  reward=10.20
[ 9117/12000]  acc=0.6667  min=0.5333  best=0.8667  reward=10.87
[ 9118/12000]  acc=0.8000  min=0.4000  best=0.8667  reward=11.20
[ 9119/12000]  acc=0.7333  min=0.4000  best=0.8667  reward=10.53
[ 9120/12000]  acc=0.6667  min=0.6000  best=0.8667  reward=10.40 [ckpt]
[ 9121/12000]  acc=0.6667  min=0.4667  best=0.8667  reward=10.33
[ 9122/12000]  acc=0.6667  min=0.5333  best=0.8667  reward=9.93
[ 9123/12000]  acc=0.7333  min=0.4667  best=0.8667  reward=10.60
[ 9124/12000]  acc=0.6667  min=0.4667  best=0.8667  reward=10.20
[ 9125/12000]  acc=0.7333  min=0.6000  best=0.8667  reward=10.47
[ 9126/12000]  acc=0.7333  min=0.2667  best=0.8667  reward=11.07
[ 9127/12000]  acc=0.7333  min=0.4000  best=0.8667  reward=10.40
[ 9128/12000]  acc=0.7333  min=0.4667  best=0.8667  reward=10.60
[ 9129/12000]  acc=0.7333  min=0.5333  best=0.8667  reward=10.47
[ 9130/12000]  acc=0.6667  min=0.4000  best=0.8667  reward=9.73
[ 9131/12000]  acc=0.6667  min=0.2667  best=0.8667  reward=10.20
[ 9132/12000]  acc=0.7333  min=0.4667  best=0.8667  reward=10.33
[ 9133/12000]  acc=0.8000  min=0.5333  best=0.8667  reward=10.80
[ 9134/12000]  acc=0.7333  min=0.4667  best=0.8667  reward=10.47
[ 9135/12000]  acc=0.7333  min=0.6000  best=0.8667  reward=10.60
[ 9136/12000]  acc=0.7333  min=0.4000  best=0.8667  reward=10.27
[ 9137/12000]  acc=0.8000  min=0.5333  best=0.8667  reward=10.53
[ 9138/12000]  acc=0.7333  min=0.4000  best=0.8667  reward=10.20
[ 9139/12000]  acc=0.6667  min=0.5333  best=0.8667  reward=10.20
[ 9140/12000]  acc=0.7333  min=0.2667  best=0.8667  reward=10.20 [ckpt]
[ 9141/12000]  acc=0.7333  min=0.4667  best=0.8667  reward=10.40
[ 9142/12000]  acc=0.7333  min=0.5333  best=0.8667  reward=10.67
[ 9143/12000]  acc=0.7333  min=0.4667  best=0.8667  reward=10.27
[ 9144/12000]  acc=0.7333  min=0.4000  best=0.8667  reward=10.53
[ 9145/12000]  acc=0.7333  min=0.4667  best=0.8667  reward=10.60
[ 9146/12000]  acc=0.7333  min=0.4667  best=0.8667  reward=10.60
[ 9147/12000]  acc=0.6667  min=0.3333  best=0.8667  reward=9.93
[ 9148/12000]  acc=0.7333  min=0.5333  best=0.8667  reward=10.73
[ 9149/12000]  acc=0.7333  min=0.5333  best=0.8667  reward=10.60
[ 9150/12000]  acc=0.8000  min=0.5333  best=0.8667  reward=11.13
[ 9151/12000]  acc=0.7333  min=0.3333  best=0.8667  reward=10.47
[ 9152/12000]  acc=0.8000  min=0.2667  best=0.8667  reward=11.00
[ 9153/12000]  acc=0.7333  min=0.4667  best=0.8667  reward=10.73
[ 9154/12000]  acc=0.6667  min=0.4667  best=0.8667  reward=10.33
[ 9155/12000]  acc=0.8667  min=0.3333  best=0.8667  reward=10.20
[ 9156/12000]  acc=0.7333  min=0.4000  best=0.8667  reward=10.40
[ 9157/12000]  acc=0.7333  min=0.5333  best=0.8667  reward=10.53
[ 9158/12000]  acc=0.7333  min=0.4667  best=0.8667  reward=10.60
[ 9159/12000]  acc=0.6667  min=0.4000  best=0.8667  reward=10.00
[ 9160/12000]  acc=0.7333  min=0.4667  best=0.8667  reward=10.13 [ckpt]
[ 9161/12000]  acc=0.7333  min=0.5333  best=0.8667  reward=10.33
[ 9162/12000]  acc=0.6667  min=0.5333  best=0.8667  reward=9.87
[ 9163/12000]  acc=0.6667  min=0.4667  best=0.8667  reward=10.73
[ 9164/12000]  acc=0.7333  min=0.5333  best=0.8667  reward=10.73
[ 9165/12000]  acc=0.8000  min=0.4000  best=0.8667  reward=10.67
[ 9166/12000]  acc=0.8000  min=0.6000  best=0.8667  reward=10.87
[ 9167/12000]  acc=0.6667  min=0.5333  best=0.8667  reward=10.13
[ 9168/12000]  acc=0.8000  min=0.5333  best=0.8667  reward=11.33
[ 9169/12000]  acc=0.6667  min=0.5333  best=0.8667  reward=10.53
[ 9170/12000]  acc=0.7333  min=0.3333  best=0.8667  reward=10.47
[ 9171/12000]  acc=0.6667  min=0.4000  best=0.8667  reward=9.87
[ 9172/12000]  acc=0.8000  min=0.4667  best=0.8667  reward=11.13
[ 9173/12000]  acc=0.6667  min=0.5333  best=0.8667  reward=11.13
[ 9174/12000]  acc=0.7333  min=0.4000  best=0.8667  reward=10.60
[ 9175/12000]  acc=0.8000  min=0.4667  best=0.8667  reward=10.60
[ 9176/12000]  acc=0.7333  min=0.4000  best=0.8667  reward=10.47
[ 9177/12000]  acc=0.8000  min=0.3333  best=0.8667  reward=10.67
[ 9178/12000]  acc=0.8000  min=0.5333  best=0.8667  reward=10.87
[ 9179/12000]  acc=0.7333  min=0.4000  best=0.8667  reward=10.47
[ 9180/12000]  acc=0.7333  min=0.4000  best=0.8667  reward=10.33 [ckpt]
[ 9181/12000]  acc=0.7333  min=0.5333  best=0.8667  reward=10.80
[ 9182/12000]  acc=0.7333  min=0.6000  best=0.8667  reward=10.80
[ 9183/12000]  acc=0.6667  min=0.4667  best=0.8667  reward=9.93
[ 9184/12000]  acc=0.7333  min=0.5333  best=0.8667  reward=11.33
[ 9185/12000]  acc=0.7333  min=0.5333  best=0.8667  reward=10.40
[ 9186/12000]  acc=0.6667  min=0.5333  best=0.8667  reward=10.53
[ 9187/12000]  acc=0.7333  min=0.4000  best=0.8667  reward=10.53
[ 9188/12000]  acc=0.7333  min=0.4667  best=0.8667  reward=9.93
[ 9189/12000]  acc=0.7333  min=0.4667  best=0.8667  reward=10.47
[ 9190/12000]  acc=0.7333  min=0.4000  best=0.8667  reward=10.33
[ 9191/12000]  acc=0.6667  min=0.3333  best=0.8667  reward=9.67
[ 9192/12000]  acc=0.8000  min=0.4667  best=0.8667  reward=10.80
[ 9193/12000]  acc=0.7333  min=0.4000  best=0.8667  reward=10.47
[ 9194/12000]  acc=0.8000  min=0.4667  best=0.8667  reward=11.20
[ 9195/12000]  acc=0.8000  min=0.4000  best=0.8667  reward=11.40
[ 9196/12000]  acc=0.7333  min=0.3333  best=0.8667  reward=10.40
[ 9197/12000]  acc=0.7333  min=0.5333  best=0.8667  reward=10.80
[ 9198/12000]  acc=0.6667  min=0.4667  best=0.8667  reward=10.00
[ 9199/12000]  acc=0.8000  min=0.6000  best=0.8667  reward=11.00
[ 9200/12000]  acc=0.6667  min=0.3333  best=0.8667  reward=10.33 [ckpt]
[ 9201/12000]  acc=0.7333  min=0.4667  best=0.8667  reward=10.00
[ 9202/12000]  acc=0.7333  min=0.4667  best=0.8667  reward=10.60
[ 9203/12000]  acc=0.7333  min=0.5333  best=0.8667  reward=10.27
[ 9204/12000]  acc=0.8000  min=0.4000  best=0.8667  reward=10.93
[ 9205/12000]  acc=0.8000  min=0.4667  best=0.8667  reward=10.80
[ 9206/12000]  acc=0.7333  min=0.5333  best=0.8667  reward=10.53
[ 9207/12000]  acc=0.7333  min=0.4667  best=0.8667  reward=10.60
[ 9208/12000]  acc=0.6667  min=0.6000  best=0.8667  reward=10.67
[ 9209/12000]  acc=0.6667  min=0.3333  best=0.8667  reward=9.87
[ 9210/12000]  acc=0.6667  min=0.4000  best=0.8667  reward=10.47
[ 9211/12000]  acc=0.8000  min=0.3333  best=0.8667  reward=10.87
[ 9212/12000]  acc=0.8000  min=0.4667  best=0.8667  reward=11.13
[ 9213/12000]  acc=0.7333  min=0.5333  best=0.8667  reward=10.40
[ 9214/12000]  acc=0.7333  min=0.4667  best=0.8667  reward=11.07
[ 9215/12000]  acc=0.6667  min=0.4667  best=0.8667  reward=10.80
[ 9216/12000]  acc=0.8000  min=0.5333  best=0.8667  reward=11.00
[ 9217/12000]  acc=0.7333  min=0.4667  best=0.8667  reward=10.40
[ 9218/12000]  acc=0.7333  min=0.4000  best=0.8667  reward=10.40
[ 9219/12000]  acc=0.7333  min=0.6000  best=0.8667  reward=11.27
[ 9220/12000]  acc=0.6667  min=0.5333  best=0.8667  reward=10.20 [ckpt]
[ 9221/12000]  acc=0.8667  min=0.5333  best=0.8667  reward=10.53
[ 9222/12000]  acc=0.6667  min=0.4667  best=0.8667  reward=10.40
[ 9223/12000]  acc=0.8000  min=0.2667  best=0.8667  reward=10.40
[ 9224/12000]  acc=0.7333  min=0.4667  best=0.8667  reward=10.53
[ 9225/12000]  acc=0.8000  min=0.4667  best=0.8667  reward=10.47
[ 9226/12000]  acc=0.7333  min=0.4667  best=0.8667  reward=10.93
[ 9227/12000]  acc=0.7333  min=0.4667  best=0.8667  reward=10.13
[ 9228/12000]  acc=0.6667  min=0.5333  best=0.8667  reward=10.20
[ 9229/12000]  acc=0.8000  min=0.4667  best=0.8667  reward=10.87
[ 9230/12000]  acc=0.7333  min=0.5333  best=0.8667  reward=10.47
[ 9231/12000]  acc=0.6667  min=0.6667  best=0.8667  reward=10.07
[ 9232/12000]  acc=0.7333  min=0.4667  best=0.8667  reward=10.53
[ 9233/12000]  acc=0.6667  min=0.5333  best=0.8667  reward=10.07
[ 9234/12000]  acc=0.7333  min=0.4000  best=0.8667  reward=10.13
[ 9235/12000]  acc=0.7333  min=0.4667  best=0.8667  reward=10.47
[ 9236/12000]  acc=0.7333  min=0.4000  best=0.8667  reward=10.80
[ 9237/12000]  acc=0.6667  min=0.6000  best=0.8667  reward=10.33
[ 9238/12000]  acc=0.7333  min=0.4000  best=0.8667  reward=10.53
[ 9239/12000]  acc=0.8000  min=0.5333  best=0.8667  reward=11.00
[ 9240/12000]  acc=0.8000  min=0.4000  best=0.8667  reward=10.87 [ckpt]
[ 9241/12000]  acc=0.7333  min=0.4667  best=0.8667  reward=10.47
[ 9242/12000]  acc=0.8000  min=0.4000  best=0.8667  reward=10.73
[ 9243/12000]  acc=0.8667  min=0.5333  best=0.8667  reward=11.20
[ 9244/12000]  acc=0.8000  min=0.2667  best=0.8667  reward=10.93
[ 9245/12000]  acc=0.7333  min=0.4667  best=0.8667  reward=10.53
[ 9246/12000]  acc=0.7333  min=0.4667  best=0.8667  reward=11.00
[ 9247/12000]  acc=0.7333  min=0.4667  best=0.8667  reward=10.73
[ 9248/12000]  acc=0.7333  min=0.4000  best=0.8667  reward=10.20
[ 9249/12000]  acc=0.7333  min=0.4667  best=0.8667  reward=10.00
[ 9250/12000]  acc=0.6667  min=0.5333  best=0.8667  reward=10.33
[ 9251/12000]  acc=0.6667  min=0.5333  best=0.8667  reward=10.00
[ 9252/12000]  acc=0.7333  min=0.5333  best=0.8667  reward=10.80
[ 9253/12000]  acc=0.8000  min=0.4667  best=0.8667  reward=11.00
[ 9254/12000]  acc=0.7333  min=0.5333  best=0.8667  reward=10.47
[ 9255/12000]  acc=0.6667  min=0.5333  best=0.8667  reward=9.93
[ 9256/12000]  acc=0.8000  min=0.4667  best=0.8667  reward=10.93
[ 9257/12000]  acc=0.7333  min=0.4667  best=0.8667  reward=10.20
[ 9258/12000]  acc=0.7333  min=0.5333  best=0.8667  reward=10.73
[ 9259/12000]  acc=0.6667  min=0.5333  best=0.8667  reward=10.00
[ 9260/12000]  acc=0.7333  min=0.4667  best=0.8667  reward=10.60 [ckpt]
[ 9261/12000]  acc=0.8000  min=0.5333  best=0.8667  reward=11.00
[ 9262/12000]  acc=0.7333  min=0.5333  best=0.8667  reward=10.47
[ 9263/12000]  acc=0.7333  min=0.4667  best=0.8667  reward=10.60
[ 9264/12000]  acc=0.6667  min=0.6000  best=0.8667  reward=11.00
[ 9265/12000]  acc=0.6667  min=0.5333  best=0.8667  reward=10.53
[ 9266/12000]  acc=0.7333  min=0.4000  best=0.8667  reward=10.13
[ 9267/12000]  acc=0.6667  min=0.4667  best=0.8667  reward=10.27
[ 9268/12000]  acc=0.8000  min=0.5333  best=0.8667  reward=10.80
[ 9269/12000]  acc=0.7333  min=0.4667  best=0.8667  reward=10.67
[ 9270/12000]  acc=0.6667  min=0.5333  best=0.8667  reward=10.00
[ 9271/12000]  acc=0.8000  min=0.4667  best=0.8667  reward=11.20
[ 9272/12000]  acc=0.7333  min=0.5333  best=0.8667  reward=10.67
[ 9273/12000]  acc=0.7333  min=0.4667  best=0.8667  reward=10.67
[ 9274/12000]  acc=0.7333  min=0.4000  best=0.8667  reward=10.53
[ 9275/12000]  acc=0.6667  min=0.5333  best=0.8667  reward=10.20
[ 9276/12000]  acc=0.8000  min=0.5333  best=0.8667  reward=11.33
[ 9277/12000]  acc=0.7333  min=0.4667  best=0.8667  reward=10.13
[ 9278/12000]  acc=0.7333  min=0.5333  best=0.8667  reward=10.60
[ 9279/12000]  acc=0.8000  min=0.5333  best=0.8667  reward=11.13
[ 9280/12000]  acc=0.7333  min=0.4000  best=0.8667  reward=10.53 [ckpt]
[ 9281/12000]  acc=0.6667  min=0.3333  best=0.8667  reward=10.13
[ 9282/12000]  acc=0.8000  min=0.4667  best=0.8667  reward=10.60
[ 9283/12000]  acc=0.6667  min=0.4000  best=0.8667  reward=9.80
[ 9284/12000]  acc=0.7333  min=0.3333  best=0.8667  reward=10.33
[ 9285/12000]  acc=0.7333  min=0.4000  best=0.8667  reward=10.60
[ 9286/12000]  acc=0.8000  min=0.4667  best=0.8667  reward=11.33
[ 9287/12000]  acc=0.6667  min=0.5333  best=0.8667  reward=10.27
[ 9288/12000]  acc=0.6667  min=0.4667  best=0.8667  reward=10.20
[ 9289/12000]  acc=0.8000  min=0.4667  best=0.8667  reward=11.27
[ 9290/12000]  acc=0.6667  min=0.4000  best=0.8667  reward=10.13
[ 9291/12000]  acc=0.8000  min=0.5333  best=0.8667  reward=10.53
[ 9292/12000]  acc=0.7333  min=0.4000  best=0.8667  reward=10.47
[ 9293/12000]  acc=0.7333  min=0.4667  best=0.8667  reward=10.87
[ 9294/12000]  acc=0.7333  min=0.4000  best=0.8667  reward=10.53
[ 9295/12000]  acc=0.7333  min=0.3333  best=0.8667  reward=10.73
[ 9296/12000]  acc=0.7333  min=0.4667  best=0.8667  reward=10.40
[ 9297/12000]  acc=0.7333  min=0.4667  best=0.8667  reward=10.47
[ 9298/12000]  acc=0.7333  min=0.4000  best=0.8667  reward=10.47
[ 9299/12000]  acc=0.7333  min=0.5333  best=0.8667  reward=10.60
[ 9300/12000]  acc=0.7333  min=0.5333  best=0.8667  reward=10.67 [ckpt]
[ 9301/12000]  acc=0.6667  min=0.6000  best=0.8667  reward=10.53
[ 9302/12000]  acc=0.8000  min=0.4667  best=0.8667  reward=10.60
[ 9303/12000]  acc=0.6667  min=0.5333  best=0.8667  reward=10.07
[ 9304/12000]  acc=0.6667  min=0.4000  best=0.8667  reward=10.00
[ 9305/12000]  acc=0.6667  min=0.3333  best=0.8667  reward=10.07
[ 9306/12000]  acc=0.6667  min=0.3333  best=0.8667  reward=10.20
[ 9307/12000]  acc=0.7333  min=0.5333  best=0.8667  reward=10.47
[ 9308/12000]  acc=0.7333  min=0.4000  best=0.8667  reward=10.13
[ 9309/12000]  acc=0.8000  min=0.4000  best=0.8667  reward=11.27
[ 9310/12000]  acc=0.6667  min=0.5333  best=0.8667  reward=10.00
[ 9311/12000]  acc=0.8000  min=0.5333  best=0.8667  reward=11.00
[ 9312/12000]  acc=0.7333  min=0.4000  best=0.8667  reward=10.53
[ 9313/12000]  acc=0.7333  min=0.4667  best=0.8667  reward=10.00
[ 9314/12000]  acc=0.8000  min=0.5333  best=0.8667  reward=10.73
[ 9315/12000]  acc=0.6667  min=0.4667  best=0.8667  reward=10.07
[ 9316/12000]  acc=0.7333  min=0.5333  best=0.8667  reward=11.13
[ 9317/12000]  acc=0.7333  min=0.4000  best=0.8667  reward=10.40
[ 9318/12000]  acc=0.6667  min=0.4667  best=0.8667  reward=10.07
[ 9319/12000]  acc=0.6667  min=0.4667  best=0.8667  reward=10.53
[ 9320/12000]  acc=0.8000  min=0.4667  best=0.8667  reward=11.00 [ckpt]
[ 9321/12000]  acc=0.7333  min=0.6000  best=0.8667  reward=10.73
[ 9322/12000]  acc=0.8000  min=0.5333  best=0.8667  reward=11.33
[ 9323/12000]  acc=0.7333  min=0.6000  best=0.8667  reward=10.93
[ 9324/12000]  acc=0.7333  min=0.4000  best=0.8667  reward=10.40
[ 9325/12000]  acc=0.8000  min=0.4000  best=0.8667  reward=10.60
[ 9326/12000]  acc=0.8000  min=0.5333  best=0.8667  reward=11.07
[ 9327/12000]  acc=0.8000  min=0.4000  best=0.8667  reward=10.80
[ 9328/12000]  acc=0.8000  min=0.6000  best=0.8667  reward=10.87
[ 9329/12000]  acc=0.8000  min=0.5333  best=0.8667  reward=11.20
[ 9330/12000]  acc=0.7333  min=0.4667  best=0.8667  reward=10.20
[ 9331/12000]  acc=0.7333  min=0.4667  best=0.8667  reward=10.60
[ 9332/12000]  acc=0.8000  min=0.6000  best=0.8667  reward=11.33
[ 9333/12000]  acc=0.8000  min=0.5333  best=0.8667  reward=10.60
[ 9334/12000]  acc=0.6667  min=0.4000  best=0.8667  reward=10.40
[ 9335/12000]  acc=0.6667  min=0.3333  best=0.8667  reward=10.07
[ 9336/12000]  acc=0.7333  min=0.4667  best=0.8667  reward=10.53
[ 9337/12000]  acc=0.6667  min=0.4000  best=0.8667  reward=10.13
[ 9338/12000]  acc=0.7333  min=0.5333  best=0.8667  reward=10.67
[ 9339/12000]  acc=0.8000  min=0.5333  best=0.8667  reward=10.73
[ 9340/12000]  acc=0.8000  min=0.4000  best=0.8667  reward=10.27 [ckpt]
[ 9341/12000]  acc=0.6667  min=0.4667  best=0.8667  reward=9.80
[ 9342/12000]  acc=0.8000  min=0.4667  best=0.8667  reward=10.73
[ 9343/12000]  acc=0.7333  min=0.5333  best=0.8667  reward=10.53
[ 9344/12000]  acc=0.6667  min=0.6000  best=0.8667  reward=10.87
[ 9345/12000]  acc=0.7333  min=0.5333  best=0.8667  reward=10.60
[ 9346/12000]  acc=0.8000  min=0.4000  best=0.8667  reward=10.80
[ 9347/12000]  acc=0.6667  min=0.5333  best=0.8667  reward=9.93
[ 9348/12000]  acc=0.6667  min=0.4667  best=0.8667  reward=10.40
[ 9349/12000]  acc=0.7333  min=0.4000  best=0.8667  reward=10.33
[ 9350/12000]  acc=0.8000  min=0.4667  best=0.8667  reward=11.07
[ 9351/12000]  acc=0.8000  min=0.4667  best=0.8667  reward=11.20
[ 9352/12000]  acc=0.7333  min=0.4000  best=0.8667  reward=10.47
[ 9353/12000]  acc=0.8667  min=0.5333  best=0.8667  reward=11.47
[ 9354/12000]  acc=0.7333  min=0.4667  best=0.8667  reward=10.67
[ 9355/12000]  acc=0.7333  min=0.4667  best=0.8667  reward=10.53
[ 9356/12000]  acc=0.6667  min=0.4667  best=0.8667  reward=9.80
[ 9357/12000]  acc=0.7333  min=0.4000  best=0.8667  reward=11.00
[ 9358/12000]  acc=0.6667  min=0.6000  best=0.8667  reward=9.93
[ 9359/12000]  acc=0.6667  min=0.4000  best=0.8667  reward=9.87
[ 9360/12000]  acc=0.8000  min=0.4000  best=0.8667  reward=11.13 [ckpt]
[ 9361/12000]  acc=0.8000  min=0.4000  best=0.8667  reward=11.20
[ 9362/12000]  acc=0.7333  min=0.4667  best=0.8667  reward=10.80
[ 9363/12000]  acc=0.7333  min=0.4667  best=0.8667  reward=11.07
[ 9364/12000]  acc=0.7333  min=0.4667  best=0.8667  reward=10.73
[ 9365/12000]  acc=0.6667  min=0.4667  best=0.8667  reward=10.20
[ 9366/12000]  acc=0.6667  min=0.5333  best=0.8667  reward=10.40
[ 9367/12000]  acc=0.7333  min=0.4000  best=0.8667  reward=10.67
[ 9368/12000]  acc=0.7333  min=0.5333  best=0.8667  reward=10.80
[ 9369/12000]  acc=0.6667  min=0.4667  best=0.8667  reward=10.07
[ 9370/12000]  acc=0.7333  min=0.4667  best=0.8667  reward=10.40
[ 9371/12000]  acc=0.8000  min=0.5333  best=0.8667  reward=11.53
[ 9372/12000]  acc=0.7333  min=0.3333  best=0.8667  reward=10.33
[ 9373/12000]  acc=0.8000  min=0.4667  best=0.8667  reward=10.60
[ 9374/12000]  acc=0.8000  min=0.4667  best=0.8667  reward=10.20
[ 9375/12000]  acc=0.8000  min=0.5333  best=0.8667  reward=11.07
[ 9376/12000]  acc=0.7333  min=0.5333  best=0.8667  reward=10.67
[ 9377/12000]  acc=0.7333  min=0.4667  best=0.8667  reward=11.07
[ 9378/12000]  acc=0.8000  min=0.3333  best=0.8667  reward=10.60
[ 9379/12000]  acc=0.7333  min=0.4000  best=0.8667  reward=10.53
[ 9380/12000]  acc=0.7333  min=0.4000  best=0.8667  reward=10.13 [ckpt]
[ 9381/12000]  acc=0.7333  min=0.4000  best=0.8667  reward=10.53
[ 9382/12000]  acc=0.6667  min=0.4667  best=0.8667  reward=11.07
[ 9383/12000]  acc=0.7333  min=0.4000  best=0.8667  reward=10.53
[ 9384/12000]  acc=0.7333  min=0.5333  best=0.8667  reward=10.73
[ 9385/12000]  acc=0.6667  min=0.4000  best=0.8667  reward=10.27
[ 9386/12000]  acc=0.6667  min=0.4000  best=0.8667  reward=10.07
[ 9387/12000]  acc=0.6667  min=0.5333  best=0.8667  reward=10.07
[ 9388/12000]  acc=0.6667  min=0.4667  best=0.8667  reward=10.20
[ 9389/12000]  acc=0.7333  min=0.4000  best=0.8667  reward=10.47
[ 9390/12000]  acc=0.7333  min=0.6000  best=0.8667  reward=10.67
[ 9391/12000]  acc=0.8000  min=0.4667  best=0.8667  reward=11.33
[ 9392/12000]  acc=0.7333  min=0.4000  best=0.8667  reward=10.47
[ 9393/12000]  acc=0.6667  min=0.5333  best=0.8667  reward=10.07
[ 9394/12000]  acc=0.7333  min=0.4667  best=0.8667  reward=10.40
[ 9395/12000]  acc=0.8000  min=0.4667  best=0.8667  reward=10.73
[ 9396/12000]  acc=0.8000  min=0.6000  best=0.8667  reward=11.20
[ 9397/12000]  acc=0.8000  min=0.5333  best=0.8667  reward=10.80
[ 9398/12000]  acc=0.7333  min=0.4667  best=0.8667  reward=10.60
[ 9399/12000]  acc=0.6667  min=0.6000  best=0.8667  reward=9.93
[ 9400/12000]  acc=0.7333  min=0.4667  best=0.8667  reward=10.53 [ckpt]
[ 9401/12000]  acc=0.6667  min=0.4667  best=0.8667  reward=10.13
[ 9402/12000]  acc=0.8000  min=0.5333  best=0.8667  reward=10.87
[ 9403/12000]  acc=0.7333  min=0.5333  best=0.8667  reward=10.60
[ 9404/12000]  acc=0.7333  min=0.5333  best=0.8667  reward=10.60
[ 9405/12000]  acc=0.7333  min=0.6000  best=0.8667  reward=10.73
[ 9406/12000]  acc=0.7333  min=0.6000  best=0.8667  reward=10.93
[ 9407/12000]  acc=0.8000  min=0.4667  best=0.8667  reward=10.73
[ 9408/12000]  acc=0.8000  min=0.4000  best=0.8667  reward=10.53
[ 9409/12000]  acc=0.8000  min=0.4667  best=0.8667  reward=11.27
[ 9410/12000]  acc=0.7333  min=0.4000  best=0.8667  reward=10.53
[ 9411/12000]  acc=0.7333  min=0.4667  best=0.8667  reward=10.93
[ 9412/12000]  acc=0.7333  min=0.4667  best=0.8667  reward=10.53
[ 9413/12000]  acc=0.6667  min=0.5333  best=0.8667  reward=10.40
[ 9414/12000]  acc=0.6667  min=0.4667  best=0.8667  reward=10.27
[ 9415/12000]  acc=0.7333  min=0.5333  best=0.8667  reward=10.60
[ 9416/12000]  acc=0.8000  min=0.5333  best=0.8667  reward=10.67
[ 9417/12000]  acc=0.7333  min=0.4667  best=0.8667  reward=10.53
[ 9418/12000]  acc=0.6667  min=0.4667  best=0.8667  reward=10.07
[ 9419/12000]  acc=0.7333  min=0.5333  best=0.8667  reward=10.73
[ 9420/12000]  acc=0.8000  min=0.4000  best=0.8667  reward=10.73 [ckpt]
[ 9421/12000]  acc=0.8000  min=0.4000  best=0.8667  reward=11.47
[ 9422/12000]  acc=0.7333  min=0.6000  best=0.8667  reward=10.73
[ 9423/12000]  acc=0.7333  min=0.5333  best=0.8667  reward=10.60
[ 9424/12000]  acc=0.7333  min=0.5333  best=0.8667  reward=10.53
[ 9425/12000]  acc=0.7333  min=0.4667  best=0.8667  reward=11.00
[ 9426/12000]  acc=0.7333  min=0.4667  best=0.8667  reward=10.67
[ 9427/12000]  acc=0.6667  min=0.5333  best=0.8667  reward=10.00
[ 9428/12000]  acc=0.8000  min=0.4000  best=0.8667  reward=10.53
[ 9429/12000]  acc=0.6667  min=0.4667  best=0.8667  reward=9.87
[ 9430/12000]  acc=0.7333  min=0.5333  best=0.8667  reward=10.47
[ 9431/12000]  acc=0.7333  min=0.6000  best=0.8667  reward=10.53
[ 9432/12000]  acc=0.7333  min=0.4667  best=0.8667  reward=10.53
[ 9433/12000]  acc=0.6667  min=0.4667  best=0.8667  reward=10.13
[ 9434/12000]  acc=0.7333  min=0.4667  best=0.8667  reward=10.73
[ 9435/12000]  acc=0.8000  min=0.2667  best=0.8667  reward=10.67
[ 9436/12000]  acc=0.7333  min=0.4667  best=0.8667  reward=10.47
[ 9437/12000]  acc=0.7333  min=0.4000  best=0.8667  reward=10.40
[ 9438/12000]  acc=0.8000  min=0.4667  best=0.8667  reward=10.33
[ 9439/12000]  acc=0.7333  min=0.6000  best=0.8667  reward=11.20
[ 9440/12000]  acc=0.6667  min=0.4000  best=0.8667  reward=9.93 [ckpt]
[ 9441/12000]  acc=0.7333  min=0.4667  best=0.8667  reward=10.33
[ 9442/12000]  acc=0.6667  min=0.4667  best=0.8667  reward=9.87
[ 9443/12000]  acc=0.6667  min=0.6000  best=0.8667  reward=10.53
[ 9444/12000]  acc=0.8000  min=0.4000  best=0.8667  reward=10.87
[ 9445/12000]  acc=0.7333  min=0.5333  best=0.8667  reward=10.67
[ 9446/12000]  acc=0.7333  min=0.4000  best=0.8667  reward=10.20
[ 9447/12000]  acc=0.8000  min=0.5333  best=0.8667  reward=11.20
[ 9448/12000]  acc=0.7333  min=0.4667  best=0.8667  reward=10.53
[ 9449/12000]  acc=0.7333  min=0.4667  best=0.8667  reward=10.40
[ 9450/12000]  acc=0.8000  min=0.6000  best=0.8667  reward=11.27